ply
format ascii 1.0
element vertex 7798
property float x
property float y
property float z
property float nx
property float ny
property float nz
property uint8 red
property uint8 green
property uint8 blue
end_header
-0.224409 -0.185039 0.137795 -0.0279 0.9342 0.3557 201 152 104
-0.224409 -0.177165 0.129921 -0.8053 0.5130 -0.2972 203 150 98
-0.224409 -0.177165 0.137795 -0.8884 0.3012 0.3464 202 149 98
-0.224409 -0.169291 0.129921 -0.9502 -0.3103 0.0293 201 149 97
-0.224409 -0.169291 0.137795 -0.8639 -0.4184 0.2804 200 148 99
-0.216535 -0.185039 0.129921 0.1314 0.9913 0.0019 202 149 101
-0.216535 -0.185039 0.137795 0.0318 0.9308 0.3641 201 151 104
-0.216535 -0.177165 0.122047 0.0579 0.9186 -0.3908 203 149 98
-0.216535 -0.177165 0.129921 -0.0129 0.9924 0.1227 203 149 98
-0.216535 -0.177165 0.137795 -0.1354 0.8655 0.4822 203 149 98
-0.216535 -0.169291 0.114173 -0.3840 0.5710 -0.7256 202 148 97
-0.216535 -0.169291 0.122047 -0.7538 0.5990 -0.2703 203 147 96
-0.216535 -0.169291 0.129921 -0.9507 0.1299 0.2814 202 147 95
-0.216535 -0.169291 0.137795 -0.8118 -0.1896 0.5522 202 148 97
-0.216535 -0.161417 0.122047 -0.9153 -0.3661 -0.1678 201 145 95
-0.216535 -0.161417 0.129921 -0.7504 -0.6427 0.1545 199 145 95
-0.216535 -0.161417 0.137795 -0.7319 -0.5811 0.3560 200 146 97
-0.216535 -0.153543 0.122047 -0.7793 -0.6264 0.0200 197 144 94
-0.216535 -0.153543 0.129921 -0.6981 -0.6987 0.1568 197 143 95
-0.216535 -0.153543 0.137795 -0.7559 -0.5766 0.3100 196 144 96
-0.208661 -0.177165 0.114173 0.1876 0.9283 -0.3210 203 148 99
-0.208661 -0.177165 0.122047 0.1845 0.9757 -0.1185 203 149 99
-0.208661 -0.177165 0.129921 0.1963 0.9658 0.1691 203 149 98
-0.208661 -0.177165 0.137795 0.0731 0.9126 0.4022 203 148 98
-0.208661 -0.169291 0.114173 -0.0518 0.9576 -0.2833 203 148 97
-0.208661 -0.169291 0.122047 -0.2100 0.9731 0.0949 203 147 97
-0.208661 -0.169291 0.129921 -0.3127 0.7855 0.5341 203 147 96
-0.208661 -0.169291 0.137795 -0.3284 0.5698 0.7533 203 147 97
-0.208661 -0.161417 0.106299 -0.5507 0.2684 -0.7904 202 146 97
-0.208661 -0.161417 0.114173 -0.9122 0.1473 -0.3824 202 146 95
-0.208661 -0.161417 0.122047 -0.9343 -0.3558 0.0223 202 146 95
-0.208661 -0.161417 0.129921 -0.8328 -0.2942 0.4690 202 145 95
-0.208661 -0.161417 0.137795 -0.7327 -0.1943 0.6522 201 145 96
-0.208661 -0.153543 0.106299 -0.8230 -0.2158 -0.5254 200 144 95
-0.208661 -0.153543 0.114173 -0.8466 -0.5048 -0.1684 199 144 94
-0.208661 -0.153543 0.122047 -0.6966 -0.7173 0.0161 201 144 95
-0.208661 -0.153543 0.129921 -0.6794 -0.6339 0.3696 200 143 93
-0.208661 -0.153543 0.137795 -0.7211 -0.4623 0.5161 199 144 96
-0.208661 -0.145669 0.114173 -0.6929 -0.7202 -0.0356 197 142 93
-0.208661 -0.145669 0.122047 -0.6497 -0.7546 0.0915 197 142 93
-0.208661 -0.145669 0.129921 -0.6348 -0.7209 0.2782 197 142 93
-0.208661 -0.145669 0.137795 -0.7020 -0.6294 0.3332 197 142 95
-0.208661 -0.137795 0.129921 -0.6874 -0.6730 0.2730 195 141 91
-0.200787 -0.177165 0.114173 0.2522 0.9545 -0.1591 204 148 98
-0.200787 -0.177165 0.122047 0.2520 0.9676 0.0176 203 149 99
-0.200787 -0.177165 0.129921 0.1890 0.9584 0.2140 203 149 100
-0.200787 -0.177165 0.137795 0.1201 0.8989 0.4214 202 149 100
-0.200787 -0.169291 0.106299 0.1786 0.9099 -0.3745 203 147 97
-0.200787 -0.169291 0.114173 0.2141 0.9494 -0.2296 203 147 96
-0.200787 -0.169291 0.122047 0.1992 0.9733 0.1140 203 147 96
-0.200787 -0.169291 0.129921 0.0753 0.9066 0.4153 204 147 97
-0.200787 -0.169291 0.137795 -0.0403 0.7903 0.6114 203 147 97
-0.200787 -0.161417 0.098425 -0.1469 0.7313 -0.6661 204 144 95
-0.200787 -0.161417 0.106299 -0.0909 0.8647 -0.4940 203 145 95
-0.200787 -0.161417 0.114173 -0.4643 0.8447 -0.2664 203 146 95
-0.200787 -0.161417 0.122047 -0.7046 0.5694 0.4235 202 146 95
-0.200787 -0.161417 0.129921 -0.5511 0.1444 0.8219 203 146 95
-0.200787 -0.161417 0.137795 -0.5426 0.0850 0.8357 202 145 95
-0.200787 -0.153543 0.098425 -0.5992 0.2562 -0.7585 202 142 94
-0.200787 -0.153543 0.106299 -0.7400 -0.0825 -0.6676 202 143 94
-0.200787 -0.153543 0.114173 -0.8573 -0.3357 -0.3904 202 144 94
-0.200787 -0.153543 0.122047 -0.7083 -0.6713 0.2185 202 144 94
-0.200787 -0.153543 0.129921 -0.5883 -0.4755 0.6540 202 144 94
-0.200787 -0.153543 0.137795 -0.6034 -0.3602 0.7114 201 144 94
-0.200787 -0.145669 0.098425 -0.7015 -0.3413 -0.6256 199 141 92
-0.200787 -0.145669 0.106299 -0.7127 -0.6045 -0.3558 200 141 93
-0.200787 -0.145669 0.114173 -0.7255 -0.6878 0.0221 201 142 93
-0.200787 -0.145669 0.122047 -0.6251 -0.7347 0.2635 202 142 93
-0.200787 -0.145669 0.129921 -0.6118 -0.6481 0.4535 200 141 92
-0.200787 -0.145669 0.137795 -0.6410 -0.5528 0.5325 198 142 93
-0.200787 -0.137795 0.106299 -0.6746 -0.7379 0.0219 199 141 92
-0.200787 -0.137795 0.114173 -0.6316 -0.7654 0.1238 198 140 91
-0.200787 -0.137795 0.122047 -0.5772 -0.7748 0.2579 199 140 91
-0.200787 -0.137795 0.129921 -0.5821 -0.7284 0.3614 198 140 92
-0.200787 -0.129921 0.114173 -0.5823 -0.7687 0.2646 197 139 89
-0.200787 -0.129921 0.122047 -0.6453 -0.7057 0.2925 196 140 90
-0.200787 -0.129921 0.129921 -0.6416 -0.6960 0.3223 196 140 92
-0.192913 -0.177165 0.114173 0.2253 0.9702 -0.0889 203 149 100
-0.192913 -0.177165 0.122047 0.2016 0.9760 0.0824 202 150 100
-0.192913 -0.177165 0.129921 0.1888 0.9506 0.2466 202 150 101
-0.192913 -0.169291 0.098425 0.2525 0.9062 -0.3391 204 147 97
-0.192913 -0.169291 0.106299 0.2940 0.9145 -0.2778 204 146 96
-0.192913 -0.169291 0.114173 0.3087 0.9483 -0.0739 203 147 95
-0.192913 -0.169291 0.122047 0.2722 0.9455 0.1786 204 147 95
-0.192913 -0.169291 0.129921 0.2173 0.9112 0.3501 204 147 96
-0.192913 -0.169291 0.137795 0.1117 0.8066 0.5805 202 148 98
-0.192913 -0.161417 0.090551 0.0352 0.8570 -0.5141 202 145 94
-0.192913 -0.161417 0.098425 0.1534 0.8545 -0.4962 204 144 94
-0.192913 -0.161417 0.106299 0.1793 0.9287 -0.3247 204 145 94
-0.192913 -0.161417 0.114173 0.1217 0.9869 -0.1058 204 145 94
-0.192913 -0.161417 0.122047 0.0180 0.9605 0.2776 203 146 94
-0.192913 -0.161417 0.129921 0.0225 0.7797 0.6257 204 146 94
-0.192913 -0.161417 0.137795 -0.1313 0.5466 0.8270 203 147 96
-0.192913 -0.153543 0.082677 -0.1391 0.5224 -0.8413 201 144 93
-0.192913 -0.153543 0.090551 -0.2428 0.6252 -0.7417 203 142 92
-0.192913 -0.153543 0.098425 -0.1784 0.5844 -0.7916 203 143 93
-0.192913 -0.153543 0.106299 -0.3171 0.7945 -0.5179 203 144 93
-0.192913 -0.153543 0.114173 -0.8887 0.4583 -0.0126 203 144 93
-0.192913 -0.153543 0.122047 -0.6445 0.0455 0.7632 203 144 93
-0.192913 -0.153543 0.129921 -0.5028 -0.1512 0.8511 202 143 92
-0.192913 -0.153543 0.137795 -0.4845 -0.0876 0.8704 203 145 94
-0.192913 -0.145669 0.082677 -0.4304 0.2302 -0.8728 200 141 92
-0.192913 -0.145669 0.090551 -0.4655 0.1141 -0.8777 200 141 91
-0.192913 -0.145669 0.098425 -0.5396 -0.2706 -0.7972 202 142 92
-0.192913 -0.145669 0.106299 -0.7603 -0.4456 -0.4726 201 142 92
-0.192913 -0.145669 0.114173 -0.7175 -0.6805 0.1489 202 143 93
-0.192913 -0.145669 0.122047 -0.5294 -0.6935 0.4887 202 142 92
-0.192913 -0.145669 0.129921 -0.5316 -0.5551 0.6397 201 142 91
-0.192913 -0.145669 0.137795 -0.5840 -0.3945 0.7095 202 144 94
-0.192913 -0.137795 0.090551 -0.5803 -0.4327 -0.6900 199 140 89
-0.192913 -0.137795 0.098425 -0.6201 -0.6390 -0.4552 200 140 90
-0.192913 -0.137795 0.106299 -0.7128 -0.6998 0.0465 201 140 90
-0.192913 -0.137795 0.114173 -0.6547 -0.7108 0.2571 202 140 91
-0.192913 -0.137795 0.122047 -0.5952 -0.6916 0.4091 201 140 90
-0.192913 -0.137795 0.129921 -0.6009 -0.6507 0.4642 202 142 93
-0.192913 -0.129921 0.098425 -0.6351 -0.7721 0.0236 199 139 89
-0.192913 -0.129921 0.106299 -0.6347 -0.7588 0.1463 199 139 89
-0.192913 -0.129921 0.114173 -0.5459 -0.7882 0.2843 200 139 89
-0.192913 -0.129921 0.122047 -0.5684 -0.7571 0.3221 199 138 89
-0.192913 -0.129921 0.129921 -0.5961 -0.7130 0.3691 198 140 91
-0.192913 -0.122047 0.114173 -0.5869 -0.7645 0.2666 197 138 88
-0.192913 -0.122047 0.122047 -0.6120 -0.7344 0.2935 195 138 89
-0.185039 -0.169291 0.098425 0.2795 0.9328 -0.2274 204 148 96
-0.185039 -0.169291 0.106299 0.3406 0.9212 -0.1883 203 147 95
-0.185039 -0.169291 0.114173 0.3345 0.9424 -0.0073 204 148 95
-0.185039 -0.169291 0.122047 0.2768 0.9344 0.2242 203 148 95
-0.185039 -0.169291 0.129921 0.2151 0.9064 0.3635 204 147 97
-0.185039 -0.169291 0.137795 0.1288 0.8315 0.5403 203 149 101
-0.185039 -0.161417 0.090551 0.1976 0.8852 -0.4212 203 145 94
-0.185039 -0.161417 0.098425 0.2985 0.9025 -0.3104 203 145 93
-0.185039 -0.161417 0.106299 0.3180 0.9278 -0.1948 204 145 93
-0.185039 -0.161417 0.114173 0.2648 0.9635 -0.0388 204 145 93
-0.185039 -0.161417 0.122047 0.2149 0.8991 0.3813 204 145 93
-0.185039 -0.161417 0.129921 0.1855 0.8146 0.5496 204 145 93
-0.185039 -0.161417 0.137795 0.0516 0.7250 0.6868 204 147 96
-0.185039 -0.153543 0.082677 -0.0041 0.7610 -0.6487 203 143 92
-0.185039 -0.153543 0.090551 0.0611 0.7968 -0.6012 203 143 91
-0.185039 -0.153543 0.098425 0.1088 0.8449 -0.5237 203 143 91
-0.185039 -0.153543 0.106299 0.0861 0.9647 -0.2489 203 143 92
-0.185039 -0.153543 0.114173 -0.0011 0.9942 0.1079 204 144 92
-0.185039 -0.153543 0.122047 -0.0654 0.7087 0.7025 204 143 91
-0.185039 -0.153543 0.129921 -0.2663 0.3471 0.8992 204 144 92
-0.185039 -0.153543 0.137795 -0.2497 0.2917 0.9233 204 146 94
-0.185039 -0.145669 0.074803 -0.3461 0.4876 -0.8015 201 140 89
-0.185039 -0.145669 0.082677 -0.2971 0.3670 -0.8815 202 140 90
-0.185039 -0.145669 0.090551 -0.2195 0.3084 -0.9256 202 141 90
-0.185039 -0.145669 0.098425 -0.2423 0.4059 -0.8812 203 142 90
-0.185039 -0.145669 0.106299 -0.7528 0.6348 -0.1741 202 142 91
-0.185039 -0.145669 0.114173 -0.6861 -0.2799 0.6715 202 143 92
-0.185039 -0.145669 0.122047 -0.4479 -0.3940 0.8026 203 142 91
-0.185039 -0.145669 0.129921 -0.4392 -0.3735 0.8171 203 143 91
-0.185039 -0.137795 0.074803 -0.3767 0.2016 -0.9042 201 138 88
-0.185039 -0.137795 0.082677 -0.4290 -0.0615 -0.9012 201 140 88
-0.185039 -0.137795 0.090551 -0.5093 -0.2338 -0.8282 202 140 89
-0.185039 -0.137795 0.098425 -0.7225 -0.5245 -0.4505 202 140 89
-0.185039 -0.137795 0.106299 -0.7617 -0.6464 0.0450 202 141 90
-0.185039 -0.137795 0.114173 -0.5573 -0.7146 0.4229 202 141 90
-0.185039 -0.137795 0.122047 -0.5158 -0.6356 0.5745 202 141 90
-0.185039 -0.137795 0.129921 -0.5522 -0.5821 0.5969 202 141 91
-0.185039 -0.129921 0.074803 -0.5398 -0.1722 -0.8240 199 139 88
-0.185039 -0.129921 0.082677 -0.5653 -0.5237 -0.6373 200 139 87
-0.185039 -0.129921 0.090551 -0.6261 -0.6891 -0.3650 201 139 88
-0.185039 -0.129921 0.098425 -0.6316 -0.7717 -0.0752 201 139 89
-0.185039 -0.129921 0.106299 -0.6194 -0.7810 0.0803 201 139 89
-0.185039 -0.129921 0.114173 -0.5596 -0.7497 0.3533 202 139 90
-0.185039 -0.129921 0.122047 -0.5429 -0.7022 0.4606 202 139 89
-0.185039 -0.129921 0.129921 -0.5779 -0.6716 0.4636 200 140 90
-0.185039 -0.122047 0.090551 -0.6835 -0.7294 -0.0274 200 138 87
-0.185039 -0.122047 0.098425 -0.6304 -0.7750 0.0446 199 137 87
-0.185039 -0.122047 0.106299 -0.5295 -0.8202 0.2164 201 137 87
-0.185039 -0.122047 0.114173 -0.5032 -0.7916 0.3467 198 137 88
-0.185039 -0.122047 0.122047 -0.5541 -0.7353 0.3903 198 138 88
-0.185039 -0.114173 0.106299 -0.5754 -0.7936 0.1977 198 137 86
-0.185039 -0.114173 0.114173 -0.5874 -0.7608 0.2758 198 137 84
-0.185039 -0.114173 0.122047 -0.5829 -0.7384 0.3391 197 137 87
-0.177165 -0.169291 0.106299 0.3106 0.9497 -0.0408 203 150 98
-0.177165 -0.169291 0.114173 0.3245 0.9424 0.0815 203 150 98
-0.177165 -0.169291 0.122047 0.2532 0.9247 0.2842 202 150 99
-0.177165 -0.169291 0.129921 0.2073 0.8776 0.4324 203 150 102
-0.177165 -0.169291 0.137795 0.0809 0.8176 0.5701 202 152 104
-0.177165 -0.161417 0.090551 0.3171 0.8875 -0.3343 203 145 93
-0.177165 -0.161417 0.098425 0.3641 0.8948 -0.2585 204 145 93
-0.177165 -0.161417 0.106299 0.3487 0.9368 -0.0288 205 146 92
-0.177165 -0.161417 0.114173 0.3286 0.9387 0.1046 205 145 93
-0.177165 -0.161417 0.122047 0.2968 0.9006 0.3174 204 145 92
-0.177165 -0.161417 0.129921 0.1930 0.8399 0.5072 205 146 93
-0.177165 -0.161417 0.137795 0.1067 0.8001 0.5903 203 147 96
-0.177165 -0.153543 0.082677 0.1894 0.8315 -0.5222 203 142 91
-0.177165 -0.153543 0.090551 0.2528 0.8631 -0.4373 204 143 90
-0.177165 -0.153543 0.098425 0.2966 0.9107 -0.2875 204 143 90
-0.177165 -0.153543 0.106299 0.3009 0.9534 0.0228 204 143 90
-0.177165 -0.153543 0.114173 0.2960 0.9309 0.2140 204 143 90
-0.177165 -0.153543 0.122047 0.2329 0.7807 0.5798 205 144 91
-0.177165 -0.153543 0.129921 0.0777 0.6263 0.7757 205 144 91
-0.177165 -0.153543 0.137795 -0.0179 0.5943 0.8041 204 145 93
-0.177165 -0.145669 0.074803 -0.0479 0.6829 -0.7289 202 140 89
-0.177165 -0.145669 0.082677 0.0197 0.6829 -0.7303 202 141 88
-0.177165 -0.145669 0.090551 0.1309 0.7763 -0.6166 203 142 89
-0.177165 -0.145669 0.098425 0.0373 0.9104 -0.4120 203 141 89
-0.177165 -0.145669 0.106299 -0.1310 0.9854 0.1083 204 141 89
-0.177165 -0.145669 0.114173 -0.2800 0.4833 0.8295 204 142 90
-0.177165 -0.145669 0.122047 -0.1880 0.1838 0.9648 205 142 90
-0.177165 -0.145669 0.129921 -0.2786 0.0883 0.9563 205 143 90
-0.177165 -0.137795 0.066929 -0.3347 0.3653 -0.8686 201 138 86
-0.177165 -0.137795 0.074803 -0.2446 0.2816 -0.9278 202 139 87
-0.177165 -0.137795 0.082677 -0.2221 0.2369 -0.9458 203 139 87
-0.177165 -0.137795 0.090551 -0.3431 0.2166 -0.9140 203 140 88
-0.177165 -0.137795 0.098425 -0.9315 -0.2323 -0.2799 203 140 88
-0.177165 -0.137795 0.106299 -0.8000 -0.3902 0.4558 203 141 88
-0.177165 -0.137795 0.114173 -0.4878 -0.5201 0.7011 204 141 89
-0.177165 -0.137795 0.122047 -0.4740 -0.4642 0.7482 204 141 90
-0.177165 -0.137795 0.129921 -0.4808 -0.4110 0.7745 203 142 89
-0.177165 -0.129921 0.059055 -0.5550 0.2061 -0.8059 199 139 87
-0.177165 -0.129921 0.066929 -0.4226 0.1385 -0.8957 200 136 86
-0.177165 -0.129921 0.074803 -0.3729 -0.1442 -0.9166 201 138 87
-0.177165 -0.129921 0.082677 -0.5984 -0.4620 -0.6546 202 138 86
-0.177165 -0.129921 0.090551 -0.7081 -0.5044 -0.4942 203 139 87
-0.177165 -0.129921 0.098425 -0.7518 -0.6584 -0.0351 202 139 87
-0.177165 -0.129921 0.106299 -0.6318 -0.7591 0.1566 202 139 87
-0.177165 -0.129921 0.114173 -0.4912 -0.7550 0.4343 203 140 88
-0.177165 -0.129921 0.122047 -0.5263 -0.6351 0.5654 202 140 88
-0.177165 -0.129921 0.129921 -0.5296 -0.6013 0.5983 203 141 89
-0.177165 -0.122047 0.074803 -0.4956 -0.3990 -0.7714 199 136 85
-0.177165 -0.122047 0.082677 -0.6383 -0.6448 -0.4206 199 138 85
-0.177165 -0.122047 0.090551 -0.6372 -0.7580 -0.1394 201 137 86
-0.177165 -0.122047 0.098425 -0.6037 -0.7953 0.0561 202 138 87
-0.177165 -0.122047 0.106299 -0.5358 -0.8154 0.2191 203 138 87
-0.177165 -0.122047 0.114173 -0.5251 -0.7374 0.4250 203 138 86
-0.177165 -0.122047 0.122047 -0.5347 -0.6905 0.4872 201 139 87
-0.177165 -0.114173 0.082677 -0.6557 -0.7548 -0.0184 200 137 85
-0.177165 -0.114173 0.090551 -0.6256 -0.7792 0.0381 201 137 84
-0.177165 -0.114173 0.098425 -0.5604 -0.8184 0.1269 202 137 85
-0.177165 -0.114173 0.106299 -0.5291 -0.8082 0.2585 200 136 85
-0.177165 -0.114173 0.114173 -0.5308 -0.7481 0.3983 200 136 86
-0.177165 -0.114173 0.122047 -0.5673 -0.7135 0.4112 200 137 86
-0.177165 -0.106299 0.106299 -0.5909 -0.7713 0.2365 199 135 83
-0.177165 -0.106299 0.114173 -0.5633 -0.7600 0.3242 197 136 84
-0.169291 -0.169291 0.106299 0.3517 0.9360 -0.0118 202 152 101
-0.169291 -0.169291 0.114173 0.2459 0.9478 0.2028 203 152 101
-0.169291 -0.161417 0.090551 0.3455 0.9101 -0.2288 204 147 94
-0.169291 -0.161417 0.098425 0.3643 0.9188 -0.1516 204 146 91
-0.169291 -0.161417 0.106299 0.3613 0.9324 -0.0129 203 146 92
-0.169291 -0.161417 0.114173 0.3116 0.9290 0.1996 204 148 94
-0.169291 -0.161417 0.122047 0.2795 0.9051 0.3203 203 148 94
-0.169291 -0.161417 0.129921 0.1900 0.8455 0.4991 204 148 95
-0.169291 -0.161417 0.137795 0.1087 0.8010 0.5887 202 149 99
-0.169291 -0.153543 0.082677 0.2663 0.8561 -0.4429 203 143 90
-0.169291 -0.153543 0.090551 0.3551 0.8879 -0.2923 204 143 89
-0.169291 -0.153543 0.098425 0.3843 0.9136 -0.1331 205 143 90
-0.169291 -0.153543 0.106299 0.3822 0.9215 0.0697 205 143 90
-0.169291 -0.153543 0.114173 0.3512 0.8809 0.3173 205 144 90
-0.169291 -0.153543 0.122047 0.2912 0.8255 0.4834 205 144 91
-0.169291 -0.153543 0.129921 0.1086 0.7594 0.6415 205 144 90
-0.169291 -0.153543 0.137795 0.0134 0.7104 0.7036 203 146 93
-0.169291 -0.145669 0.074803 0.1352 0.8047 -0.5780 202 140 88
-0.169291 -0.145669 0.082677 0.1893 0.7985 -0.5715 203 141 87
-0.169291 -0.145669 0.090551 0.2775 0.8496 -0.4485 204 142 88
-0.169291 -0.145669 0.098425 0.3368 0.9314 -0.1381 204 141 88
-0.169291 -0.145669 0.106299 0.2781 0.9454 0.1697 204 142 88
-0.169291 -0.145669 0.114173 0.2477 0.8098 0.5318 205 142 89
-0.169291 -0.145669 0.122047 0.1429 0.5695 0.8095 205 142 88
-0.169291 -0.145669 0.129921 -0.0403 0.4194 0.9069 205 143 89
-0.169291 -0.137795 0.066929 -0.1311 0.5715 -0.8101 201 138 87
-0.169291 -0.137795 0.074803 -0.0204 0.5900 -0.8071 202 139 86
-0.169291 -0.137795 0.082677 0.0870 0.6528 -0.7526 203 140 86
-0.169291 -0.137795 0.090551 0.0151 0.7034 -0.7107 204 140 87
-0.169291 -0.137795 0.098425 -0.4905 0.8647 -0.1082 204 140 86
-0.169291 -0.137795 0.106299 -0.4956 0.0873 0.8641 205 141 87
-0.169291 -0.137795 0.114173 -0.2263 -0.2092 0.9513 206 141 87
-0.169291 -0.137795 0.122047 -0.3439 -0.1630 0.9248 205 141 87
-0.169291 -0.137795 0.129921 -0.3992 -0.1076 0.9105 204 141 87
-0.169291 -0.129921 0.059055 -0.5139 0.3331 -0.7905 201 138 87
-0.169291 -0.129921 0.066929 -0.3147 0.2394 -0.9185 201 137 86
-0.169291 -0.129921 0.074803 -0.2311 0.1770 -0.9567 202 137 86
-0.169291 -0.129921 0.082677 -0.4256 0.0241 -0.9046 203 138 85
-0.169291 -0.129921 0.090551 -0.6885 -0.4803 -0.5434 203 138 86
-0.169291 -0.129921 0.098425 -0.7012 -0.7124 0.0284 203 139 86
-0.169291 -0.129921 0.106299 -0.5015 -0.7017 0.5061 204 140 87
-0.169291 -0.129921 0.114173 -0.4115 -0.6083 0.6787 205 140 86
-0.169291 -0.129921 0.122047 -0.4732 -0.5197 0.7114 203 140 87
-0.169291 -0.129921 0.129921 -0.4781 -0.4480 0.7555 203 141 88
-0.169291 -0.122047 0.059055 -0.4385 -0.0350 -0.8981 200 136 84
-0.169291 -0.122047 0.066929 -0.4085 -0.1289 -0.9036 201 135 84
-0.169291 -0.122047 0.074803 -0.5148 -0.3645 -0.7760 201 136 84
-0.169291 -0.122047 0.082677 -0.6946 -0.5718 -0.4365 202 136 85
-0.169291 -0.122047 0.090551 -0.6966 -0.7036 -0.1404 203 137 84
-0.169291 -0.122047 0.098425 -0.6066 -0.7892 0.0956 204 139 86
-0.169291 -0.122047 0.106299 -0.5150 -0.8086 0.2844 204 139 86
-0.169291 -0.122047 0.114173 -0.4460 -0.7568 0.4777 203 140 86
-0.169291 -0.122047 0.122047 -0.5234 -0.6707 0.5255 202 139 86
-0.169291 -0.114173 0.059055 -0.5852 -0.3168 -0.7464 199 137 83
-0.169291 -0.114173 0.066929 -0.6120 -0.5660 -0.5524 199 136 82
-0.169291 -0.114173 0.074803 -0.6117 -0.6392 -0.4661 201 136 83
-0.169291 -0.114173 0.082677 -0.6141 -0.7606 -0.2104 201 136 84
-0.169291 -0.114173 0.090551 -0.5795 -0.8130 -0.0560 202 136 84
-0.169291 -0.114173 0.098425 -0.5403 -0.8233 0.1738 204 138 85
-0.169291 -0.114173 0.106299 -0.5325 -0.7785 0.3323 204 137 84
-0.169291 -0.114173 0.114173 -0.4928 -0.7101 0.5029 203 138 84
-0.169291 -0.114173 0.122047 -0.4871 -0.7185 0.4964 201 139 86
-0.169291 -0.106299 0.082677 -0.6167 -0.7867 -0.0279 201 136 83
-0.169291 -0.106299 0.090551 -0.5744 -0.8150 0.0759 201 136 83
-0.169291 -0.106299 0.098425 -0.5488 -0.7997 0.2435 202 135 83
-0.169291 -0.106299 0.106299 -0.5282 -0.7755 0.3458 202 136 83
-0.169291 -0.106299 0.114173 -0.5400 -0.7203 0.4354 201 136 84
-0.169291 -0.098425 0.098425 -0.5896 -0.7756 0.2255 200 136 81
-0.169291 -0.098425 0.106299 -0.6047 -0.7438 0.2847 199 136 83
-0.169291 -0.098425 0.114173 -0.5931 -0.7385 0.3207 199 136 84
-0.161417 -0.161417 0.090551 0.3456 0.9243 -0.1621 203 149 97
-0.161417 -0.161417 0.098425 0.3255 0.9430 -0.0693 203 149 94
-0.161417 -0.161417 0.106299 0.3391 0.9385 0.0647 203 149 92
-0.161417 -0.161417 0.114173 0.2928 0.9150 0.2775 202 150 95
-0.161417 -0.161417 0.122047 0.2141 0.9029 0.3727 201 150 97
-0.161417 -0.153543 0.082677 0.3646 0.8669 -0.3398 203 144 90
-0.161417 -0.153543 0.090551 0.4143 0.8928 -0.1768 205 144 91
-0.161417 -0.153543 0.098425 0.3882 0.9216 -0.0085 205 144 91
-0.161417 -0.153543 0.106299 0.3531 0.9238 0.1480 205 144 89
-0.161417 -0.153543 0.114173 0.3138 0.9009 0.3000 204 145 90
-0.161417 -0.153543 0.122047 0.2370 0.8530 0.4649 204 146 91
-0.161417 -0.153543 0.129921 0.1526 0.7979 0.5831 203 146 91
-0.161417 -0.153543 0.137795 0.0576 0.7851 0.6167 203 147 94
-0.161417 -0.145669 0.074803 0.2577 0.8435 -0.4713 203 141 87
-0.161417 -0.145669 0.082677 0.3283 0.8493 -0.4134 204 141 87
-0.161417 -0.145669 0.090551 0.3848 0.8914 -0.2392 204 141 86
-0.161417 -0.145669 0.098425 0.3629 0.9313 -0.0318 205 141 87
-0.161417 -0.145669 0.106299 0.3873 0.8969 0.2135 205 142 88
-0.161417 -0.145669 0.114173 0.3415 0.8357 0.4301 206 143 88
-0.161417 -0.145669 0.122047 0.2400 0.6960 0.6767 206 143 88
-0.161417 -0.145669 0.129921 0.1020 0.6240 0.7747 205 143 88
-0.161417 -0.137795 0.066929 0.0930 0.7383 -0.6680 202 138 86
-0.161417 -0.137795 0.074803 0.1462 0.7324 -0.6650 202 139 86
-0.161417 -0.137795 0.082677 0.2705 0.8098 -0.5206 204 139 85
-0.161417 -0.137795 0.090551 0.2591 0.8942 -0.3650 205 140 86
-0.161417 -0.137795 0.098425 0.2031 0.9778 0.0514 206 141 86
-0.161417 -0.137795 0.106299 0.2178 0.8208 0.5280 206 140 86
-0.161417 -0.137795 0.114173 0.1088 0.3860 0.9161 206 141 86
-0.161417 -0.137795 0.122047 -0.0713 0.2803 0.9573 206 141 86
-0.161417 -0.137795 0.129921 -0.2761 0.2086 0.9382 204 141 87
-0.161417 -0.129921 0.059055 -0.1897 0.5460 -0.8160 201 137 83
-0.161417 -0.129921 0.066929 -0.1246 0.4886 -0.8636 202 137 85
-0.161417 -0.129921 0.074803 -0.0001 0.5062 -0.8624 203 137 85
-0.161417 -0.129921 0.082677 0.0320 0.6499 -0.7593 204 138 84
-0.161417 -0.129921 0.090551 -0.2427 0.8182 -0.5211 205 138 85
-0.161417 -0.129921 0.098425 -0.7818 0.0878 0.6173 205 139 85
-0.161417 -0.129921 0.106299 -0.3764 -0.2781 0.8837 205 140 85
-0.161417 -0.129921 0.114173 -0.2589 -0.4162 0.8717 206 140 85
-0.161417 -0.129921 0.122047 -0.3379 -0.2941 0.8941 205 140 84
-0.161417 -0.122047 0.051181 -0.3692 0.2578 -0.8929 199 135 84
-0.161417 -0.122047 0.059055 -0.2846 0.1651 -0.9443 200 135 84
-0.161417 -0.122047 0.066929 -0.3473 0.1367 -0.9277 202 136 83
-0.161417 -0.122047 0.074803 -0.5410 -0.0891 -0.8363 203 136 83
-0.161417 -0.122047 0.082677 -0.6909 -0.3615 -0.6261 202 136 82
-0.161417 -0.122047 0.090551 -0.7166 -0.6864 -0.1237 204 138 84
-0.161417 -0.122047 0.098425 -0.5947 -0.7754 0.2124 204 138 83
-0.161417 -0.122047 0.106299 -0.4693 -0.7185 0.5133 205 138 84
-0.161417 -0.122047 0.114173 -0.3991 -0.6105 0.6841 205 139 84
-0.161417 -0.122047 0.122047 -0.4451 -0.5520 0.7051 204 139 85
-0.161417 -0.114173 0.051181 -0.4137 -0.0709 -0.9076 199 134 81
-0.161417 -0.114173 0.059055 -0.4639 -0.1800 -0.8674 200 135 82
-0.161417 -0.114173 0.066929 -0.4781 -0.4934 -0.7267 201 136 82
-0.161417 -0.114173 0.074803 -0.6364 -0.5705 -0.5191 203 135 82
-0.161417 -0.114173 0.082677 -0.6799 -0.7188 -0.1452 205 137 83
-0.161417 -0.114173 0.090551 -0.6413 -0.7656 0.0506 204 137 83
-0.161417 -0.114173 0.098425 -0.5117 -0.8191 0.2591 205 138 83
-0.161417 -0.114173 0.106299 -0.4774 -0.7507 0.4566 205 138 83
-0.161417 -0.114173 0.114173 -0.4772 -0.7109 0.5167 204 138 83
-0.161417 -0.106299 0.051181 -0.6343 -0.2989 -0.7129 199 135 82
-0.161417 -0.106299 0.059055 -0.6809 -0.3906 -0.6196 200 135 81
-0.161417 -0.106299 0.066929 -0.6105 -0.6887 -0.3912 200 135 81
-0.161417 -0.106299 0.074803 -0.6227 -0.7557 -0.2029 202 134 81
-0.161417 -0.106299 0.082677 -0.5783 -0.8155 0.0223 202 136 82
-0.161417 -0.106299 0.090551 -0.5862 -0.8025 0.1110 204 136 82
-0.161417 -0.106299 0.098425 -0.5296 -0.8106 0.2499 204 136 82
-0.161417 -0.106299 0.106299 -0.4882 -0.7410 0.4610 204 137 82
-0.161417 -0.106299 0.114173 -0.4656 -0.7452 0.4774 204 138 83
-0.161417 -0.098425 0.066929 -0.5910 -0.8046 -0.0575 202 137 83
-0.161417 -0.098425 0.074803 -0.5873 -0.8087 0.0324 202 136 82
-0.161417 -0.098425 0.082677 -0.6013 -0.7973 0.0526 203 134 80
-0.161417 -0.098425 0.090551 -0.5679 -0.8031 0.1801 203 135 81
-0.161417 -0.098425 0.098425 -0.5261 -0.7823 0.3334 202 135 83
-0.161417 -0.098425 0.106299 -0.5187 -0.7634 0.3850 202 136 81
-0.161417 -0.098425 0.114173 -0.4974 -0.7669 0.4056 203 136 81
-0.161417 -0.090551 0.090551 -0.5472 -0.8059 0.2259 201 137 82
-0.161417 -0.090551 0.098425 -0.5934 -0.7525 0.2855 201 136 82
-0.161417 -0.090551 0.106299 -0.5905 -0.7586 0.2753 200 135 83
-0.153543 -0.153543 0.074803 0.3804 0.8923 -0.2430 203 146 94
-0.153543 -0.153543 0.082677 0.3600 0.9000 -0.2458 204 146 91
-0.153543 -0.153543 0.090551 0.3929 0.9121 -0.1171 204 145 89
-0.153543 -0.153543 0.098425 0.3609 0.9324 0.0179 204 147 90
-0.153543 -0.153543 0.106299 0.2880 0.9436 0.1632 204 146 92
-0.153543 -0.153543 0.114173 0.2909 0.9102 0.2947 203 146 91
-0.153543 -0.153543 0.122047 0.1998 0.8440 0.4977 203 147 92
-0.153543 -0.153543 0.129921 0.0893 0.7874 0.6099 202 148 95
-0.153543 -0.145669 0.066929 0.2921 0.8695 -0.3984 203 141 88
-0.153543 -0.145669 0.074803 0.3132 0.8711 -0.3782 203 141 87
-0.153543 -0.145669 0.082677 0.4121 0.8806 -0.2339 204 140 87
-0.153543 -0.145669 0.090551 0.4368 0.8951 -0.0891 205 142 87
-0.153543 -0.145669 0.098425 0.4188 0.9034 0.0920 206 142 87
-0.153543 -0.145669 0.106299 0.3700 0.8990 0.2342 206 142 88
-0.153543 -0.145669 0.114173 0.3191 0.8317 0.4543 206 143 87
-0.153543 -0.145669 0.122047 0.2132 0.7633 0.6099 204 144 87
-0.153543 -0.145669 0.129921 0.0701 0.7138 0.6968 204 144 88
-0.153543 -0.137795 0.066929 0.1828 0.8043 -0.5655 203 139 84
-0.153543 -0.137795 0.074803 0.3035 0.8065 -0.5074 203 139 84
-0.153543 -0.137795 0.082677 0.4004 0.8656 -0.3008 205 139 85
-0.153543 -0.137795 0.090551 0.3720 0.9129 -0.1681 206 140 84
-0.153543 -0.137795 0.098425 0.3457 0.9295 0.1282 205 141 85
-0.153543 -0.137795 0.106299 0.3106 0.8393 0.4462 206 141 85
-0.153543 -0.137795 0.114173 0.2878 0.6513 0.7021 207 141 85
-0.153543 -0.137795 0.122047 0.1133 0.5502 0.8273 206 141 85
-0.153543 -0.137795 0.129921 -0.0551 0.5512 0.8325 205 142 87
-0.153543 -0.129921 0.059055 0.0016 0.6842 -0.7293 201 137 84
-0.153543 -0.129921 0.066929 0.0500 0.6590 -0.7505 203 137 84
-0.153543 -0.129921 0.074803 0.2168 0.7500 -0.6249 203 136 84
-0.153543 -0.129921 0.082677 0.2821 0.8548 -0.4357 205 138 83
-0.153543 -0.129921 0.090551 0.2349 0.9710 -0.0449 205 138 83
-0.153543 -0.129921 0.098425 0.1156 0.7818 0.6127 206 139 84
-0.153543 -0.129921 0.106299 0.0576 0.3519 0.9343 206 139 84
-0.153543 -0.129921 0.114173 -0.0787 0.0665 0.9947 206 139 83
-0.153543 -0.129921 0.122047 -0.1991 0.0998 0.9749 205 140 83
-0.153543 -0.122047 0.051181 -0.1665 0.3796 -0.9100 200 135 82
-0.153543 -0.122047 0.059055 -0.2088 0.4516 -0.8674 202 135 83
-0.153543 -0.122047 0.066929 -0.1029 0.3894 -0.9153 203 136 82
-0.153543 -0.122047 0.074803 -0.1218 0.4825 -0.8674 203 136 82
-0.153543 -0.122047 0.082677 -0.3717 0.3936 -0.8408 204 137 83
-0.153543 -0.122047 0.090551 -0.9743 -0.0466 0.2204 206 137 83
-0.153543 -0.122047 0.098425 -0.4841 -0.4158 0.7699 206 138 83
-0.153543 -0.122047 0.106299 -0.3221 -0.4764 0.8181 206 138 83
-0.153543 -0.122047 0.114173 -0.3449 -0.4202 0.8393 206 139 82
-0.153543 -0.122047 0.122047 -0.3839 -0.3485 0.8551 205 139 81
-0.153543 -0.114173 0.043307 -0.3975 0.1863 -0.8985 199 135 82
-0.153543 -0.114173 0.051181 -0.3666 0.1488 -0.9184 201 134 81
-0.153543 -0.114173 0.059055 -0.4123 0.1354 -0.9009 202 135 81
-0.153543 -0.114173 0.066929 -0.4184 -0.0965 -0.9031 202 134 80
-0.153543 -0.114173 0.074803 -0.6550 -0.3270 -0.6812 203 135 81
-0.153543 -0.114173 0.082677 -0.7112 -0.6509 -0.2656 205 137 82
-0.153543 -0.114173 0.090551 -0.5801 -0.7982 0.1623 205 137 81
-0.153543 -0.114173 0.098425 -0.5074 -0.7719 0.3831 206 137 82
-0.153543 -0.114173 0.106299 -0.4611 -0.6641 0.5886 205 137 81
-0.153543 -0.114173 0.114173 -0.4502 -0.6342 0.6285 204 137 82
-0.153543 -0.114173 0.122047 -0.4068 -0.6117 0.6785 205 139 83
-0.153543 -0.106299 0.043307 -0.5884 -0.0888 -0.8037 198 134 82
-0.153543 -0.106299 0.051181 -0.5095 -0.1369 -0.8495 199 134 82
-0.153543 -0.106299 0.059055 -0.5639 -0.4661 -0.6817 200 134 81
-0.153543 -0.106299 0.066929 -0.5541 -0.6092 -0.5673 203 135 81
-0.153543 -0.106299 0.074803 -0.6282 -0.7048 -0.3296 205 136 81
-0.153543 -0.106299 0.082677 -0.5981 -0.8013 -0.0162 205 136 81
-0.153543 -0.106299 0.090551 -0.5576 -0.8079 0.1908 205 137 81
-0.153543 -0.106299 0.098425 -0.4827 -0.7999 0.3565 205 137 81
-0.153543 -0.106299 0.106299 -0.4854 -0.7043 0.5180 205 137 81
-0.153543 -0.106299 0.114173 -0.4500 -0.6940 0.5620 204 137 82
-0.153543 -0.098425 0.051181 -0.6722 -0.3247 -0.6654 201 135 80
-0.153543 -0.098425 0.059055 -0.6599 -0.6624 -0.3546 202 134 80
-0.153543 -0.098425 0.066929 -0.5956 -0.7713 -0.2243 203 134 81
-0.153543 -0.098425 0.074803 -0.6136 -0.7895 -0.0155 203 135 80
-0.153543 -0.098425 0.082677 -0.5837 -0.7980 0.1497 205 136 80
-0.153543 -0.098425 0.090551 -0.5465 -0.7878 0.2840 206 136 80
-0.153543 -0.098425 0.098425 -0.4865 -0.7851 0.3833 205 136 80
-0.153543 -0.098425 0.106299 -0.4836 -0.7266 0.4881 205 137 81
-0.153543 -0.098425 0.114173 -0.4504 -0.7632 0.4633 205 137 82
-0.153543 -0.090551 0.059055 -0.6311 -0.7732 -0.0624 203 136 81
-0.153543 -0.090551 0.066929 -0.6130 -0.7890 -0.0405 202 135 79
-0.153543 -0.090551 0.074803 -0.5792 -0.8140 0.0430 203 134 78
-0.153543 -0.090551 0.082677 -0.5591 -0.8179 0.1362 203 136 79
-0.153543 -0.090551 0.090551 -0.5187 -0.8137 0.2626 204 135 80
-0.153543 -0.090551 0.098425 -0.5348 -0.7763 0.3336 205 136 80
-0.153543 -0.090551 0.106299 -0.5704 -0.7155 0.4033 203 136 80
-0.153543 -0.082677 0.074803 -0.5670 -0.8097 0.1514 202 137 80
-0.153543 -0.082677 0.082677 -0.5812 -0.7906 0.1930 202 136 79
-0.153543 -0.082677 0.090551 -0.6007 -0.7650 0.2321 203 136 79
-0.153543 -0.082677 0.098425 -0.5811 -0.7435 0.3309 202 136 81
-0.145669 -0.153543 0.098425 0.3711 0.9209 0.1190 203 149 95
-0.145669 -0.153543 0.106299 0.2646 0.9199 0.2894 202 149 97
-0.145669 -0.145669 0.066929 0.3421 0.8801 -0.3292 203 142 88
-0.145669 -0.145669 0.074803 0.3424 0.8882 -0.3063 203 142 86
-0.145669 -0.145669 0.082677 0.4173 0.8993 -0.1311 204 143 87
-0.145669 -0.145669 0.090551 0.3769 0.9260 -0.0228 204 144 88
-0.145669 -0.145669 0.098425 0.3531 0.9264 0.1307 204 143 88
-0.145669 -0.145669 0.106299 0.3208 0.9174 0.2356 205 144 89
-0.145669 -0.145669 0.114173 0.2888 0.8682 0.4034 204 145 88
-0.145669 -0.145669 0.122047 0.1602 0.7890 0.5932 204 144 88
-0.145669 -0.145669 0.129921 0.0482 0.7330 0.6785 203 145 89
-0.145669 -0.137795 0.059055 0.2891 0.8321 -0.4733 202 139 85
-0.145669 -0.137795 0.066929 0.2785 0.8626 -0.4223 202 138 84
-0.145669 -0.137795 0.074803 0.3855 0.8611 -0.3314 204 139 84
-0.145669 -0.137795 0.082677 0.4320 0.8881 -0.1567 205 140 84
-0.145669 -0.137795 0.090551 0.3940 0.9189 -0.0210 205 140 84
-0.145669 -0.137795 0.098425 0.3890 0.8977 0.2070 206 141 85
-0.145669 -0.137795 0.106299 0.3367 0.8693 0.3618 205 142 85
-0.145669 -0.137795 0.114173 0.3362 0.7361 0.5875 206 141 84
-0.145669 -0.137795 0.122047 0.1306 0.6906 0.7113 205 141 84
-0.145669 -0.137795 0.129921 0.0312 0.6851 0.7278 204 142 87
-0.145669 -0.129921 0.059055 0.1365 0.7872 -0.6014 202 137 84
-0.145669 -0.129921 0.066929 0.2385 0.8208 -0.5191 203 136 81
-0.145669 -0.129921 0.074803 0.3569 0.8753 -0.3264 204 137 82
-0.145669 -0.129921 0.082677 0.3830 0.8962 -0.2238 204 137 81
-0.145669 -0.129921 0.090551 0.3788 0.9231 0.0669 206 138 83
-0.145669 -0.129921 0.098425 0.3651 0.8212 0.4385 206 139 83
-0.145669 -0.129921 0.106299 0.2772 0.5815 0.7648 206 139 83
-0.145669 -0.129921 0.114173 0.1301 0.3637 0.9224 206 139 82
-0.145669 -0.129921 0.122047 -0.0117 0.3769 0.9262 205 140 83
-0.145669 -0.122047 0.051181 -0.0366 0.6174 -0.7858 201 136 83
-0.145669 -0.122047 0.059055 -0.0475 0.6187 -0.7842 201 134 81
-0.145669 -0.122047 0.066929 0.1823 0.7186 -0.6711 203 135 81
-0.145669 -0.122047 0.074803 0.2236 0.8016 -0.5545 204 136 81
-0.145669 -0.122047 0.082677 0.1632 0.9333 -0.3198 206 136 82
-0.145669 -0.122047 0.090551 0.1725 0.8844 0.4337 206 137 80
-0.145669 -0.122047 0.098425 -0.0062 0.2808 0.9598 207 137 81
-0.145669 -0.122047 0.106299 -0.0605 0.1194 0.9910 207 138 82
-0.145669 -0.122047 0.114173 -0.1955 -0.0612 0.9788 206 138 81
-0.145669 -0.122047 0.122047 -0.2973 -0.1543 0.9422 205 139 80
-0.145669 -0.114173 0.043307 -0.3738 0.4460 -0.8132 201 135 83
-0.145669 -0.114173 0.051181 -0.2130 0.3991 -0.8918 202 134 80
-0.145669 -0.114173 0.059055 -0.2076 0.3097 -0.9279 202 135 81
-0.145669 -0.114173 0.066929 -0.1200 0.3535 -0.9277 204 136 81
-0.145669 -0.114173 0.074803 -0.3545 0.2617 -0.8977 204 136 80
-0.145669 -0.114173 0.082677 -0.9234 -0.3272 -0.2006 204 136 79
-0.145669 -0.114173 0.090551 -0.6557 -0.5535 0.5134 206 137 81
-0.145669 -0.114173 0.098425 -0.4283 -0.5625 0.7072 205 136 79
-0.145669 -0.114173 0.106299 -0.3642 -0.4909 0.7914 206 137 80
-0.145669 -0.114173 0.114173 -0.3741 -0.3999 0.8368 205 137 79
-0.145669 -0.106299 0.043307 -0.4426 0.1699 -0.8804 199 133 79
-0.145669 -0.106299 0.051181 -0.4571 0.1302 -0.8798 201 133 80
-0.145669 -0.106299 0.059055 -0.5295 -0.2902 -0.7971 203 134 81
-0.145669 -0.106299 0.066929 -0.5984 -0.3229 -0.7333 204 135 81
-0.145669 -0.106299 0.074803 -0.5816 -0.6450 -0.4957 205 136 80
-0.145669 -0.106299 0.082677 -0.6128 -0.7878 -0.0626 206 137 80
-0.145669 -0.106299 0.090551 -0.5428 -0.7927 0.2775 206 137 80
-0.145669 -0.106299 0.098425 -0.4633 -0.7308 0.5012 206 137 80
-0.145669 -0.106299 0.106299 -0.4287 -0.6735 0.6022 206 136 79
-0.145669 -0.106299 0.114173 -0.4086 -0.6322 0.6583 205 136 79
-0.145669 -0.098425 0.035433 -0.5793 -0.0728 -0.8119 199 134 79
-0.145669 -0.098425 0.043307 -0.5401 -0.1534 -0.8275 199 133 78
-0.145669 -0.098425 0.051181 -0.5602 -0.3690 -0.7416 202 133 80
-0.145669 -0.098425 0.059055 -0.5611 -0.6594 -0.5004 203 134 80
-0.145669 -0.098425 0.066929 -0.6131 -0.7446 -0.2640 205 135 80
-0.145669 -0.098425 0.074803 -0.6305 -0.7746 -0.0492 206 135 80
-0.145669 -0.098425 0.082677 -0.5796 -0.8050 0.1267 206 135 79
-0.145669 -0.098425 0.090551 -0.5167 -0.7792 0.3548 207 137 79
-0.145669 -0.098425 0.098425 -0.4718 -0.7254 0.5011 206 137 79
-0.145669 -0.098425 0.106299 -0.4609 -0.6973 0.5490 205 137 80
-0.145669 -0.090551 0.043307 -0.6689 -0.3391 -0.6615 202 134 79
-0.145669 -0.090551 0.051181 -0.6527 -0.6309 -0.4195 202 134 78
-0.145669 -0.090551 0.059055 -0.6242 -0.7525 -0.2102 204 133 78
-0.145669 -0.090551 0.066929 -0.6632 -0.7484 -0.0100 203 133 77
-0.145669 -0.090551 0.074803 -0.6204 -0.7808 0.0741 205 134 78
-0.145669 -0.090551 0.082677 -0.5633 -0.8003 0.2054 207 136 78
-0.145669 -0.090551 0.090551 -0.5078 -0.7892 0.3453 207 136 79
-0.145669 -0.090551 0.098425 -0.4898 -0.7487 0.4467 207 136 79
-0.145669 -0.090551 0.106299 -0.5104 -0.7100 0.4851 205 136 79
-0.145669 -0.082677 0.059055 -0.6289 -0.7709 -0.1014 203 135 79
-0.145669 -0.082677 0.066929 -0.5770 -0.8164 0.0244 203 135 79
-0.145669 -0.082677 0.074803 -0.5753 -0.8150 0.0689 204 135 78
-0.145669 -0.082677 0.082677 -0.5665 -0.8001 0.1973 205 135 77
-0.145669 -0.082677 0.090551 -0.5404 -0.7785 0.3193 205 135 79
-0.145669 -0.082677 0.098425 -0.5664 -0.7402 0.3624 204 136 79
-0.145669 -0.074803 0.082677 -0.6009 -0.7716 0.2085 205 134 77
-0.145669 -0.074803 0.090551 -0.6084 -0.7442 0.2756 204 135 80
-0.137795 -0.145669 0.066929 0.3380 0.8978 -0.2823 203 144 90
-0.137795 -0.145669 0.074803 0.3410 0.9122 -0.2270 202 144 88
-0.137795 -0.145669 0.082677 0.4389 0.8950 -0.0792 204 145 89
-0.137795 -0.145669 0.090551 0.3625 0.9317 0.0244 204 145 89
-0.137795 -0.145669 0.098425 0.3247 0.9392 0.1115 204 146 88
-0.137795 -0.145669 0.106299 0.2661 0.9032 0.3369 203 147 92
-0.137795 -0.137795 0.059055 0.3717 0.8570 -0.3569 201 140 85
-0.137795 -0.137795 0.066929 0.3239 0.8779 -0.3528 203 139 84
-0.137795 -0.137795 0.074803 0.4384 0.8847 -0.1588 204 140 85
-0.137795 -0.137795 0.082677 0.4317 0.9000 -0.0603 205 140 85
-0.137795 -0.137795 0.090551 0.3855 0.9179 0.0942 204 142 85
-0.137795 -0.137795 0.098425 0.3518 0.9149 0.1982 205 142 85
-0.137795 -0.137795 0.106299 0.3152 0.8820 0.3503 204 142 85
-0.137795 -0.137795 0.114173 0.2421 0.8065 0.5394 205 142 85
-0.137795 -0.137795 0.122047 0.1286 0.7523 0.6462 204 142 85
-0.137795 -0.129921 0.059055 0.2623 0.8407 -0.4737 202 135 80
-0.137795 -0.129921 0.066929 0.3662 0.8410 -0.3983 203 136 82
-0.137795 -0.129921 0.074803 0.4335 0.8830 -0.1801 204 138 82
-0.137795 -0.129921 0.082677 0.4078 0.9107 -0.0663 205 138 82
-0.137795 -0.129921 0.090551 0.4169 0.8843 0.2103 205 139 81
-0.137795 -0.129921 0.098425 0.3829 0.8369 0.3911 206 139 82
-0.137795 -0.129921 0.106299 0.3228 0.7563 0.5690 206 140 82
-0.137795 -0.129921 0.114173 0.1828 0.6478 0.7396 205 140 81
-0.137795 -0.129921 0.122047 0.0541 0.5990 0.7989 204 140 81
-0.137795 -0.122047 0.051181 0.1337 0.7723 -0.6211 202 135 80
-0.137795 -0.122047 0.059055 0.1550 0.7828 -0.6027 204 135 81
-0.137795 -0.122047 0.066929 0.3410 0.8358 -0.4303 205 136 82
-0.137795 -0.122047 0.074803 0.3916 0.8980 -0.2008 205 136 80
-0.137795 -0.122047 0.082677 0.3777 0.9241 0.0573 206 136 81
-0.137795 -0.122047 0.090551 0.3477 0.8662 0.3589 206 137 80
-0.137795 -0.122047 0.098425 0.2383 0.6237 0.7444 206 137 80
-0.137795 -0.122047 0.106299 0.1109 0.3040 0.9462 206 138 79
-0.137795 -0.122047 0.114173 -0.0554 0.1777 0.9825 206 137 79
-0.137795 -0.122047 0.122047 -0.1435 0.2301 0.9625 205 138 80
-0.137795 -0.114173 0.043307 -0.1376 0.5496 -0.8240 200 133 79
-0.137795 -0.114173 0.051181 -0.0507 0.6003 -0.7981 202 134 80
-0.137795 -0.114173 0.059055 0.1561 0.6548 -0.7395 203 135 81
-0.137795 -0.114173 0.066929 0.1226 0.7109 -0.6925 205 136 79
-0.137795 -0.114173 0.074803 0.1518 0.9394 -0.3074 206 136 80
-0.137795 -0.114173 0.082677 -0.2432 0.8648 0.4392 206 136 79
-0.137795 -0.114173 0.090551 -0.1444 0.2660 0.9531 206 136 78
-0.137795 -0.114173 0.098425 -0.2205 -0.1575 0.9626 207 136 79
-0.137795 -0.114173 0.106299 -0.2858 -0.2259 0.9313 207 136 77
-0.137795 -0.114173 0.114173 -0.2500 -0.2067 0.9459 205 136 78
-0.137795 -0.106299 0.035433 -0.3903 0.4437 -0.8068 202 135 82
-0.137795 -0.106299 0.043307 -0.3171 0.3269 -0.8903 200 132 79
-0.137795 -0.106299 0.051181 -0.2840 0.3010 -0.9104 203 134 78
-0.137795 -0.106299 0.059055 -0.1513 0.1324 -0.9796 205 135 80
-0.137795 -0.106299 0.066929 -0.3887 -0.0071 -0.9213 205 135 79
-0.137795 -0.106299 0.074803 -0.7633 -0.5007 -0.4083 206 136 79
-0.137795 -0.106299 0.082677 -0.6292 -0.7303 0.2659 206 136 79
-0.137795 -0.106299 0.090551 -0.4807 -0.6395 0.6000 206 136 78
-0.137795 -0.106299 0.098425 -0.3682 -0.5433 0.7545 207 136 78
-0.137795 -0.106299 0.106299 -0.3653 -0.5049 0.7820 206 136 77
-0.137795 -0.106299 0.114173 -0.3380 -0.5488 0.7646 206 136 77
-0.137795 -0.098425 0.035433 -0.4981 0.0507 -0.8657 201 133 79
-0.137795 -0.098425 0.043307 -0.4405 0.1160 -0.8902 202 132 78
-0.137795 -0.098425 0.051181 -0.4853 -0.2767 -0.8294 205 134 80
-0.137795 -0.098425 0.059055 -0.5444 -0.5394 -0.6424 205 135 79
-0.137795 -0.098425 0.066929 -0.6471 -0.6940 -0.3157 206 135 80
-0.137795 -0.098425 0.074803 -0.5965 -0.7992 0.0742 207 136 79
-0.137795 -0.098425 0.082677 -0.5313 -0.8074 0.2565 207 136 79
-0.137795 -0.098425 0.090551 -0.4994 -0.7201 0.4818 207 136 78
-0.137795 -0.098425 0.098425 -0.4341 -0.6719 0.6001 207 136 78
-0.137795 -0.098425 0.106299 -0.4535 -0.6042 0.6552 205 136 77
-0.137795 -0.090551 0.027559 -0.6350 -0.0824 -0.7681 200 132 77
-0.137795 -0.090551 0.035433 -0.6187 -0.2323 -0.7505 200 132 78
-0.137795 -0.090551 0.043307 -0.5906 -0.3182 -0.7416 202 133 78
-0.137795 -0.090551 0.051181 -0.6299 -0.6415 -0.4379 204 134 78
-0.137795 -0.090551 0.059055 -0.6353 -0.7319 -0.2464 206 134 79
-0.137795 -0.090551 0.066929 -0.6557 -0.7549 -0.0134 206 134 77
-0.137795 -0.090551 0.074803 -0.5760 -0.8044 0.1453 207 136 78
-0.137795 -0.090551 0.082677 -0.5519 -0.7932 0.2573 208 136 78
-0.137795 -0.090551 0.090551 -0.4999 -0.7510 0.4314 207 136 77
-0.137795 -0.090551 0.098425 -0.4837 -0.6957 0.5310 207 136 77
-0.137795 -0.090551 0.106299 -0.4853 -0.6737 0.5573 206 136 77
-0.137795 -0.082677 0.035433 -0.6659 -0.3015 -0.6824 203 134 78
-0.137795 -0.082677 0.043307 -0.6648 -0.5228 -0.5336 203 134 77
-0.137795 -0.082677 0.051181 -0.6685 -0.7135 -0.2097 204 134 78
-0.137795 -0.082677 0.059055 -0.6194 -0.7778 -0.1069 205 134 78
-0.137795 -0.082677 0.066929 -0.5988 -0.7978 0.0711 206 134 78
-0.137795 -0.082677 0.074803 -0.5727 -0.8028 0.1662 208 135 77
-0.137795 -0.082677 0.082677 -0.5558 -0.7832 0.2786 208 135 77
-0.137795 -0.082677 0.090551 -0.5245 -0.7494 0.4042 208 136 78
-0.137795 -0.082677 0.098425 -0.4984 -0.7153 0.4899 207 136 77
-0.137795 -0.074803 0.051181 -0.6403 -0.7668 -0.0444 204 136 79
-0.137795 -0.074803 0.059055 -0.5850 -0.8093 -0.0534 204 135 78
-0.137795 -0.074803 0.066929 -0.5889 -0.8078 0.0236 206 135 76
-0.137795 -0.074803 0.074803 -0.5596 -0.8117 0.1675 205 135 77
-0.137795 -0.074803 0.082677 -0.5635 -0.7836 0.2614 205 135 78
-0.137795 -0.074803 0.090551 -0.5868 -0.7479 0.3103 206 135 77
-0.137795 -0.074803 0.098425 -0.5752 -0.7333 0.3624 206 135 78
-0.137795 -0.066929 0.082677 -0.5861 -0.7798 0.2201 205 135 78
-0.129921 -0.137795 0.059055 0.3894 0.8814 -0.2673 201 140 85
-0.129921 -0.137795 0.066929 0.3497 0.9003 -0.2593 204 140 84
-0.129921 -0.137795 0.074803 0.3917 0.9130 -0.1139 203 141 85
-0.129921 -0.137795 0.082677 0.3966 0.9171 -0.0405 204 142 84
-0.129921 -0.137795 0.090551 0.3405 0.9311 0.1310 204 142 86
-0.129921 -0.137795 0.098425 0.3216 0.9165 0.2381 204 143 86
-0.129921 -0.137795 0.106299 0.2627 0.8730 0.4109 204 143 86
-0.129921 -0.137795 0.114173 0.1290 0.8124 0.5686 202 144 89
-0.129921 -0.137795 0.122047 0.0527 0.7623 0.6451 202 145 89
-0.129921 -0.129921 0.059055 0.3117 0.8815 -0.3547 203 137 82
-0.129921 -0.129921 0.066929 0.4453 0.8676 -0.2212 204 138 82
-0.129921 -0.129921 0.074803 0.4414 0.8938 -0.0799 204 138 81
-0.129921 -0.129921 0.082677 0.4244 0.9045 0.0430 204 139 81
-0.129921 -0.129921 0.090551 0.3893 0.8972 0.2083 206 139 82
-0.129921 -0.129921 0.098425 0.3246 0.8725 0.3652 205 140 82
-0.129921 -0.129921 0.106299 0.2864 0.7822 0.5533 205 140 82
-0.129921 -0.129921 0.114173 0.1724 0.7192 0.6731 205 140 81
-0.129921 -0.129921 0.122047 0.0631 0.6780 0.7324 203 141 81
-0.129921 -0.122047 0.051181 0.2168 0.8271 -0.5185 202 135 80
-0.129921 -0.122047 0.059055 0.2855 0.8343 -0.4717 204 136 79
-0.129921 -0.122047 0.066929 0.4289 0.8613 -0.2724 205 136 79
-0.129921 -0.122047 0.074803 0.4090 0.9032 -0.1301 205 136 80
-0.129921 -0.122047 0.082677 0.3993 0.9088 0.1207 206 137 79
-0.129921 -0.122047 0.090551 0.3965 0.8434 0.3625 205 137 79
-0.129921 -0.122047 0.098425 0.3660 0.7522 0.5479 206 137 78
-0.129921 -0.122047 0.106299 0.2482 0.5964 0.7634 205 138 79
-0.129921 -0.122047 0.114173 0.0906 0.5209 0.8488 205 138 80
-0.129921 -0.122047 0.122047 0.0259 0.4472 0.8941 205 138 80
-0.129921 -0.114173 0.043307 0.0280 0.7178 -0.6957 201 133 78
-0.129921 -0.114173 0.051181 0.0904 0.7230 -0.6850 203 134 80
-0.129921 -0.114173 0.059055 0.3177 0.7881 -0.5271 205 135 80
-0.129921 -0.114173 0.066929 0.3529 0.8653 -0.3561 205 135 78
-0.129921 -0.114173 0.074803 0.3780 0.9255 0.0254 206 136 78
-0.129921 -0.114173 0.082677 0.3161 0.8747 0.3674 206 136 78
-0.129921 -0.114173 0.090551 0.2080 0.6136 0.7617 207 136 79
-0.129921 -0.114173 0.098425 0.1095 0.3514 0.9298 207 136 78
-0.129921 -0.114173 0.106299 -0.1094 0.1328 0.9851 206 135 76
-0.129921 -0.114173 0.114173 -0.1345 0.0475 0.9898 205 136 77
-0.129921 -0.106299 0.035433 -0.1617 0.5352 -0.8291 201 134 80
-0.129921 -0.106299 0.043307 -0.1262 0.5629 -0.8168 202 133 79
-0.129921 -0.106299 0.051181 -0.0690 0.4752 -0.8772 203 134 78
-0.129921 -0.106299 0.059055 0.1185 0.6456 -0.7545 205 135 79
-0.129921 -0.106299 0.066929 0.1578 0.6791 -0.7168 206 135 79
-0.129921 -0.106299 0.074803 0.0918 0.9800 -0.1765 206 136 78
-0.129921 -0.106299 0.082677 -0.3837 -0.0522 0.9220 206 136 77
-0.129921 -0.106299 0.090551 -0.2423 -0.2851 0.9274 207 136 77
-0.129921 -0.106299 0.098425 -0.2414 -0.3555 0.9030 207 135 76
-0.129921 -0.106299 0.106299 -0.3132 -0.3275 0.8914 207 136 77
-0.129921 -0.106299 0.114173 -0.2782 -0.3434 0.8970 206 135 77
-0.129921 -0.098425 0.035433 -0.3283 0.3025 -0.8948 202 132 78
-0.129921 -0.098425 0.043307 -0.2971 0.3315 -0.8955 205 134 78
-0.129921 -0.098425 0.051181 -0.3045 -0.0063 -0.9525 205 134 77
-0.129921 -0.098425 0.059055 -0.4665 -0.2109 -0.8590 206 135 78
-0.129921 -0.098425 0.066929 -0.6409 -0.5100 -0.5737 206 135 78
-0.129921 -0.098425 0.074803 -0.6240 -0.7814 -0.0032 207 135 78
-0.129921 -0.098425 0.082677 -0.5179 -0.7428 0.4242 207 136 77
-0.129921 -0.098425 0.090551 -0.3604 -0.6533 0.6658 207 135 76
-0.129921 -0.098425 0.098425 -0.3860 -0.5471 0.7428 207 135 76
-0.129921 -0.098425 0.106299 -0.4334 -0.5021 0.7484 206 135 76
-0.129921 -0.090551 0.027559 -0.4630 0.0239 -0.8860 201 133 77
-0.129921 -0.090551 0.035433 -0.5002 -0.0184 -0.8657 203 133 77
-0.129921 -0.090551 0.043307 -0.4863 -0.0514 -0.8723 206 133 77
-0.129921 -0.090551 0.051181 -0.5382 -0.5658 -0.6247 207 134 77
-0.129921 -0.090551 0.059055 -0.5795 -0.7290 -0.3644 207 135 77
-0.129921 -0.090551 0.066929 -0.5930 -0.8043 -0.0377 207 135 77
-0.129921 -0.090551 0.074803 -0.5450 -0.8108 0.2138 207 135 76
-0.129921 -0.090551 0.082677 -0.4972 -0.7596 0.4193 208 135 76
-0.129921 -0.090551 0.090551 -0.4304 -0.7118 0.5551 208 135 76
-0.129921 -0.090551 0.098425 -0.4464 -0.6464 0.6188 207 135 76
-0.129921 -0.090551 0.106299 -0.4408 -0.6528 0.6161 206 135 76
-0.129921 -0.082677 0.027559 -0.5295 -0.1760 -0.8299 202 132 76
-0.129921 -0.082677 0.035433 -0.6300 -0.2527 -0.7343 202 133 77
-0.129921 -0.082677 0.043307 -0.6597 -0.6071 -0.4430 205 133 77
-0.129921 -0.082677 0.051181 -0.6716 -0.6995 -0.2443 206 134 76
-0.129921 -0.082677 0.059055 -0.6550 -0.7548 -0.0343 208 135 77
-0.129921 -0.082677 0.066929 -0.6049 -0.7909 0.0927 208 135 77
-0.129921 -0.082677 0.074803 -0.5065 -0.8091 0.2980 208 135 77
-0.129921 -0.082677 0.082677 -0.4623 -0.7915 0.3997 208 135 77
-0.129921 -0.082677 0.090551 -0.4355 -0.7600 0.4824 208 135 76
-0.129921 -0.082677 0.098425 -0.4649 -0.6915 0.5528 207 135 76
-0.129921 -0.074803 0.027559 -0.6555 -0.3622 -0.6627 203 135 78
-0.129921 -0.074803 0.035433 -0.7173 -0.3171 -0.6204 204 134 77
-0.129921 -0.074803 0.043307 -0.6461 -0.7279 -0.2298 205 134 78
-0.129921 -0.074803 0.051181 -0.6168 -0.7788 -0.1144 205 134 77
-0.129921 -0.074803 0.059055 -0.6270 -0.7790 0.0036 207 134 76
-0.129921 -0.074803 0.066929 -0.5985 -0.7969 0.0819 208 135 76
-0.129921 -0.074803 0.074803 -0.5664 -0.7809 0.2634 208 135 76
-0.129921 -0.074803 0.082677 -0.5220 -0.7844 0.3351 209 135 76
-0.129921 -0.074803 0.090551 -0.5162 -0.7428 0.4263 208 135 75
-0.129921 -0.074803 0.098425 -0.4868 -0.7348 0.4723 207 135 76
-0.129921 -0.066929 0.051181 -0.5830 -0.8124 -0.0090 205 136 79
-0.129921 -0.066929 0.059055 -0.6044 -0.7962 0.0263 206 135 76
-0.129921 -0.066929 0.066929 -0.6163 -0.7785 0.1186 205 135 77
-0.129921 -0.066929 0.074803 -0.5827 -0.7813 0.2237 206 135 77
-0.129921 -0.066929 0.082677 -0.5555 -0.7764 0.2978 207 134 77
-0.129921 -0.066929 0.090551 -0.5987 -0.7203 0.3503 206 134 77
-0.129921 -0.059055 0.074803 -0.6179 -0.7627 0.1912 205 135 78
-0.129921 -0.059055 0.082677 -0.5460 -0.7913 0.2752 206 135 78
-0.122047 -0.137795 0.074803 0.4471 0.8942 -0.0226 203 143 87
-0.122047 -0.137795 0.082677 0.3769 0.9223 0.0850 203 144 87
-0.122047 -0.137795 0.090551 0.3194 0.9084 0.2699 203 145 90
-0.122047 -0.137795 0.098425 0.2218 0.9141 0.3394 202 145 89
-0.122047 -0.129921 0.059055 0.3404 0.8955 -0.2868 202 138 83
-0.122047 -0.129921 0.066929 0.4304 0.8920 -0.1382 204 139 83
-0.122047 -0.129921 0.074803 0.3953 0.9183 -0.0224 204 139 83
-0.122047 -0.129921 0.082677 0.3740 0.9229 0.0915 204 139 82
-0.122047 -0.129921 0.090551 0.3461 0.9094 0.2306 203 138 81
-0.122047 -0.129921 0.098425 0.3023 0.8896 0.3424 204 140 82
-0.122047 -0.129921 0.106299 0.2304 0.8318 0.5050 204 140 82
-0.122047 -0.129921 0.114173 0.1200 0.7254 0.6778 203 141 82
-0.122047 -0.122047 0.051181 0.3098 0.8750 -0.3721 203 136 80
-0.122047 -0.122047 0.059055 0.4325 0.8647 -0.2553 204 136 80
-0.122047 -0.122047 0.066929 0.4494 0.8828 -0.1367 205 137 79
-0.122047 -0.122047 0.074803 0.4421 0.8964 -0.0306 205 137 79
-0.122047 -0.122047 0.082677 0.4382 0.8854 0.1549 205 138 79
-0.122047 -0.122047 0.090551 0.3630 0.8562 0.3677 206 138 79
-0.122047 -0.122047 0.098425 0.3288 0.7943 0.5109 205 137 78
-0.122047 -0.122047 0.106299 0.2278 0.6941 0.6829 205 137 79
-0.122047 -0.122047 0.114173 0.0961 0.6319 0.7691 203 138 80
-0.122047 -0.114173 0.043307 0.1677 0.8105 -0.5612 202 132 78
-0.122047 -0.114173 0.051181 0.2064 0.8108 -0.5477 203 133 78
-0.122047 -0.114173 0.059055 0.4267 0.8524 -0.3023 204 135 77
-0.122047 -0.114173 0.066929 0.4438 0.8787 -0.1757 205 135 77
-0.122047 -0.114173 0.074803 0.4227 0.9060 0.0221 205 136 77
-0.122047 -0.114173 0.082677 0.3894 0.8652 0.3160 206 136 77
-0.122047 -0.114173 0.090551 0.3198 0.7457 0.5846 207 136 78
-0.122047 -0.114173 0.098425 0.2360 0.5733 0.7846 207 136 77
-0.122047 -0.114173 0.106299 0.0609 0.4281 0.9017 206 136 76
-0.122047 -0.114173 0.114173 0.0301 0.3637 0.9310 206 136 75
-0.122047 -0.106299 0.035433 0.0084 0.6749 -0.7378 203 134 80
-0.122047 -0.106299 0.043307 0.0090 0.6954 -0.7186 203 133 78
-0.122047 -0.106299 0.051181 0.0988 0.6809 -0.7256 204 134 77
-0.122047 -0.106299 0.059055 0.3220 0.8050 -0.4983 205 135 77
-0.122047 -0.106299 0.066929 0.3419 0.9026 -0.2615 206 135 77
-0.122047 -0.106299 0.074803 0.3274 0.9348 0.1377 206 135 77
-0.122047 -0.106299 0.082677 0.1500 0.5392 0.8287 207 135 76
-0.122047 -0.106299 0.090551 0.0156 0.2493 0.9683 207 135 76
-0.122047 -0.106299 0.098425 -0.0796 0.0306 0.9964 208 135 76
-0.122047 -0.106299 0.106299 -0.1927 -0.0515 0.9799 206 135 76
-0.122047 -0.098425 0.035433 -0.1848 0.4963 -0.8482 204 133 78
-0.122047 -0.098425 0.043307 -0.1713 0.4972 -0.8506 205 134 77
-0.122047 -0.098425 0.051181 -0.0314 0.5080 -0.8608 206 134 77
-0.122047 -0.098425 0.059055 -0.0099 0.5535 -0.8328 206 134 77
-0.122047 -0.098425 0.066929 -0.2846 0.6689 -0.6867 207 135 76
-0.122047 -0.098425 0.074803 -0.7351 -0.0571 0.6756 207 135 76
-0.122047 -0.098425 0.082677 -0.3123 -0.3780 0.8715 208 135 76
-0.122047 -0.098425 0.090551 -0.2561 -0.3762 0.8904 208 135 76
-0.122047 -0.098425 0.098425 -0.2580 -0.3140 0.9137 207 135 75
-0.122047 -0.098425 0.106299 -0.3330 -0.3424 0.8786 207 134 74
-0.122047 -0.090551 0.027559 -0.3442 0.2900 -0.8930 205 133 77
-0.122047 -0.090551 0.035433 -0.3937 0.2193 -0.8927 204 133 76
-0.122047 -0.090551 0.043307 -0.2801 0.0692 -0.9575 206 134 76
-0.122047 -0.090551 0.051181 -0.3993 -0.2199 -0.8901 206 134 76
-0.122047 -0.090551 0.059055 -0.5285 -0.5802 -0.6198 207 134 76
-0.122047 -0.090551 0.066929 -0.5750 -0.8161 -0.0583 208 134 75
-0.122047 -0.090551 0.074803 -0.4850 -0.8018 0.3491 207 135 75
-0.122047 -0.090551 0.082677 -0.4379 -0.7109 0.5503 208 135 75
-0.122047 -0.090551 0.090551 -0.3965 -0.6144 0.6822 208 135 75
-0.122047 -0.090551 0.098425 -0.3993 -0.5455 0.7369 207 134 74
-0.122047 -0.082677 0.019685 -0.5104 0.0255 -0.8596 202 132 77
-0.122047 -0.082677 0.027559 -0.4885 -0.0188 -0.8724 204 133 76
-0.122047 -0.082677 0.035433 -0.5107 -0.0924 -0.8548 206 133 76
-0.122047 -0.082677 0.043307 -0.5124 -0.4996 -0.6984 207 134 76
-0.122047 -0.082677 0.051181 -0.6398 -0.6606 -0.3929 208 134 76
-0.122047 -0.082677 0.059055 -0.5960 -0.7977 -0.0917 208 135 76
-0.122047 -0.082677 0.066929 -0.6051 -0.7922 0.0789 208 134 75
-0.122047 -0.082677 0.074803 -0.5073 -0.7801 0.3662 208 135 75
-0.122047 -0.082677 0.082677 -0.4394 -0.7476 0.4979 209 135 75
-0.122047 -0.082677 0.090551 -0.4206 -0.6932 0.5853 208 134 74
-0.122047 -0.082677 0.098425 -0.4355 -0.6387 0.6344 207 134 74
-0.122047 -0.074803 0.011811 -0.7215 -0.0408 -0.6912 203 134 78
-0.122047 -0.074803 0.019685 -0.5912 -0.2164 -0.7770 202 133 77
-0.122047 -0.074803 0.027559 -0.6145 -0.2243 -0.7564 204 132 75
-0.122047 -0.074803 0.035433 -0.6300 -0.4132 -0.6575 206 132 76
-0.122047 -0.074803 0.043307 -0.6901 -0.6408 -0.3363 208 134 77
-0.122047 -0.074803 0.051181 -0.6731 -0.7309 -0.1124 209 134 76
-0.122047 -0.074803 0.059055 -0.5847 -0.8051 0.0991 209 135 76
-0.122047 -0.074803 0.066929 -0.5547 -0.8087 0.1959 209 135 75
-0.122047 -0.074803 0.074803 -0.5029 -0.7932 0.3435 209 135 75
-0.122047 -0.074803 0.082677 -0.4690 -0.7501 0.4662 209 134 75
-0.122047 -0.074803 0.090551 -0.4428 -0.7227 0.5306 208 134 75
-0.122047 -0.074803 0.098425 -0.4689 -0.7057 0.5312 208 134 76
-0.122047 -0.066929 0.027559 -0.6809 -0.3920 -0.6186 204 134 76
-0.122047 -0.066929 0.035433 -0.6168 -0.7309 -0.2921 204 134 76
-0.122047 -0.066929 0.043307 -0.6151 -0.7735 -0.1527 206 134 76
-0.122047 -0.066929 0.051181 -0.6319 -0.7748 0.0177 208 134 76
-0.122047 -0.066929 0.059055 -0.5967 -0.7956 0.1053 208 135 77
-0.122047 -0.066929 0.066929 -0.5748 -0.7937 0.1991 209 135 75
-0.122047 -0.066929 0.074803 -0.5448 -0.7818 0.3032 209 135 75
-0.122047 -0.066929 0.082677 -0.5063 -0.7669 0.3942 209 134 74
-0.122047 -0.066929 0.090551 -0.5076 -0.7408 0.4399 207 134 76
-0.122047 -0.059055 0.043307 -0.5974 -0.8004 -0.0499 206 135 77
-0.122047 -0.059055 0.051181 -0.5954 -0.8012 0.0597 206 135 78
-0.122047 -0.059055 0.059055 -0.5825 -0.8095 0.0734 207 134 77
-0.122047 -0.059055 0.066929 -0.5689 -0.8030 0.1776 206 134 77
-0.122047 -0.059055 0.074803 -0.5577 -0.7826 0.2765 207 134 76
-0.122047 -0.059055 0.082677 -0.5811 -0.7370 0.3451 208 134 75
-0.122047 -0.059055 0.090551 -0.5729 -0.7196 0.3924 207 134 76
-0.122047 -0.051181 0.059055 -0.5627 -0.7952 0.2258 207 136 80
-0.122047 -0.051181 0.066929 -0.5878 -0.7889 0.1795 207 136 79
-0.114173 -0.129921 0.059055 0.3582 0.9052 -0.2289 203 140 84
-0.114173 -0.129921 0.066929 0.4106 0.9081 -0.0829 203 140 81
-0.114173 -0.129921 0.074803 0.3729 0.9278 0.0066 203 140 83
-0.114173 -0.129921 0.082677 0.3330 0.9358 0.1155 202 142 84
-0.114173 -0.129921 0.090551 0.3010 0.9104 0.2838 202 142 83
-0.114173 -0.129921 0.098425 0.2090 0.8841 0.4179 201 142 85
-0.114173 -0.122047 0.051181 0.3148 0.8882 -0.3347 203 135 80
-0.114173 -0.122047 0.059055 0.4375 0.8843 -0.1633 204 136 81
-0.114173 -0.122047 0.066929 0.4466 0.8907 -0.0852 204 137 79
-0.114173 -0.122047 0.074803 0.4123 0.9102 0.0402 204 138 80
-0.114173 -0.122047 0.082677 0.3658 0.9149 0.1709 204 138 80
-0.114173 -0.122047 0.090551 0.3195 0.8897 0.3261 205 137 80
-0.114173 -0.122047 0.098425 0.2799 0.8560 0.4346 206 138 80
-0.114173 -0.122047 0.106299 0.2133 0.7673 0.6047 205 138 80
-0.114173 -0.122047 0.114173 0.0582 0.6637 0.7457 202 138 80
-0.114173 -0.114173 0.043307 0.2585 0.8552 -0.4492 203 132 77
-0.114173 -0.114173 0.051181 0.2901 0.8579 -0.4241 204 135 78
-0.114173 -0.114173 0.059055 0.4750 0.8664 -0.1541 204 136 77
-0.114173 -0.114173 0.066929 0.4713 0.8764 -0.0986 204 136 77
-0.114173 -0.114173 0.074803 0.4517 0.8890 0.0756 205 136 76
-0.114173 -0.114173 0.082677 0.4084 0.8714 0.2719 206 136 77
-0.114173 -0.114173 0.090551 0.3807 0.7966 0.4696 206 136 76
-0.114173 -0.114173 0.098425 0.2694 0.7054 0.6556 206 136 76
-0.114173 -0.114173 0.106299 0.1313 0.6433 0.7543 204 136 76
-0.114173 -0.114173 0.114173 0.0605 0.5564 0.8287 205 136 77
-0.114173 -0.106299 0.035433 0.1297 0.7711 -0.6234 203 134 79
-0.114173 -0.106299 0.043307 0.1458 0.8020 -0.5792 203 133 76
-0.114173 -0.106299 0.051181 0.3757 0.8213 -0.4294 204 134 76
-0.114173 -0.106299 0.059055 0.4315 0.8644 -0.2581 206 134 76
-0.114173 -0.106299 0.066929 0.4588 0.8840 -0.0896 206 134 75
-0.114173 -0.106299 0.074803 0.4248 0.8861 0.1853 206 135 75
-0.114173 -0.106299 0.082677 0.3567 0.7695 0.5297 207 135 75
-0.114173 -0.106299 0.090551 0.1490 0.5110 0.8465 207 134 74
-0.114173 -0.106299 0.098425 0.0197 0.2912 0.9565 208 134 74
-0.114173 -0.106299 0.106299 -0.0142 0.2708 0.9625 207 134 74
-0.114173 -0.098425 0.035433 -0.0542 0.6372 -0.7688 205 133 76
-0.114173 -0.098425 0.043307 -0.0146 0.6858 -0.7276 206 133 76
-0.114173 -0.098425 0.051181 0.2026 0.7581 -0.6199 206 133 75
-0.114173 -0.098425 0.059055 0.2617 0.8650 -0.4281 207 133 75
-0.114173 -0.098425 0.066929 0.2786 0.9518 -0.1281 207 134 75
-0.114173 -0.098425 0.074803 0.0968 0.6173 0.7807 207 134 75
-0.114173 -0.098425 0.082677 -0.0123 0.2483 0.9686 208 134 74
-0.114173 -0.098425 0.090551 -0.0703 -0.0082 0.9975 208 134 74
-0.114173 -0.098425 0.098425 -0.1882 -0.0945 0.9776 208 134 74
-0.114173 -0.098425 0.106299 -0.2031 -0.0958 0.9745 207 134 74
-0.114173 -0.090551 0.027559 -0.1841 0.4296 -0.8841 205 133 76
-0.114173 -0.090551 0.035433 -0.1959 0.4191 -0.8866 205 133 76
-0.114173 -0.090551 0.043307 -0.0606 0.3627 -0.9299 206 133 75
-0.114173 -0.090551 0.051181 -0.1416 0.3787 -0.9146 207 134 75
-0.114173 -0.090551 0.059055 -0.1902 0.5653 -0.8026 208 134 74
-0.114173 -0.090551 0.066929 -0.9276 -0.3319 0.1716 208 134 74
-0.114173 -0.090551 0.074803 -0.3576 -0.5697 0.7399 208 134 74
-0.114173 -0.090551 0.082677 -0.3333 -0.4626 0.8215 208 134 74
-0.114173 -0.090551 0.090551 -0.2838 -0.4104 0.8666 208 134 73
-0.114173 -0.090551 0.098425 -0.3137 -0.3568 0.8799 208 134 73
-0.114173 -0.082677 0.019685 -0.4167 0.2267 -0.8803 205 132 75
-0.114173 -0.082677 0.027559 -0.3793 0.1656 -0.9103 206 133 75
-0.114173 -0.082677 0.035433 -0.4464 0.1129 -0.8877 207 133 75
-0.114173 -0.082677 0.043307 -0.4292 -0.3343 -0.8390 207 134 75
-0.114173 -0.082677 0.051181 -0.6405 -0.5761 -0.5079 208 134 75
-0.114173 -0.082677 0.059055 -0.6083 -0.7892 -0.0849 209 134 74
-0.114173 -0.082677 0.066929 -0.5637 -0.7988 0.2104 209 134 74
-0.114173 -0.082677 0.074803 -0.5376 -0.7028 0.4659 209 134 74
-0.114173 -0.082677 0.082677 -0.4538 -0.6602 0.5985 208 134 73
-0.114173 -0.082677 0.090551 -0.3863 -0.5903 0.7088 208 133 72
-0.114173 -0.082677 0.098425 -0.3630 -0.6032 0.7102 208 133 73
-0.114173 -0.074803 0.011811 -0.5598 0.0285 -0.8282 204 133 77
-0.114173 -0.074803 0.019685 -0.5017 -0.0424 -0.8640 205 131 75
-0.114173 -0.074803 0.027559 -0.5195 -0.0521 -0.8529 207 133 74
-0.114173 -0.074803 0.035433 -0.5629 -0.4730 -0.6778 208 133 75
-0.114173 -0.074803 0.043307 -0.6124 -0.6295 -0.4782 208 134 75
-0.114173 -0.074803 0.051181 -0.6636 -0.7085 -0.2402 209 134 75
-0.114173 -0.074803 0.059055 -0.5983 -0.8004 0.0383 210 134 75
-0.114173 -0.074803 0.066929 -0.5151 -0.8232 0.2388 209 134 74
-0.114173 -0.074803 0.074803 -0.4617 -0.7848 0.4134 209 134 74
-0.114173 -0.074803 0.082677 -0.4355 -0.7129 0.5496 210 133 73
-0.114173 -0.074803 0.090551 -0.4225 -0.6600 0.6212 209 132 72
-0.114173 -0.074803 0.098425 -0.3856 -0.6463 0.6584 208 134 75
-0.114173 -0.066929 0.011811 -0.6060 -0.1906 -0.7723 203 132 74
-0.114173 -0.066929 0.019685 -0.6500 -0.2184 -0.7278 204 132 74
-0.114173 -0.066929 0.027559 -0.6751 -0.2223 -0.7034 206 133 76
-0.114173 -0.066929 0.035433 -0.6740 -0.6465 -0.3573 207 134 75
-0.114173 -0.066929 0.043307 -0.6420 -0.7321 -0.2278 209 134 75
-0.114173 -0.066929 0.051181 -0.6492 -0.7576 -0.0676 209 134 75
-0.114173 -0.066929 0.059055 -0.6156 -0.7798 0.1138 210 135 74
-0.114173 -0.066929 0.066929 -0.5174 -0.8096 0.2771 209 134 75
-0.114173 -0.066929 0.074803 -0.4905 -0.7597 0.4270 209 134 74
-0.114173 -0.066929 0.082677 -0.4579 -0.7387 0.4946 210 134 73
-0.114173 -0.066929 0.090551 -0.4474 -0.7038 0.5518 208 133 73
-0.114173 -0.059055 0.019685 -0.6472 -0.3715 -0.6657 203 132 74
-0.114173 -0.059055 0.027559 -0.6155 -0.6849 -0.3899 206 133 75
-0.114173 -0.059055 0.035433 -0.6571 -0.7318 -0.1808 206 134 75
-0.114173 -0.059055 0.043307 -0.6195 -0.7838 -0.0438 207 134 75
-0.114173 -0.059055 0.051181 -0.6088 -0.7862 0.1060 208 134 75
-0.114173 -0.059055 0.059055 -0.5850 -0.7985 0.1423 209 135 75
-0.114173 -0.059055 0.066929 -0.5563 -0.7958 0.2392 210 135 74
-0.114173 -0.059055 0.074803 -0.5244 -0.7556 0.3925 209 134 74
-0.114173 -0.059055 0.082677 -0.5116 -0.7461 0.4261 208 133 75
-0.114173 -0.059055 0.090551 -0.5045 -0.7448 0.4368 208 134 74
-0.114173 -0.051181 0.035433 -0.6317 -0.7751 0.0162 206 134 75
-0.114173 -0.051181 0.043307 -0.6104 -0.7920 0.0107 207 133 76
-0.114173 -0.051181 0.051181 -0.6162 -0.7850 0.0641 208 134 75
-0.114173 -0.051181 0.059055 -0.5824 -0.8076 0.0929 208 134 74
-0.114173 -0.051181 0.066929 -0.5962 -0.7792 0.1933 208 134 76
-0.114173 -0.051181 0.074803 -0.5748 -0.7503 0.3265 208 134 75
-0.114173 -0.051181 0.082677 -0.6075 -0.7242 0.3263 207 133 74
-0.106299 -0.129921 0.066929 0.4548 0.8898 -0.0371 202 142 84
-0.106299 -0.122047 0.051181 0.3209 0.9055 -0.2778 200 136 76
-0.106299 -0.122047 0.059055 0.4140 0.9030 -0.1149 202 138 80
-0.106299 -0.122047 0.066929 0.4227 0.9056 -0.0347 204 137 80
-0.106299 -0.122047 0.074803 0.3651 0.9278 0.0769 203 138 80
-0.106299 -0.122047 0.082677 0.3466 0.9239 0.1618 203 138 79
-0.106299 -0.122047 0.090551 0.2971 0.8915 0.3420 204 139 80
-0.106299 -0.122047 0.098425 0.1705 0.8548 0.4902 205 139 83
-0.106299 -0.114173 0.043307 0.2968 0.8846 -0.3597 204 135 77
-0.106299 -0.114173 0.051181 0.3270 0.8843 -0.3333 203 134 77
-0.106299 -0.114173 0.059055 0.4516 0.8873 -0.0941 204 133 76
-0.106299 -0.114173 0.066929 0.4381 0.8988 -0.0181 205 135 77
-0.106299 -0.114173 0.074803 0.4115 0.9059 0.1002 204 136 76
-0.106299 -0.114173 0.082677 0.3570 0.8934 0.2727 205 136 76
-0.106299 -0.114173 0.090551 0.2987 0.8551 0.4238 205 136 77
-0.106299 -0.114173 0.098425 0.2139 0.7876 0.5778 206 136 76
-0.106299 -0.114173 0.106299 0.1292 0.7175 0.6845 205 137 76
-0.106299 -0.114173 0.114173 0.0509 0.6303 0.7747 204 136 76
-0.106299 -0.106299 0.035433 0.1877 0.8425 -0.5050 204 133 76
-0.106299 -0.106299 0.043307 0.2035 0.8496 -0.4865 205 134 76
-0.106299 -0.106299 0.051181 0.4257 0.8629 -0.2723 206 134 75
-0.106299 -0.106299 0.059055 0.4616 0.8763 -0.1380 206 134 75
-0.106299 -0.106299 0.066929 0.4779 0.8773 0.0431 206 134 75
-0.106299 -0.106299 0.074803 0.4498 0.8711 0.1971 206 135 75
-0.106299 -0.106299 0.082677 0.4311 0.8246 0.3664 207 135 74
-0.106299 -0.106299 0.090551 0.3169 0.7028 0.6369 207 134 74
-0.106299 -0.106299 0.098425 0.1855 0.5896 0.7861 207 135 73
-0.106299 -0.106299 0.106299 0.0864 0.5048 0.8589 206 134 74
-0.106299 -0.098425 0.027559 0.0537 0.7828 -0.6200 204 133 77
-0.106299 -0.098425 0.035433 0.0533 0.7614 -0.6461 205 133 75
-0.106299 -0.098425 0.043307 0.1242 0.8001 -0.5869 206 133 74
-0.106299 -0.098425 0.051181 0.3589 0.8654 -0.3497 206 133 73
-0.106299 -0.098425 0.059055 0.3950 0.9050 -0.1581 207 133 74
-0.106299 -0.098425 0.066929 0.3820 0.9026 0.1986 207 133 73
-0.106299 -0.098425 0.074803 0.3308 0.7848 0.5241 208 134 74
-0.106299 -0.098425 0.082677 0.2260 0.5467 0.8063 208 133 73
-0.106299 -0.098425 0.090551 0.1065 0.2970 0.9489 208 133 73
-0.106299 -0.098425 0.098425 -0.0696 0.1631 0.9842 208 133 72
-0.106299 -0.098425 0.106299 -0.1568 0.1294 0.9791 207 133 71
-0.106299 -0.090551 0.019685 -0.2001 0.6405 -0.7415 205 133 78
-0.106299 -0.090551 0.027559 -0.0292 0.6315 -0.7748 205 132 76
-0.106299 -0.090551 0.035433 -0.0122 0.6353 -0.7722 206 133 74
-0.106299 -0.090551 0.043307 0.2216 0.7047 -0.6741 207 132 74
-0.106299 -0.090551 0.051181 0.1881 0.8199 -0.5407 207 133 73
-0.106299 -0.090551 0.059055 0.1533 0.9651 -0.2122 208 133 73
-0.106299 -0.090551 0.066929 0.0678 0.7359 0.6736 209 133 73
-0.106299 -0.090551 0.074803 -0.1265 -0.0144 0.9919 209 133 72
-0.106299 -0.090551 0.082677 -0.1268 -0.0691 0.9895 209 133 72
-0.106299 -0.090551 0.090551 -0.1970 -0.1914 0.9615 209 133 72
-0.106299 -0.090551 0.098425 -0.1951 -0.1822 0.9637 208 133 71
-0.106299 -0.082677 0.019685 -0.2526 0.3835 -0.8883 205 132 74
-0.106299 -0.082677 0.027559 -0.2363 0.3759 -0.8960 206 132 74
-0.106299 -0.082677 0.035433 -0.2702 0.3640 -0.8913 207 133 73
-0.106299 -0.082677 0.043307 -0.1956 0.1673 -0.9663 208 133 74
-0.106299 -0.082677 0.051181 -0.4736 -0.0743 -0.8776 208 134 74
-0.106299 -0.082677 0.059055 -0.8454 -0.3825 -0.3729 209 133 73
-0.106299 -0.082677 0.066929 -0.5549 -0.4436 0.7038 209 133 72
-0.106299 -0.082677 0.074803 -0.3788 -0.5254 0.7619 209 133 72
-0.106299 -0.082677 0.082677 -0.3680 -0.4675 0.8037 209 132 71
-0.106299 -0.082677 0.090551 -0.3440 -0.4286 0.8354 209 133 70
-0.106299 -0.082677 0.098425 -0.3485 -0.4447 0.8251 209 132 71
-0.106299 -0.074803 0.011811 -0.4471 0.1310 -0.8848 206 133 76
-0.106299 -0.074803 0.019685 -0.4349 0.1159 -0.8930 207 132 75
-0.106299 -0.074803 0.027559 -0.4029 0.1187 -0.9075 207 133 73
-0.106299 -0.074803 0.035433 -0.4590 -0.3640 -0.8104 209 133 74
-0.106299 -0.074803 0.043307 -0.6330 -0.5253 -0.5686 208 133 74
-0.106299 -0.074803 0.051181 -0.6633 -0.7104 -0.2351 209 133 73
-0.106299 -0.074803 0.059055 -0.5846 -0.7894 0.1872 209 133 73
-0.106299 -0.074803 0.066929 -0.4755 -0.7497 0.4603 209 133 73
-0.106299 -0.074803 0.074803 -0.4384 -0.7178 0.5408 209 133 72
-0.106299 -0.074803 0.082677 -0.4015 -0.6218 0.6724 210 132 71
-0.106299 -0.074803 0.090551 -0.4018 -0.5988 0.6929 209 132 71
-0.106299 -0.074803 0.098425 -0.4053 -0.5872 0.7007 209 133 73
-0.106299 -0.066929 0.003937 -0.7322 -0.0132 -0.6810 204 133 76
-0.106299 -0.066929 0.011811 -0.5716 -0.0596 -0.8184 204 131 74
-0.106299 -0.066929 0.019685 -0.5931 -0.0667 -0.8023 207 132 73
-0.106299 -0.066929 0.027559 -0.6355 -0.1015 -0.7654 208 133 74
-0.106299 -0.066929 0.035433 -0.6704 -0.5637 -0.4825 209 134 75
-0.106299 -0.066929 0.043307 -0.6747 -0.6916 -0.2578 209 133 74
-0.106299 -0.066929 0.051181 -0.6091 -0.7929 -0.0177 210 134 74
-0.106299 -0.066929 0.059055 -0.5168 -0.8361 0.1841 210 134 74
-0.106299 -0.066929 0.066929 -0.5040 -0.7968 0.3332 210 133 73
-0.106299 -0.066929 0.074803 -0.4577 -0.7426 0.4889 210 133 72
-0.106299 -0.066929 0.082677 -0.4224 -0.6830 0.5958 210 132 70
-0.106299 -0.066929 0.090551 -0.4183 -0.6511 0.6333 209 132 71
-0.106299 -0.059055 0.003937 -0.6438 -0.1884 -0.7416 205 131 72
-0.106299 -0.059055 0.011811 -0.6167 -0.2309 -0.7525 206 131 74
-0.106299 -0.059055 0.019685 -0.6844 -0.2640 -0.6797 206 132 74
-0.106299 -0.059055 0.027559 -0.6799 -0.6080 -0.4098 208 133 74
-0.106299 -0.059055 0.035433 -0.6853 -0.6994 -0.2030 210 134 75
-0.106299 -0.059055 0.043307 -0.6538 -0.7515 -0.0882 210 134 74
-0.106299 -0.059055 0.051181 -0.5938 -0.7975 0.1067 210 134 73
-0.106299 -0.059055 0.059055 -0.5684 -0.7946 0.2133 210 134 73
-0.106299 -0.059055 0.066929 -0.5196 -0.7941 0.3153 210 133 73
-0.106299 -0.059055 0.074803 -0.4695 -0.7622 0.4457 210 133 72
-0.106299 -0.059055 0.082677 -0.4659 -0.7149 0.5214 210 132 71
-0.106299 -0.051181 0.011811 -0.6877 -0.4170 -0.5943 206 133 75
-0.106299 -0.051181 0.019685 -0.7055 -0.3799 -0.5982 206 133 73
-0.106299 -0.051181 0.027559 -0.6849 -0.6986 -0.2072 207 133 74
-0.106299 -0.051181 0.035433 -0.6650 -0.7437 -0.0686 207 132 74
-0.106299 -0.051181 0.043307 -0.6285 -0.7777 0.0135 208 132 73
-0.106299 -0.051181 0.051181 -0.5941 -0.7947 0.1242 209 133 74
-0.106299 -0.051181 0.059055 -0.5948 -0.7708 0.2281 210 134 73
-0.106299 -0.051181 0.066929 -0.5651 -0.7674 0.3029 210 133 73
-0.106299 -0.051181 0.074803 -0.5246 -0.7450 0.4120 210 133 72
-0.106299 -0.051181 0.082677 -0.5493 -0.7300 0.4067 209 132 72
-0.106299 -0.043307 0.035433 -0.6262 -0.7797 0.0052 208 133 73
-0.106299 -0.043307 0.043307 -0.6498 -0.7590 0.0419 207 132 71
-0.106299 -0.043307 0.051181 -0.5895 -0.8005 0.1082 209 133 72
-0.106299 -0.043307 0.059055 -0.6187 -0.7667 0.1716 209 131 72
-0.106299 -0.043307 0.066929 -0.5934 -0.7602 0.2647 208 130 70
-0.106299 -0.043307 0.074803 -0.5843 -0.7412 0.3305 209 130 71
-0.106299 -0.043307 0.082677 -0.6046 -0.7163 0.3483 208 133 75
-0.098425 -0.122047 0.051181 0.3184 0.9197 -0.2297 202 140 83
-0.098425 -0.122047 0.066929 0.4014 0.9122 0.0818 204 139 81
-0.098425 -0.122047 0.074803 0.3393 0.9240 0.1762 203 140 81
-0.098425 -0.114173 0.043307 0.2931 0.9122 -0.2863 205 137 78
-0.098425 -0.114173 0.051181 0.4481 0.8755 -0.1810 204 136 79
-0.098425 -0.114173 0.059055 0.4477 0.8916 -0.0684 203 135 78
-0.098425 -0.114173 0.066929 0.3832 0.9233 0.0254 201 134 77
-0.098425 -0.114173 0.074803 0.3557 0.9211 0.1584 202 135 76
-0.098425 -0.114173 0.082677 0.3256 0.9028 0.2810 204 136 77
-0.098425 -0.114173 0.090551 0.2767 0.8803 0.3855 204 136 77
-0.098425 -0.114173 0.098425 0.1795 0.8122 0.5551 205 136 77
-0.098425 -0.106299 0.035433 0.2852 0.8734 -0.3948 205 134 76
-0.098425 -0.106299 0.043307 0.2992 0.8810 -0.3666 206 134 75
-0.098425 -0.106299 0.051181 0.4669 0.8725 -0.1439 207 134 75
-0.098425 -0.106299 0.059055 0.4563 0.8882 -0.0530 207 134 75
-0.098425 -0.106299 0.066929 0.4293 0.9010 0.0624 207 134 74
-0.098425 -0.106299 0.074803 0.4031 0.8955 0.1886 207 134 74
-0.098425 -0.106299 0.082677 0.3433 0.8621 0.3727 206 134 75
-0.098425 -0.106299 0.090551 0.2863 0.7716 0.5680 207 134 73
-0.098425 -0.106299 0.098425 0.1526 0.7018 0.6958 206 134 73
-0.098425 -0.106299 0.106299 0.0634 0.6604 0.7482 204 134 73
-0.098425 -0.098425 0.027559 0.1742 0.8305 -0.5291 204 132 75
-0.098425 -0.098425 0.035433 0.1575 0.8267 -0.5402 206 132 74
-0.098425 -0.098425 0.043307 0.3645 0.8556 -0.3675 207 133 73
-0.098425 -0.098425 0.051181 0.4346 0.8834 -0.1756 207 133 73
-0.098425 -0.098425 0.059055 0.4353 0.8994 -0.0394 208 133 73
-0.098425 -0.098425 0.066929 0.4092 0.8917 0.1935 207 133 72
-0.098425 -0.098425 0.074803 0.3666 0.8238 0.4324 208 133 72
-0.098425 -0.098425 0.082677 0.3377 0.7413 0.5801 207 133 72
-0.098425 -0.098425 0.090551 0.2113 0.5586 0.8021 208 133 72
-0.098425 -0.098425 0.098425 0.0863 0.5129 0.8541 207 133 71
-0.098425 -0.098425 0.106299 0.0346 0.4726 0.8806 206 132 72
-0.098425 -0.090551 0.019685 0.0865 0.6976 -0.7112 205 132 75
-0.098425 -0.090551 0.027559 0.0612 0.7214 -0.6898 205 131 74
-0.098425 -0.090551 0.035433 0.0765 0.7384 -0.6700 207 132 73
-0.098425 -0.090551 0.043307 0.3741 0.8395 -0.3942 207 132 73
-0.098425 -0.090551 0.051181 0.3760 0.9004 -0.2189 207 133 72
-0.098425 -0.090551 0.059055 0.3698 0.9062 0.2052 209 132 72
-0.098425 -0.090551 0.066929 0.2922 0.8102 0.5082 209 132 71
-0.098425 -0.090551 0.074803 0.1957 0.5506 0.8115 209 132 71
-0.098425 -0.090551 0.082677 0.0233 0.3152 0.9487 209 132 71
-0.098425 -0.090551 0.090551 -0.0876 0.0960 0.9915 209 132 70
-0.098425 -0.090551 0.098425 -0.1492 0.0433 0.9879 208 132 70
-0.098425 -0.082677 0.019685 -0.0984 0.5699 -0.8158 206 132 73
-0.098425 -0.082677 0.027559 -0.0595 0.6005 -0.7974 207 132 73
-0.098425 -0.082677 0.035433 0.1295 0.6076 -0.7836 208 132 73
-0.098425 -0.082677 0.043307 0.1489 0.6740 -0.7236 208 132 72
-0.098425 -0.082677 0.051181 0.1321 0.8818 -0.4527 208 133 72
-0.098425 -0.082677 0.059055 0.1582 0.8333 0.5297 209 132 71
-0.098425 -0.082677 0.066929 -0.1375 0.1620 0.9772 209 132 70
-0.098425 -0.082677 0.074803 -0.2424 -0.0967 0.9653 210 132 70
-0.098425 -0.082677 0.082677 -0.2549 -0.1740 0.9512 210 131 69
-0.098425 -0.082677 0.090551 -0.2620 -0.2324 0.9367 209 131 69
-0.098425 -0.082677 0.098425 -0.2789 -0.2842 0.9173 209 131 71
-0.098425 -0.074803 0.011811 -0.3033 0.3252 -0.8957 206 131 73
-0.098425 -0.074803 0.019685 -0.2366 0.3679 -0.8993 207 132 73
-0.098425 -0.074803 0.027559 -0.2703 0.3449 -0.8989 207 132 73
-0.098425 -0.074803 0.035433 -0.3866 0.0868 -0.9182 208 132 72
-0.098425 -0.074803 0.043307 -0.6017 -0.2369 -0.7627 209 133 72
-0.098425 -0.074803 0.051181 -0.7757 -0.6257 -0.0825 209 133 72
-0.098425 -0.074803 0.059055 -0.6168 -0.6540 0.4379 209 133 72
-0.098425 -0.074803 0.066929 -0.3984 -0.6113 0.6838 210 132 70
-0.098425 -0.074803 0.074803 -0.4039 -0.5665 0.7183 210 132 69
-0.098425 -0.074803 0.082677 -0.3294 -0.4835 0.8110 210 131 69
-0.098425 -0.074803 0.090551 -0.3701 -0.4467 0.8145 209 131 70
-0.098425 -0.066929 0.003937 -0.5155 0.0631 -0.8545 207 131 72
-0.098425 -0.066929 0.011811 -0.4917 0.0558 -0.8690 207 132 72
-0.098425 -0.066929 0.019685 -0.4873 0.0663 -0.8707 208 132 72
-0.098425 -0.066929 0.027559 -0.5301 -0.2730 -0.8028 209 133 72
-0.098425 -0.066929 0.035433 -0.6443 -0.5396 -0.5420 209 133 73
-0.098425 -0.066929 0.043307 -0.6181 -0.7221 -0.3106 210 133 73
-0.098425 -0.066929 0.051181 -0.6217 -0.7814 0.0534 210 133 72
-0.098425 -0.066929 0.059055 -0.5253 -0.7982 0.2949 209 133 71
-0.098425 -0.066929 0.066929 -0.4448 -0.7471 0.4939 211 132 70
-0.098425 -0.066929 0.074803 -0.3926 -0.6906 0.6074 211 132 70
-0.098425 -0.066929 0.082677 -0.4042 -0.5843 0.7037 211 131 68
-0.098425 -0.066929 0.090551 -0.3809 -0.6134 0.6919 210 131 71
-0.098425 -0.059055 0.003937 -0.5737 -0.0688 -0.8162 205 130 72
-0.098425 -0.059055 0.011811 -0.6068 -0.1225 -0.7854 208 132 71
-0.098425 -0.059055 0.019685 -0.6493 -0.1527 -0.7451 209 132 72
-0.098425 -0.059055 0.027559 -0.6689 -0.5970 -0.4429 210 133 73
-0.098425 -0.059055 0.035433 -0.6884 -0.6994 -0.1921 210 133 73
-0.098425 -0.059055 0.043307 -0.6374 -0.7682 -0.0603 210 134 72
-0.098425 -0.059055 0.051181 -0.5741 -0.8066 0.1405 211 133 73
-0.098425 -0.059055 0.059055 -0.5450 -0.7904 0.2797 211 133 72
-0.098425 -0.059055 0.066929 -0.4734 -0.7564 0.4513 211 132 71
-0.098425 -0.059055 0.074803 -0.4230 -0.7305 0.5361 211 132 70
-0.098425 -0.059055 0.082677 -0.4483 -0.6632 0.5993 210 131 69
-0.098425 -0.051181 -0.003937 -0.6635 -0.1890 -0.7239 204 130 72
-0.098425 -0.051181 0.003937 -0.6153 -0.2566 -0.7454 205 131 71
-0.098425 -0.051181 0.011811 -0.6793 -0.2673 -0.6835 207 131 72
-0.098425 -0.051181 0.019685 -0.7555 -0.3285 -0.5669 208 131 72
-0.098425 -0.051181 0.027559 -0.6958 -0.6902 -0.1985 207 130 70
-0.098425 -0.051181 0.035433 -0.7018 -0.7105 -0.0510 210 133 72
-0.098425 -0.051181 0.043307 -0.6497 -0.7515 0.1152 211 133 73
-0.098425 -0.051181 0.051181 -0.5823 -0.7835 0.2169 209 131 70
-0.098425 -0.051181 0.059055 -0.5505 -0.7735 0.3141 209 131 70
-0.098425 -0.051181 0.066929 -0.4862 -0.7643 0.4235 212 133 71
-0.098425 -0.051181 0.074803 -0.4697 -0.7459 0.4722 211 132 70
-0.098425 -0.051181 0.082677 -0.4755 -0.7060 0.5248 211 131 70
-0.098425 -0.043307 0.011811 -0.7275 -0.3554 -0.5870 209 131 70
-0.098425 -0.043307 0.019685 -0.6641 -0.7098 -0.2349 209 131 71
-0.098425 -0.043307 0.027559 -0.6731 -0.7311 -0.1115 210 131 71
-0.098425 -0.043307 0.035433 -0.6603 -0.7505 0.0292 209 132 72
-0.098425 -0.043307 0.043307 -0.6206 -0.7777 0.1004 210 132 72
-0.098425 -0.043307 0.051181 -0.6064 -0.7687 0.2034 210 129 68
-0.098425 -0.043307 0.059055 -0.5877 -0.7622 0.2714 210 131 68
-0.098425 -0.043307 0.066929 -0.5390 -0.7528 0.3780 210 130 67
-0.098425 -0.043307 0.074803 -0.5380 -0.7437 0.3969 209 130 68
-0.098425 -0.035433 0.027559 -0.5637 -0.8248 0.0432 211 131 70
-0.098425 -0.035433 0.035433 -0.6296 -0.7768 -0.0076 210 131 71
-0.098425 -0.035433 0.043307 -0.6171 -0.7795 0.1072 209 131 72
-0.098425 -0.035433 0.051181 -0.5992 -0.7773 0.1918 211 132 70
-0.098425 -0.035433 0.059055 -0.6319 -0.7398 0.2313 212 131 70
-0.098425 -0.035433 0.066929 -0.6173 -0.7194 0.3186 212 130 69
-0.098425 -0.035433 0.074803 -0.6080 -0.6991 0.3763 212 132 71
-0.098425 -0.027559 0.051181 -0.6292 -0.7534 0.1909 211 132 74
-0.090551 -0.114173 0.043307 0.2749 0.9258 -0.2594 205 138 79
-0.090551 -0.114173 0.051181 0.4138 0.9036 -0.1106 206 138 79
-0.090551 -0.114173 0.059055 0.3720 0.9268 -0.0505 203 139 78
-0.090551 -0.114173 0.066929 0.3485 0.9360 0.0496 201 137 78
-0.090551 -0.114173 0.074803 0.3382 0.9090 0.2436 203 138 79
-0.090551 -0.114173 0.082677 0.2464 0.9143 0.3215 204 138 80
-0.090551 -0.106299 0.035433 0.2984 0.8998 -0.3181 205 134 76
-0.090551 -0.106299 0.043307 0.3227 0.8967 -0.3031 206 134 75
-0.090551 -0.106299 0.051181 0.4551 0.8853 -0.0959 207 135 75
-0.090551 -0.106299 0.059055 0.4187 0.9081 -0.0098 207 135 75
-0.090551 -0.106299 0.066929 0.3898 0.9149 0.1053 207 135 76
-0.090551 -0.106299 0.074803 0.3747 0.9013 0.2174 206 134 75
-0.090551 -0.106299 0.082677 0.2810 0.8940 0.3491 206 135 76
-0.090551 -0.106299 0.090551 0.2040 0.8322 0.5156 206 135 75
-0.090551 -0.106299 0.098425 0.1324 0.7607 0.6354 204 134 74
-0.090551 -0.098425 0.027559 0.2939 0.8714 -0.3929 205 131 74
-0.090551 -0.098425 0.035433 0.2875 0.8641 -0.4130 206 132 73
-0.090551 -0.098425 0.043307 0.4539 0.8644 -0.2161 207 132 72
-0.090551 -0.098425 0.051181 0.4672 0.8804 -0.0808 207 133 72
-0.090551 -0.098425 0.059055 0.4661 0.8845 0.0211 208 133 72
-0.090551 -0.098425 0.066929 0.4166 0.8965 0.1505 207 132 71
-0.090551 -0.098425 0.074803 0.3720 0.8680 0.3289 208 133 72
-0.090551 -0.098425 0.082677 0.3194 0.8108 0.4904 208 132 70
-0.090551 -0.098425 0.090551 0.2395 0.6897 0.6833 207 132 71
-0.090551 -0.098425 0.098425 0.0866 0.6716 0.7359 206 132 71
-0.090551 -0.090551 0.019685 0.1952 0.7816 -0.5924 205 132 74
-0.090551 -0.090551 0.027559 0.1802 0.8195 -0.5439 206 131 73
-0.090551 -0.090551 0.035433 0.1903 0.8247 -0.5326 207 131 72
-0.090551 -0.090551 0.043307 0.4265 0.8768 -0.2221 208 131 72
-0.090551 -0.090551 0.051181 0.3912 0.9155 -0.0938 208 132 72
-0.090551 -0.090551 0.059055 0.3913 0.9100 0.1370 209 132 71
-0.090551 -0.090551 0.066929 0.3351 0.8344 0.4375 209 132 69
-0.090551 -0.090551 0.074803 0.2645 0.6884 0.6754 209 131 69
-0.090551 -0.090551 0.082677 0.1683 0.5592 0.8118 209 131 69
-0.090551 -0.090551 0.090551 0.0387 0.3773 0.9253 209 131 69
-0.090551 -0.090551 0.098425 -0.0579 0.3563 0.9326 208 131 69
-0.090551 -0.082677 0.019685 0.0361 0.6852 -0.7274 206 131 72
-0.090551 -0.082677 0.027559 0.0611 0.7070 -0.7046 206 132 71
-0.090551 -0.082677 0.035433 0.3264 0.7558 -0.5677 208 132 71
-0.090551 -0.082677 0.043307 0.3432 0.8621 -0.3729 209 132 71
-0.090551 -0.082677 0.051181 0.3352 0.9291 -0.1565 209 132 70
-0.090551 -0.082677 0.059055 0.3515 0.8751 0.3326 210 131 70
-0.090551 -0.082677 0.066929 0.1941 0.5405 0.8186 210 132 69
-0.090551 -0.082677 0.074803 -0.0099 0.2572 0.9663 210 131 68
-0.090551 -0.082677 0.082677 -0.0966 0.1304 0.9868 210 130 68
-0.090551 -0.082677 0.090551 -0.1540 -0.0004 0.9881 210 130 68
-0.090551 -0.082677 0.098425 -0.2100 0.0845 0.9740 208 131 70
-0.090551 -0.074803 0.011811 -0.1405 0.5073 -0.8502 206 130 72
-0.090551 -0.074803 0.019685 -0.1169 0.4978 -0.8594 207 131 72
-0.090551 -0.074803 0.027559 -0.1204 0.5537 -0.8239 207 132 71
-0.090551 -0.074803 0.035433 0.0173 0.5497 -0.8352 208 132 71
-0.090551 -0.074803 0.043307 -0.0325 0.7667 -0.6412 209 132 70
-0.090551 -0.074803 0.051181 -0.3767 0.7895 0.4845 210 132 70
-0.090551 -0.074803 0.059055 -0.4443 0.0493 0.8945 210 131 69
-0.090551 -0.074803 0.066929 -0.2460 -0.1417 0.9589 211 131 68
-0.090551 -0.074803 0.074803 -0.2592 -0.2444 0.9344 211 131 68
-0.090551 -0.074803 0.082677 -0.2572 -0.2639 0.9296 211 130 67
-0.090551 -0.074803 0.090551 -0.3144 -0.2450 0.9171 210 130 68
-0.090551 -0.066929 0.003937 -0.3495 0.2707 -0.8970 207 130 69
-0.090551 -0.066929 0.011811 -0.3214 0.3005 -0.8980 207 131 71
-0.090551 -0.066929 0.019685 -0.3102 0.3049 -0.9005 208 132 71
-0.090551 -0.066929 0.027559 -0.3045 0.2517 -0.9187 209 132 71
-0.090551 -0.066929 0.035433 -0.5594 -0.1871 -0.8075 209 132 71
-0.090551 -0.066929 0.043307 -0.7231 -0.5575 -0.4077 210 132 70
-0.090551 -0.066929 0.051181 -0.7139 -0.6492 0.2624 210 132 70
-0.090551 -0.066929 0.059055 -0.5085 -0.6453 0.5701 211 131 69
-0.090551 -0.066929 0.066929 -0.3808 -0.5871 0.7143 211 131 68
-0.090551 -0.066929 0.074803 -0.3424 -0.5649 0.7508 211 131 68
-0.090551 -0.066929 0.082677 -0.3291 -0.5313 0.7807 211 130 66
-0.090551 -0.059055 0.003937 -0.4812 0.0818 -0.8728 207 130 71
-0.090551 -0.059055 0.011811 -0.5087 0.0379 -0.8601 209 131 70
-0.090551 -0.059055 0.019685 -0.5328 0.0255 -0.8458 209 131 70
-0.090551 -0.059055 0.027559 -0.6614 -0.4741 -0.5812 210 131 71
-0.090551 -0.059055 0.035433 -0.6498 -0.6909 -0.3170 210 132 71
-0.090551 -0.059055 0.043307 -0.6470 -0.7624 -0.0130 211 132 70
-0.090551 -0.059055 0.051181 -0.5878 -0.7930 0.1602 211 132 71
-0.090551 -0.059055 0.059055 -0.4790 -0.7591 0.4408 211 132 69
-0.090551 -0.059055 0.066929 -0.4552 -0.7123 0.5342 211 131 68
-0.090551 -0.059055 0.074803 -0.4001 -0.6432 0.6529 212 131 68
-0.090551 -0.059055 0.082677 -0.4073 -0.5962 0.6918 210 130 69
-0.090551 -0.051181 -0.003937 -0.5951 -0.0437 -0.8024 206 129 71
-0.090551 -0.051181 0.003937 -0.6146 -0.0608 -0.7865 208 129 70
-0.090551 -0.051181 0.011811 -0.6366 -0.1541 -0.7556 210 131 70
-0.090551 -0.051181 0.019685 -0.6598 -0.3143 -0.6826 210 131 71
-0.090551 -0.051181 0.027559 -0.6874 -0.6752 -0.2675 209 130 70
-0.090551 -0.051181 0.035433 -0.6748 -0.7356 -0.0594 211 132 70
-0.090551 -0.051181 0.043307 -0.6296 -0.7728 0.0797 211 132 70
-0.090551 -0.051181 0.051181 -0.5598 -0.7914 0.2456 212 132 69
-0.090551 -0.051181 0.059055 -0.5401 -0.7450 0.3915 212 132 69
-0.090551 -0.051181 0.066929 -0.4828 -0.7228 0.4944 212 131 68
-0.090551 -0.051181 0.074803 -0.4129 -0.7098 0.5707 211 130 68
-0.090551 -0.051181 0.082677 -0.4433 -0.6809 0.5830 211 130 68
-0.090551 -0.043307 -0.011811 -0.6631 -0.0826 -0.7440 205 130 71
-0.090551 -0.043307 -0.003937 -0.6188 -0.2084 -0.7574 208 127 68
-0.090551 -0.043307 0.003937 -0.6959 -0.2505 -0.6731 208 129 69
-0.090551 -0.043307 0.011811 -0.6957 -0.3493 -0.6277 208 130 71
-0.090551 -0.043307 0.019685 -0.6887 -0.6421 -0.3369 210 131 70
-0.090551 -0.043307 0.027559 -0.7020 -0.7045 -0.1039 211 131 70
-0.090551 -0.043307 0.035433 -0.6838 -0.7270 0.0627 212 131 70
-0.090551 -0.043307 0.043307 -0.6299 -0.7616 0.1522 213 131 69
-0.090551 -0.043307 0.051181 -0.5746 -0.7807 0.2457 212 131 68
-0.090551 -0.043307 0.059055 -0.5483 -0.7479 0.3741 212 130 67
-0.090551 -0.043307 0.066929 -0.4898 -0.7253 0.4838 213 130 67
-0.090551 -0.043307 0.074803 -0.4885 -0.7132 0.5027 212 130 67
-0.090551 -0.035433 0.003937 -0.7374 -0.3787 -0.5593 210 127 69
-0.090551 -0.035433 0.011811 -0.7217 -0.4969 -0.4820 209 128 68
-0.090551 -0.035433 0.019685 -0.6940 -0.7092 -0.1241 208 128 68
-0.090551 -0.035433 0.027559 -0.6807 -0.7326 0.0045 209 128 68
-0.090551 -0.035433 0.035433 -0.6435 -0.7621 0.0710 212 130 69
-0.090551 -0.035433 0.043307 -0.6135 -0.7702 0.1746 213 130 68
-0.090551 -0.035433 0.051181 -0.5952 -0.7717 0.2241 213 131 67
-0.090551 -0.035433 0.059055 -0.5648 -0.7532 0.3373 214 130 66
-0.090551 -0.035433 0.066929 -0.5470 -0.7358 0.3993 213 130 66
-0.090551 -0.035433 0.074803 -0.5819 -0.7017 0.4111 212 130 66
-0.090551 -0.027559 0.019685 -0.6206 -0.7841 0.0074 211 129 70
-0.090551 -0.027559 0.027559 -0.6047 -0.7935 0.0684 211 130 69
-0.090551 -0.027559 0.035433 -0.6391 -0.7678 0.0450 213 130 68
-0.090551 -0.027559 0.043307 -0.6235 -0.7705 0.1322 212 130 68
-0.090551 -0.027559 0.051181 -0.6354 -0.7531 0.1703 211 129 67
-0.090551 -0.027559 0.059055 -0.6245 -0.7246 0.2914 213 131 67
-0.090551 -0.027559 0.066929 -0.6033 -0.7155 0.3524 213 129 67
-0.090551 -0.027559 0.074803 -0.6477 -0.6917 0.3194 212 130 69
-0.090551 -0.019685 0.043307 -0.6162 -0.7748 0.1411 213 129 70
-0.082677 -0.106299 0.027559 0.3394 0.9050 -0.2564 204 135 79
-0.082677 -0.106299 0.035433 0.3014 0.9112 -0.2807 205 136 75
-0.082677 -0.106299 0.043307 0.4025 0.9078 -0.1181 204 134 76
-0.082677 -0.106299 0.051181 0.4050 0.9132 -0.0463 205 135 76
-0.082677 -0.106299 0.059055 0.3671 0.9293 0.0408 206 135 75
-0.082677 -0.106299 0.066929 0.3109 0.9393 0.1449 207 135 75
-0.082677 -0.106299 0.074803 0.2971 0.9127 0.2804 205 137 75
-0.082677 -0.098425 0.027559 0.3061 0.8842 -0.3530 206 131 71
-0.082677 -0.098425 0.035433 0.3037 0.8894 -0.3417 206 131 72
-0.082677 -0.098425 0.043307 0.4425 0.8877 -0.1271 207 132 71
-0.082677 -0.098425 0.051181 0.4383 0.8980 -0.0380 208 132 71
-0.082677 -0.098425 0.059055 0.4074 0.9096 0.0818 207 132 70
-0.082677 -0.098425 0.066929 0.3608 0.9162 0.1745 207 132 70
-0.082677 -0.098425 0.074803 0.3298 0.8828 0.3346 208 133 72
-0.082677 -0.098425 0.082677 0.2701 0.8251 0.4963 208 132 72
-0.082677 -0.098425 0.090551 0.1905 0.7580 0.6238 207 131 71
-0.082677 -0.098425 0.098425 0.0552 0.6994 0.7126 205 133 73
-0.082677 -0.090551 0.019685 0.2402 0.8401 -0.4863 207 131 71
-0.082677 -0.090551 0.027559 0.2612 0.8694 -0.4194 206 130 72
-0.082677 -0.090551 0.035433 0.3435 0.8731 -0.3461 208 131 70
-0.082677 -0.090551 0.043307 0.4599 0.8824 -0.0995 208 131 70
-0.082677 -0.090551 0.051181 0.4504 0.8928 -0.0002 208 131 70
-0.082677 -0.090551 0.059055 0.4195 0.8920 0.1683 209 131 70
-0.082677 -0.090551 0.066929 0.3854 0.8632 0.3261 209 131 69
-0.082677 -0.090551 0.074803 0.3308 0.7936 0.5107 209 131 68
-0.082677 -0.090551 0.082677 0.2309 0.6879 0.6881 209 131 67
-0.082677 -0.090551 0.090551 0.1393 0.5789 0.8034 208 130 67
-0.082677 -0.090551 0.098425 0.0795 0.5418 0.8368 207 131 68
-0.082677 -0.082677 0.011811 0.1345 0.8000 -0.5848 205 131 71
-0.082677 -0.082677 0.019685 0.1464 0.8004 -0.5813 206 130 70
-0.082677 -0.082677 0.027559 0.1425 0.8212 -0.5526 206 130 70
-0.082677 -0.082677 0.035433 0.3829 0.8729 -0.3023 208 131 70
-0.082677 -0.082677 0.043307 0.3836 0.9181 -0.0999 209 131 70
-0.082677 -0.082677 0.051181 0.3850 0.9114 0.1455 209 131 69
-0.082677 -0.082677 0.059055 0.3643 0.8680 0.3374 210 131 68
-0.082677 -0.082677 0.066929 0.2420 0.7022 0.6696 210 130 67
-0.082677 -0.082677 0.074803 0.1262 0.4833 0.8663 211 130 67
-0.082677 -0.082677 0.082677 0.0195 0.2849 0.9584 211 130 66
-0.082677 -0.082677 0.090551 -0.0724 0.1723 0.9824 208 130 67
-0.082677 -0.074803 0.011811 -0.0140 0.6621 -0.7493 207 130 70
-0.082677 -0.074803 0.019685 0.0252 0.6899 -0.7234 207 130 70
-0.082677 -0.074803 0.027559 0.0496 0.7206 -0.6916 208 130 69
-0.082677 -0.074803 0.035433 0.3006 0.8406 -0.4505 209 130 69
-0.082677 -0.074803 0.043307 0.3151 0.9272 -0.2025 209 131 69
-0.082677 -0.074803 0.051181 0.2600 0.9109 0.3204 210 131 68
-0.082677 -0.074803 0.059055 0.1499 0.6643 0.7323 211 130 67
-0.082677 -0.074803 0.066929 0.0492 0.3093 0.9497 211 130 66
-0.082677 -0.074803 0.074803 -0.0817 0.0988 0.9917 211 130 66
-0.082677 -0.074803 0.082677 -0.1487 0.0050 0.9889 211 129 66
-0.082677 -0.074803 0.090551 -0.2129 -0.0626 0.9751 210 129 67
-0.082677 -0.066929 0.003937 -0.1888 0.4185 -0.8884 207 130 69
-0.082677 -0.066929 0.011811 -0.1654 0.4812 -0.8609 207 130 69
-0.082677 -0.066929 0.019685 -0.1588 0.5036 -0.8492 208 131 69
-0.082677 -0.066929 0.027559 0.0352 0.4586 -0.8879 208 130 69
-0.082677 -0.066929 0.035433 -0.0401 0.4741 -0.8796 209 131 68
-0.082677 -0.066929 0.043307 -0.7531 0.3266 -0.5711 210 131 68
-0.082677 -0.066929 0.051181 -0.3592 0.1812 0.9155 211 131 67
-0.082677 -0.066929 0.059055 -0.3288 -0.3159 0.8900 212 130 67
-0.082677 -0.066929 0.066929 -0.3014 -0.3212 0.8978 212 130 67
-0.082677 -0.066929 0.074803 -0.2908 -0.3627 0.8854 212 130 66
-0.082677 -0.066929 0.082677 -0.2812 -0.3312 0.9007 211 129 66
-0.082677 -0.066929 0.090551 -0.2644 -0.3884 0.8828 210 129 68
-0.082677 -0.059055 -0.003937 -0.5235 0.3633 -0.7707 208 131 69
-0.082677 -0.059055 0.003937 -0.3593 0.1939 -0.9129 208 130 71
-0.082677 -0.059055 0.011811 -0.3567 0.2435 -0.9019 209 130 69
-0.082677 -0.059055 0.019685 -0.4254 0.1972 -0.8833 209 130 69
-0.082677 -0.059055 0.027559 -0.5775 -0.3136 -0.7538 210 130 69
-0.082677 -0.059055 0.035433 -0.7429 -0.5936 -0.3094 210 131 69
-0.082677 -0.059055 0.043307 -0.6494 -0.7187 0.2483 211 131 68
-0.082677 -0.059055 0.051181 -0.5767 -0.7075 0.4086 212 131 68
-0.082677 -0.059055 0.059055 -0.4353 -0.6490 0.6240 212 131 67
-0.082677 -0.059055 0.066929 -0.3889 -0.5520 0.7375 213 131 66
-0.082677 -0.059055 0.074803 -0.3696 -0.5087 0.7776 212 130 66
-0.082677 -0.059055 0.082677 -0.3769 -0.4959 0.7823 210 129 67
-0.082677 -0.051181 -0.003937 -0.5179 0.1138 -0.8479 208 129 69
-0.082677 -0.051181 0.003937 -0.4901 0.0555 -0.8699 209 129 68
-0.082677 -0.051181 0.011811 -0.5851 -0.0247 -0.8106 210 130 68
-0.082677 -0.051181 0.019685 -0.6225 -0.4539 -0.6375 210 130 69
-0.082677 -0.051181 0.027559 -0.6611 -0.6783 -0.3207 210 130 69
-0.082677 -0.051181 0.035433 -0.6747 -0.7380 -0.0100 211 130 68
-0.082677 -0.051181 0.043307 -0.5655 -0.7878 0.2440 211 131 68
-0.082677 -0.051181 0.051181 -0.5432 -0.7747 0.3236 211 130 65
-0.082677 -0.051181 0.059055 -0.4860 -0.7433 0.4597 212 130 66
-0.082677 -0.051181 0.066929 -0.4563 -0.6601 0.5968 213 130 66
-0.082677 -0.051181 0.074803 -0.3860 -0.6489 0.6557 212 129 66
-0.082677 -0.051181 0.082677 -0.4140 -0.6041 0.6809 212 129 67
-0.082677 -0.043307 -0.011811 -0.6084 -0.0313 -0.7930 206 127 68
-0.082677 -0.043307 -0.003937 -0.6070 -0.1001 -0.7883 209 127 67
-0.082677 -0.043307 0.003937 -0.6303 -0.1019 -0.7696 210 129 67
-0.082677 -0.043307 0.011811 -0.6909 -0.1712 -0.7024 210 129 68
-0.082677 -0.043307 0.019685 -0.7114 -0.6176 -0.3354 211 130 67
-0.082677 -0.043307 0.027559 -0.6887 -0.7104 -0.1451 212 130 68
-0.082677 -0.043307 0.035433 -0.6500 -0.7569 0.0680 213 130 67
-0.082677 -0.043307 0.043307 -0.6001 -0.7714 0.2115 213 130 67
-0.082677 -0.043307 0.051181 -0.5531 -0.7728 0.3113 213 130 65
-0.082677 -0.043307 0.059055 -0.5086 -0.7277 0.4603 214 130 66
-0.082677 -0.043307 0.066929 -0.4632 -0.6866 0.5603 214 129 66
-0.082677 -0.043307 0.074803 -0.4630 -0.6585 0.5933 213 129 66
-0.082677 -0.035433 -0.011811 -0.6721 -0.2078 -0.7107 207 126 68
-0.082677 -0.035433 -0.003937 -0.7197 -0.2603 -0.6436 208 127 68
-0.082677 -0.035433 0.003937 -0.7473 -0.2627 -0.6104 208 127 68
-0.082677 -0.035433 0.011811 -0.7058 -0.5639 -0.4288 210 128 67
-0.082677 -0.035433 0.019685 -0.6993 -0.6896 -0.1883 210 128 66
-0.082677 -0.035433 0.027559 -0.6861 -0.7273 -0.0186 212 129 66
-0.082677 -0.035433 0.035433 -0.6702 -0.7379 0.0792 213 129 66
-0.082677 -0.035433 0.043307 -0.5996 -0.7694 0.2202 214 130 66
-0.082677 -0.035433 0.051181 -0.5714 -0.7647 0.2980 214 129 65
-0.082677 -0.035433 0.059055 -0.5391 -0.7342 0.4128 215 129 65
-0.082677 -0.035433 0.066929 -0.5002 -0.7120 0.4928 215 129 65
-0.082677 -0.035433 0.074803 -0.5187 -0.6918 0.5024 213 129 64
-0.082677 -0.027559 -0.003937 -0.7363 -0.3657 -0.5693 210 127 68
-0.082677 -0.027559 0.003937 -0.7137 -0.4310 -0.5522 210 128 67
-0.082677 -0.027559 0.011811 -0.6663 -0.7177 -0.2023 211 129 67
-0.082677 -0.027559 0.019685 -0.6612 -0.7450 -0.0879 211 129 68
-0.082677 -0.027559 0.027559 -0.6657 -0.7462 -0.0026 213 129 67
-0.082677 -0.027559 0.035433 -0.6406 -0.7588 0.1179 214 129 66
-0.082677 -0.027559 0.043307 -0.6113 -0.7646 0.2042 214 128 64
-0.082677 -0.027559 0.051181 -0.5942 -0.7523 0.2845 214 128 64
-0.082677 -0.027559 0.059055 -0.5680 -0.7366 0.3672 214 129 65
-0.082677 -0.027559 0.066929 -0.5692 -0.7077 0.4185 213 128 65
-0.082677 -0.019685 0.027559 -0.6289 -0.7741 0.0729 212 129 66
-0.082677 -0.019685 0.035433 -0.6267 -0.7679 0.1325 211 128 67
-0.082677 -0.019685 0.043307 -0.6331 -0.7549 0.1709 213 129 66
-0.082677 -0.019685 0.051181 -0.6154 -0.7457 0.2553 215 128 64
-0.082677 -0.019685 0.059055 -0.6188 -0.7101 0.3360 214 128 66
-0.082677 -0.019685 0.066929 -0.6171 -0.6796 0.3967 214 129 67
-0.082677 -0.011811 0.035433 -0.6317 -0.7652 0.1240 212 128 68
-0.074803 -0.106299 0.043307 0.4510 0.8843 -0.1209 203 137 78
-0.074803 -0.106299 0.051181 0.3904 0.9206 -0.0036 204 138 80
-0.074803 -0.106299 0.059055 0.3380 0.9367 0.0918 205 139 81
-0.074803 -0.098425 0.027559 0.3292 0.8951 -0.3008 206 131 73
-0.074803 -0.098425 0.035433 0.2871 0.9124 -0.2916 205 133 72
-0.074803 -0.098425 0.043307 0.4056 0.9136 -0.0306 206 133 73
-0.074803 -0.098425 0.051181 0.4014 0.9158 0.0158 207 132 72
-0.074803 -0.098425 0.059055 0.3505 0.9313 0.0991 207 132 71
-0.074803 -0.098425 0.066929 0.2879 0.9344 0.2096 206 132 70
-0.074803 -0.098425 0.074803 0.2486 0.9017 0.3538 208 132 70
-0.074803 -0.098425 0.082677 0.1224 0.8532 0.5070 208 133 73
-0.074803 -0.090551 0.019685 0.2831 0.8664 -0.4115 207 131 70
-0.074803 -0.090551 0.027559 0.3126 0.8814 -0.3542 207 130 71
-0.074803 -0.090551 0.035433 0.3670 0.8850 -0.2866 208 131 70
-0.074803 -0.090551 0.043307 0.4392 0.8965 -0.0587 209 131 69
-0.074803 -0.090551 0.051181 0.4243 0.9048 0.0348 209 131 69
-0.074803 -0.090551 0.059055 0.3792 0.9112 0.1610 209 131 67
-0.074803 -0.090551 0.066929 0.3467 0.8940 0.2838 209 130 67
-0.074803 -0.090551 0.074803 0.2674 0.8420 0.4685 209 130 67
-0.074803 -0.090551 0.082677 0.1972 0.7504 0.6309 209 130 67
-0.074803 -0.090551 0.090551 0.1456 0.6797 0.7189 208 130 67
-0.074803 -0.090551 0.098425 0.0604 0.6341 0.7709 206 131 71
-0.074803 -0.082677 0.011811 0.2167 0.8406 -0.4965 206 130 71
-0.074803 -0.082677 0.019685 0.2059 0.8369 -0.5071 207 130 69
-0.074803 -0.082677 0.027559 0.2367 0.8657 -0.4410 208 130 68
-0.074803 -0.082677 0.035433 0.4243 0.8935 -0.1470 209 130 68
-0.074803 -0.082677 0.043307 0.3979 0.9174 -0.0085 209 130 68
-0.074803 -0.082677 0.051181 0.4026 0.8993 0.1707 209 131 68
-0.074803 -0.082677 0.059055 0.3712 0.8669 0.3327 210 130 66
-0.074803 -0.082677 0.066929 0.3384 0.8192 0.4630 210 130 66
-0.074803 -0.082677 0.074803 0.2101 0.6570 0.7240 211 129 66
-0.074803 -0.082677 0.082677 0.1299 0.5521 0.8236 211 129 66
-0.074803 -0.082677 0.090551 0.0495 0.4900 0.8703 208 129 67
-0.074803 -0.074803 0.003937 0.0879 0.7654 -0.6375 206 129 68
-0.074803 -0.074803 0.011811 0.1360 0.7813 -0.6092 207 129 69
-0.074803 -0.074803 0.019685 0.1302 0.8002 -0.5854 207 129 68
-0.074803 -0.074803 0.027559 0.2095 0.8396 -0.5012 208 129 68
-0.074803 -0.074803 0.035433 0.3869 0.9085 -0.1583 209 130 68
-0.074803 -0.074803 0.043307 0.3509 0.9313 0.0981 210 129 67
-0.074803 -0.074803 0.051181 0.3294 0.8677 0.3723 210 130 67
-0.074803 -0.074803 0.059055 0.2502 0.7112 0.6569 211 130 66
-0.074803 -0.074803 0.066929 0.1645 0.5459 0.8216 211 129 65
-0.074803 -0.074803 0.074803 0.0127 0.2913 0.9565 211 129 65
-0.074803 -0.074803 0.082677 -0.0877 0.2097 0.9738 211 129 65
-0.074803 -0.074803 0.090551 -0.1189 0.1159 0.9861 210 129 65
-0.074803 -0.066929 0.003937 -0.0210 0.6581 -0.7526 207 129 68
-0.074803 -0.066929 0.011811 0.0292 0.6850 -0.7279 208 129 67
-0.074803 -0.066929 0.019685 -0.0193 0.6827 -0.7305 208 129 68
-0.074803 -0.066929 0.027559 0.2572 0.8350 -0.4865 209 129 68
-0.074803 -0.066929 0.035433 0.2475 0.9512 -0.1841 210 130 67
-0.074803 -0.066929 0.043307 0.2281 0.8836 0.4088 211 130 66
-0.074803 -0.066929 0.051181 0.0602 0.5527 0.8312 211 130 65
-0.074803 -0.066929 0.059055 -0.0281 0.2496 0.9679 212 129 65
-0.074803 -0.066929 0.066929 -0.1294 -0.0354 0.9910 212 129 65
-0.074803 -0.066929 0.074803 -0.1412 -0.1250 0.9821 212 129 65
-0.074803 -0.066929 0.082677 -0.2315 -0.1439 0.9621 210 128 66
-0.074803 -0.059055 -0.003937 -0.2103 0.4809 -0.8512 207 130 68
-0.074803 -0.059055 0.003937 -0.2040 0.4488 -0.8700 208 128 67
-0.074803 -0.059055 0.011811 -0.1931 0.4994 -0.8446 209 129 66
-0.074803 -0.059055 0.019685 -0.2653 0.4262 -0.8649 209 129 67
-0.074803 -0.059055 0.027559 -0.4315 0.3631 -0.8258 209 128 66
-0.074803 -0.059055 0.035433 -0.9974 -0.0662 -0.0293 211 130 66
-0.074803 -0.059055 0.043307 -0.4878 -0.2922 0.8226 212 129 66
-0.074803 -0.059055 0.051181 -0.4026 -0.4651 0.7884 212 129 65
-0.074803 -0.059055 0.059055 -0.3469 -0.4243 0.8364 213 129 65
-0.074803 -0.059055 0.066929 -0.3364 -0.4112 0.8472 213 129 65
-0.074803 -0.059055 0.074803 -0.3078 -0.4027 0.8620 212 128 65
-0.074803 -0.059055 0.082677 -0.3528 -0.3904 0.8504 211 127 65
-0.074803 -0.051181 -0.011811 -0.4880 0.2913 -0.8228 208 129 68
-0.074803 -0.051181 -0.003937 -0.3938 0.2205 -0.8924 208 128 68
-0.074803 -0.051181 0.003937 -0.4208 0.2247 -0.8789 210 128 67
-0.074803 -0.051181 0.011811 -0.4456 0.2067 -0.8710 209 128 67
-0.074803 -0.051181 0.019685 -0.6051 -0.3468 -0.7167 210 129 67
-0.074803 -0.051181 0.027559 -0.7140 -0.6381 -0.2883 211 129 66
-0.074803 -0.051181 0.035433 -0.6959 -0.7054 0.1347 212 129 65
-0.074803 -0.051181 0.043307 -0.5379 -0.7415 0.4010 214 129 65
-0.074803 -0.051181 0.051181 -0.4872 -0.6893 0.5363 212 128 63
-0.074803 -0.051181 0.059055 -0.4220 -0.5985 0.6810 213 128 64
-0.074803 -0.051181 0.066929 -0.3805 -0.5610 0.7352 212 128 64
-0.074803 -0.051181 0.074803 -0.3505 -0.5330 0.7701 211 128 65
-0.074803 -0.051181 0.082677 -0.3506 -0.5100 0.7855 211 129 66
-0.074803 -0.043307 -0.011811 -0.5361 0.0628 -0.8418 208 127 68
-0.074803 -0.043307 -0.003937 -0.5298 0.0368 -0.8473 210 127 66
-0.074803 -0.043307 0.003937 -0.5909 -0.0345 -0.8060 211 128 66
-0.074803 -0.043307 0.011811 -0.6092 -0.1572 -0.7773 211 129 66
-0.074803 -0.043307 0.019685 -0.6891 -0.6407 -0.3386 212 129 66
-0.074803 -0.043307 0.027559 -0.6774 -0.7344 -0.0433 213 129 65
-0.074803 -0.043307 0.035433 -0.6409 -0.7570 0.1273 213 129 65
-0.074803 -0.043307 0.043307 -0.5642 -0.7489 0.3475 214 128 64
-0.074803 -0.043307 0.051181 -0.5107 -0.7278 0.4577 214 128 63
-0.074803 -0.043307 0.059055 -0.4416 -0.6987 0.5628 214 128 63
-0.074803 -0.043307 0.066929 -0.4118 -0.6470 0.6417 213 128 63
-0.074803 -0.043307 0.074803 -0.4338 -0.5787 0.6906 213 128 63
-0.074803 -0.035433 -0.019685 -0.5810 -0.0411 -0.8129 207 127 67
-0.074803 -0.035433 -0.011811 -0.6278 -0.0964 -0.7724 209 126 67
-0.074803 -0.035433 -0.003937 -0.6634 -0.1803 -0.7263 210 127 66
-0.074803 -0.035433 0.003937 -0.7216 -0.2079 -0.6603 211 126 65
-0.074803 -0.035433 0.011811 -0.7278 -0.5841 -0.3593 212 128 65
-0.074803 -0.035433 0.019685 -0.7276 -0.6718 -0.1385 212 127 64
-0.074803 -0.035433 0.027559 -0.6746 -0.7379 0.0211 214 128 64
-0.074803 -0.035433 0.035433 -0.6330 -0.7604 0.1451 214 129 64
-0.074803 -0.035433 0.043307 -0.5722 -0.7639 0.2984 215 128 63
-0.074803 -0.035433 0.051181 -0.5443 -0.7459 0.3839 215 128 63
-0.074803 -0.035433 0.059055 -0.4886 -0.7056 0.5132 215 128 63
-0.074803 -0.035433 0.066929 -0.4662 -0.6800 0.5659 214 128 64
-0.074803 -0.035433 0.074803 -0.5287 -0.6536 0.5415 214 128 64
-0.074803 -0.027559 -0.019685 -0.6564 -0.2057 -0.7259 208 125 65
-0.074803 -0.027559 -0.011811 -0.7120 -0.2292 -0.6637 210 125 64
-0.074803 -0.027559 -0.003937 -0.7350 -0.2795 -0.6177 210 126 67
-0.074803 -0.027559 0.003937 -0.7655 -0.3526 -0.5383 210 127 67
-0.074803 -0.027559 0.011811 -0.7119 -0.6899 -0.1309 212 128 66
-0.074803 -0.027559 0.019685 -0.7106 -0.7035 -0.0120 214 128 64
-0.074803 -0.027559 0.027559 -0.6650 -0.7443 0.0626 214 128 63
-0.074803 -0.027559 0.035433 -0.6290 -0.7482 0.2112 215 129 63
-0.074803 -0.027559 0.043307 -0.5946 -0.7481 0.2945 215 128 62
-0.074803 -0.027559 0.051181 -0.5720 -0.7393 0.3553 215 127 61
-0.074803 -0.027559 0.059055 -0.5250 -0.6953 0.4908 215 127 62
-0.074803 -0.027559 0.066929 -0.5201 -0.6939 0.4981 214 127 63
-0.074803 -0.019685 -0.003937 -0.7227 -0.4508 -0.5239 211 126 64
-0.074803 -0.019685 0.003937 -0.6854 -0.7001 -0.2002 211 126 66
-0.074803 -0.019685 0.011811 -0.6512 -0.7543 -0.0840 213 128 66
-0.074803 -0.019685 0.019685 -0.6469 -0.7622 0.0219 213 128 64
-0.074803 -0.019685 0.027559 -0.6316 -0.7655 0.1226 214 128 63
-0.074803 -0.019685 0.035433 -0.6188 -0.7625 0.1888 215 128 63
-0.074803 -0.019685 0.043307 -0.6022 -0.7414 0.2959 216 127 62
-0.074803 -0.019685 0.051181 -0.5778 -0.7377 0.3492 215 128 63
-0.074803 -0.019685 0.059055 -0.5586 -0.7038 0.4389 215 127 62
-0.074803 -0.019685 0.066929 -0.5862 -0.6999 0.4081 214 128 64
-0.074803 -0.011811 0.011811 -0.5725 -0.8160 0.0794 212 126 63
-0.074803 -0.011811 0.019685 -0.6380 -0.7700 0.0091 213 126 65
-0.074803 -0.011811 0.027559 -0.6150 -0.7846 0.0789 212 127 64
-0.074803 -0.011811 0.035433 -0.6273 -0.7627 0.1575 213 127 64
-0.074803 -0.011811 0.043307 -0.6265 -0.7387 0.2487 214 126 64
-0.074803 -0.011811 0.051181 -0.6184 -0.7131 0.3303 215 127 64
-0.074803 -0.011811 0.059055 -0.6121 -0.6901 0.3862 215 125 64
-0.066929 -0.098425 0.027559 0.2981 0.9129 -0.2790 206 134 72
-0.066929 -0.098425 0.035433 0.2791 0.9318 -0.2322 206 135 73
-0.066929 -0.098425 0.043307 0.3876 0.9218 0.0099 206 135 74
-0.066929 -0.098425 0.051181 0.3442 0.9387 0.0209 206 135 71
-0.066929 -0.098425 0.059055 0.3253 0.9348 0.1425 202 135 73
-0.066929 -0.090551 0.019685 0.3105 0.8919 -0.3288 207 131 69
-0.066929 -0.090551 0.027559 0.3233 0.9042 -0.2791 206 131 70
-0.066929 -0.090551 0.035433 0.4303 0.8928 -0.1330 208 131 70
-0.066929 -0.090551 0.043307 0.4236 0.9057 -0.0167 210 131 69
-0.066929 -0.090551 0.051181 0.3761 0.9235 0.0749 209 131 68
-0.066929 -0.090551 0.059055 0.3186 0.9330 0.1674 208 131 68
-0.066929 -0.090551 0.066929 0.2911 0.9115 0.2906 209 131 67
-0.066929 -0.090551 0.074803 0.2422 0.8672 0.4350 208 130 67
-0.066929 -0.090551 0.082677 0.0887 0.7848 0.6134 208 131 70
-0.066929 -0.090551 0.090551 0.0595 0.7030 0.7087 206 131 71
-0.066929 -0.082677 0.011811 0.2701 0.8701 -0.4122 206 130 70
-0.066929 -0.082677 0.019685 0.2867 0.8729 -0.3949 207 130 68
-0.066929 -0.082677 0.027559 0.2902 0.8946 -0.3399 208 130 67
-0.066929 -0.082677 0.035433 0.4122 0.9049 -0.1063 209 130 67
-0.066929 -0.082677 0.043307 0.3938 0.9192 0.0038 209 130 67
-0.066929 -0.082677 0.051181 0.3926 0.9103 0.1313 210 130 66
-0.066929 -0.082677 0.059055 0.3831 0.8923 0.2390 211 129 65
-0.066929 -0.082677 0.066929 0.3437 0.8490 0.4013 211 129 64
-0.066929 -0.082677 0.074803 0.2449 0.7705 0.5885 211 129 65
-0.066929 -0.082677 0.082677 0.1465 0.6866 0.7121 210 128 65
-0.066929 -0.082677 0.090551 0.0885 0.6152 0.7834 208 129 65
-0.066929 -0.074803 0.003937 0.2041 0.8292 -0.5203 207 129 68
-0.066929 -0.074803 0.011811 0.1689 0.8228 -0.5427 207 129 67
-0.066929 -0.074803 0.019685 0.1969 0.8632 -0.4649 208 129 67
-0.066929 -0.074803 0.027559 0.3895 0.8774 -0.2803 209 129 66
-0.066929 -0.074803 0.035433 0.3999 0.9129 -0.0817 210 129 66
-0.066929 -0.074803 0.043307 0.3836 0.9209 0.0695 211 129 65
-0.066929 -0.074803 0.051181 0.3548 0.8725 0.3359 211 128 65
-0.066929 -0.074803 0.059055 0.2737 0.7840 0.5572 211 129 65
-0.066929 -0.074803 0.066929 0.2254 0.7282 0.6472 211 128 64
-0.066929 -0.074803 0.074803 0.1196 0.5150 0.8488 211 128 64
-0.066929 -0.074803 0.082677 -0.0153 0.3983 0.9171 211 128 64
-0.066929 -0.074803 0.090551 -0.0519 0.2924 0.9549 209 129 66
-0.066929 -0.066929 0.003937 0.0793 0.7584 -0.6469 208 128 67
-0.066929 -0.066929 0.011811 0.0879 0.7535 -0.6516 208 128 66
-0.066929 -0.066929 0.019685 0.0912 0.7876 -0.6094 209 128 66
-0.066929 -0.066929 0.027559 0.3824 0.8806 -0.2800 210 128 66
-0.066929 -0.066929 0.035433 0.3313 0.9433 -0.0200 211 129 65
-0.066929 -0.066929 0.043307 0.3339 0.8854 0.3234 211 129 65
-0.066929 -0.066929 0.051181 0.2490 0.7437 0.6205 212 129 64
-0.066929 -0.066929 0.059055 0.1382 0.4922 0.8594 212 128 64
-0.066929 -0.066929 0.066929 0.0501 0.3522 0.9346 212 128 64
-0.066929 -0.066929 0.074803 -0.0796 0.1521 0.9852 211 128 64
-0.066929 -0.066929 0.082677 -0.1414 0.1421 0.9797 210 128 65
-0.066929 -0.059055 -0.003937 -0.0949 0.5983 -0.7957 207 129 65
-0.066929 -0.059055 0.003937 -0.0739 0.5855 -0.8073 208 128 66
-0.066929 -0.059055 0.011811 -0.0366 0.6958 -0.7173 209 128 65
-0.066929 -0.059055 0.019685 0.0781 0.7340 -0.6746 210 128 65
-0.066929 -0.059055 0.027559 0.1386 0.9332 -0.3315 210 128 65
-0.066929 -0.059055 0.035433 0.0391 0.9426 0.3317 211 128 63
-0.066929 -0.059055 0.043307 -0.0242 0.5541 0.8321 211 128 64
-0.066929 -0.059055 0.051181 -0.1312 0.1173 0.9844 212 127 63
-0.066929 -0.059055 0.059055 -0.2336 -0.0922 0.9680 212 127 64
-0.066929 -0.059055 0.066929 -0.1746 -0.1415 0.9744 212 127 63
-0.066929 -0.059055 0.074803 -0.2079 -0.1775 0.9619 211 127 63
-0.066929 -0.059055 0.082677 -0.2772 -0.1819 0.9434 211 128 64
-0.066929 -0.051181 -0.011811 -0.2454 0.4585 -0.8541 208 128 66
-0.066929 -0.051181 -0.003937 -0.2517 0.4022 -0.8803 208 127 67
-0.066929 -0.051181 0.003937 -0.2265 0.4474 -0.8652 209 127 65
-0.066929 -0.051181 0.011811 -0.2317 0.5284 -0.8167 210 128 65
-0.066929 -0.051181 0.019685 -0.4624 0.1994 -0.8640 211 127 64
-0.066929 -0.051181 0.027559 -0.9872 -0.0773 -0.1392 212 128 64
-0.066929 -0.051181 0.035433 -0.7385 -0.4469 0.5048 212 127 63
-0.066929 -0.051181 0.043307 -0.4188 -0.4818 0.7697 213 127 63
-0.066929 -0.051181 0.051181 -0.3696 -0.4450 0.8157 213 127 62
-0.066929 -0.051181 0.059055 -0.3662 -0.4692 0.8036 214 127 63
-0.066929 -0.051181 0.066929 -0.2658 -0.4029 0.8758 213 127 63
-0.066929 -0.051181 0.074803 -0.3215 -0.3943 0.8609 212 127 64
-0.066929 -0.043307 -0.019685 -0.5857 0.3192 -0.7450 210 128 68
-0.066929 -0.043307 -0.011811 -0.4256 0.2109 -0.8800 208 125 65
-0.066929 -0.043307 -0.003937 -0.4194 0.1901 -0.8877 210 125 64
-0.066929 -0.043307 0.003937 -0.4524 0.1884 -0.8717 211 127 65
-0.066929 -0.043307 0.011811 -0.5739 -0.1503 -0.8050 211 127 64
-0.066929 -0.043307 0.019685 -0.7464 -0.5143 -0.4223 212 127 63
-0.066929 -0.043307 0.027559 -0.7065 -0.7076 0.0131 213 128 63
-0.066929 -0.043307 0.035433 -0.6310 -0.7327 0.2550 214 127 63
-0.066929 -0.043307 0.043307 -0.5156 -0.6812 0.5197 214 127 62
-0.066929 -0.043307 0.051181 -0.4670 -0.6383 0.6119 214 127 62
-0.066929 -0.043307 0.059055 -0.4078 -0.6102 0.6792 214 128 62
-0.066929 -0.043307 0.066929 -0.3702 -0.5407 0.7554 214 127 63
-0.066929 -0.043307 0.074803 -0.3898 -0.4951 0.7765 213 127 63
-0.066929 -0.035433 -0.019685 -0.4981 0.0710 -0.8642 209 126 65
-0.066929 -0.035433 -0.011811 -0.5245 0.0439 -0.8503 210 125 65
-0.066929 -0.035433 -0.003937 -0.5807 0.0010 -0.8141 211 126 64
-0.066929 -0.035433 0.003937 -0.6365 -0.0895 -0.7660 212 127 64
-0.066929 -0.035433 0.011811 -0.7069 -0.5793 -0.4060 212 127 63
-0.066929 -0.035433 0.019685 -0.7189 -0.6764 -0.1602 213 127 62
-0.066929 -0.035433 0.027559 -0.6708 -0.7416 -0.0004 214 128 62
-0.066929 -0.035433 0.035433 -0.6066 -0.7647 0.2177 214 127 61
-0.066929 -0.035433 0.043307 -0.5481 -0.7575 0.3548 215 127 62
-0.066929 -0.035433 0.051181 -0.5220 -0.6983 0.4897 214 128 61
-0.066929 -0.035433 0.059055 -0.4325 -0.6587 0.6157 215 127 61
-0.066929 -0.035433 0.066929 -0.4230 -0.6004 0.6787 213 126 62
-0.066929 -0.027559 -0.027559 -0.6356 -0.0286 -0.7715 207 123 63
-0.066929 -0.027559 -0.019685 -0.5633 -0.1051 -0.8195 208 123 63
-0.066929 -0.027559 -0.011811 -0.6354 -0.1453 -0.7584 211 125 64
-0.066929 -0.027559 -0.003937 -0.6999 -0.1982 -0.6862 211 125 63
-0.066929 -0.027559 0.003937 -0.7554 -0.4381 -0.4873 212 126 63
-0.066929 -0.027559 0.011811 -0.7186 -0.6796 -0.1471 214 127 63
-0.066929 -0.027559 0.019685 -0.6879 -0.7255 -0.0222 214 127 62
-0.066929 -0.027559 0.027559 -0.6578 -0.7492 0.0770 215 127 62
-0.066929 -0.027559 0.035433 -0.6119 -0.7452 0.2652 216 127 61
-0.066929 -0.027559 0.043307 -0.5747 -0.7275 0.3748 215 126 61
-0.066929 -0.027559 0.051181 -0.5233 -0.7191 0.4572 215 126 60
-0.066929 -0.027559 0.059055 -0.4981 -0.7025 0.5083 216 127 61
-0.066929 -0.027559 0.066929 -0.4802 -0.6572 0.5810 215 127 62
-0.066929 -0.019685 -0.027559 -0.6421 -0.1343 -0.7547 211 124 65
-0.066929 -0.019685 -0.019685 -0.6657 -0.2574 -0.7004 211 125 64
-0.066929 -0.019685 -0.011811 -0.7148 -0.2960 -0.6337 212 125 63
-0.066929 -0.019685 -0.003937 -0.7458 -0.3832 -0.5449 212 125 64
-0.066929 -0.019685 0.003937 -0.7113 -0.6690 -0.2155 213 126 63
-0.066929 -0.019685 0.011811 -0.6973 -0.7156 -0.0421 214 126 62
-0.066929 -0.019685 0.019685 -0.6787 -0.7312 0.0681 215 126 61
-0.066929 -0.019685 0.027559 -0.6438 -0.7449 0.1749 215 127 61
-0.066929 -0.019685 0.035433 -0.6224 -0.7323 0.2763 216 127 60
-0.066929 -0.019685 0.043307 -0.5754 -0.7437 0.3403 216 127 60
-0.066929 -0.019685 0.051181 -0.5319 -0.7297 0.4297 216 127 61
-0.066929 -0.019685 0.059055 -0.5047 -0.7159 0.4824 215 126 60
-0.066929 -0.019685 0.066929 -0.5609 -0.6842 0.4662 213 127 62
-0.066929 -0.011811 -0.011811 -0.7072 -0.5280 -0.4702 212 125 65
-0.066929 -0.011811 -0.003937 -0.7513 -0.4881 -0.4442 213 125 63
-0.066929 -0.011811 0.003937 -0.6695 -0.7398 -0.0677 213 125 61
-0.066929 -0.011811 0.011811 -0.6505 -0.7579 0.0499 214 125 62
-0.066929 -0.011811 0.019685 -0.6381 -0.7618 0.1118 214 126 62
-0.066929 -0.011811 0.027559 -0.6101 -0.7753 0.1635 216 126 61
-0.066929 -0.011811 0.035433 -0.6165 -0.7458 0.2524 215 126 61
-0.066929 -0.011811 0.043307 -0.5832 -0.7435 0.3272 216 126 61
-0.066929 -0.011811 0.051181 -0.5602 -0.7341 0.3837 215 125 61
-0.066929 -0.011811 0.059055 -0.5463 -0.7062 0.4505 214 125 62
-0.066929 -0.003937 0.003937 -0.6044 -0.7963 0.0233 212 125 63
-0.066929 -0.003937 0.011811 -0.6467 -0.7621 0.0304 213 124 61
-0.066929 -0.003937 0.019685 -0.6304 -0.7718 0.0831 214 125 62
-0.066929 -0.003937 0.027559 -0.6469 -0.7450 0.1630 214 124 62
-0.066929 -0.003937 0.035433 -0.6533 -0.7189 0.2374 214 125 62
-0.066929 -0.003937 0.043307 -0.6210 -0.7210 0.3074 215 124 61
-0.066929 -0.003937 0.051181 -0.6101 -0.7028 0.3659 214 124 61
-0.066929 -0.003937 0.059055 -0.6172 -0.6963 0.3663 214 126 63
-0.059055 -0.090551 0.019685 0.2951 0.9155 -0.2734 206 131 70
-0.059055 -0.090551 0.027559 0.3048 0.9173 -0.2561 206 131 69
-0.059055 -0.090551 0.035433 0.3813 0.9214 -0.0757 207 130 69
-0.059055 -0.090551 0.043307 0.3460 0.9379 0.0233 209 131 69
-0.059055 -0.090551 0.051181 0.3258 0.9401 0.1005 209 131 68
-0.059055 -0.090551 0.059055 0.2868 0.9411 0.1794 208 132 68
-0.059055 -0.090551 0.066929 0.2460 0.9178 0.3116 209 133 70
-0.059055 -0.082677 0.011811 0.2991 0.8894 -0.3458 208 129 69
-0.059055 -0.082677 0.019685 0.3008 0.8957 -0.3274 207 129 67
-0.059055 -0.082677 0.027559 0.3095 0.9070 -0.2856 209 129 66
-0.059055 -0.082677 0.035433 0.4058 0.9127 -0.0486 209 130 67
-0.059055 -0.082677 0.043307 0.3830 0.9223 0.0507 210 130 65
-0.059055 -0.082677 0.051181 0.3810 0.9047 0.1907 211 129 66
-0.059055 -0.082677 0.059055 0.3224 0.9066 0.2722 211 129 64
-0.059055 -0.082677 0.066929 0.2899 0.8678 0.4035 210 129 65
-0.059055 -0.082677 0.074803 0.2355 0.8013 0.5500 210 129 64
-0.059055 -0.082677 0.082677 0.1015 0.7252 0.6810 209 130 67
-0.059055 -0.082677 0.090551 0.0437 0.6185 0.7846 208 130 67
-0.059055 -0.074803 0.003937 0.2606 0.8761 -0.4058 207 129 67
-0.059055 -0.074803 0.011811 0.2577 0.8720 -0.4161 208 128 66
-0.059055 -0.074803 0.019685 0.2388 0.8862 -0.3970 209 128 66
-0.059055 -0.074803 0.027559 0.4143 0.8978 -0.1495 209 128 65
-0.059055 -0.074803 0.035433 0.4270 0.9038 -0.0296 209 128 64
-0.059055 -0.074803 0.043307 0.3991 0.9085 0.1239 211 128 64
-0.059055 -0.074803 0.051181 0.3763 0.8820 0.2836 211 128 63
-0.059055 -0.074803 0.059055 0.3307 0.8519 0.4062 211 128 63
-0.059055 -0.074803 0.066929 0.2838 0.7955 0.5353 211 128 63
-0.059055 -0.074803 0.074803 0.2065 0.6856 0.6981 211 128 63
-0.059055 -0.074803 0.082677 0.0985 0.6256 0.7739 209 128 64
-0.059055 -0.074803 0.090551 0.0399 0.5597 0.8277 208 129 66
-0.059055 -0.066929 0.003937 0.1784 0.8319 -0.5255 208 127 65
-0.059055 -0.066929 0.011811 0.1937 0.8429 -0.5020 209 127 64
-0.059055 -0.066929 0.019685 0.1813 0.8636 -0.4705 209 128 64
-0.059055 -0.066929 0.027559 0.3808 0.9184 -0.1077 210 127 64
-0.059055 -0.066929 0.035433 0.3710 0.9251 0.0808 211 128 64
-0.059055 -0.066929 0.043307 0.3550 0.8802 0.3150 212 128 63
-0.059055 -0.066929 0.051181 0.3107 0.8160 0.4875 212 128 63
-0.059055 -0.066929 0.059055 0.2144 0.6807 0.7005 212 127 62
-0.059055 -0.066929 0.066929 0.1265 0.5170 0.8466 212 127 63
-0.059055 -0.066929 0.074803 0.0376 0.3647 0.9304 211 127 62
-0.059055 -0.066929 0.082677 -0.1055 0.3481 0.9315 210 127 63
-0.059055 -0.059055 -0.003937 0.0244 0.7124 -0.7014 209 127 65
-0.059055 -0.059055 0.003937 0.0537 0.7384 -0.6723 209 126 63
-0.059055 -0.059055 0.011811 0.0682 0.8014 -0.5943 210 126 63
-0.059055 -0.059055 0.019685 0.2718 0.8807 -0.3878 211 127 63
-0.059055 -0.059055 0.027559 0.2833 0.9492 -0.1369 211 127 63
-0.059055 -0.059055 0.035433 0.2923 0.9291 0.2265 211 127 62
-0.059055 -0.059055 0.043307 0.2437 0.7300 0.6385 211 126 62
-0.059055 -0.059055 0.051181 0.1066 0.4606 0.8812 211 125 61
-0.059055 -0.059055 0.059055 -0.0299 0.2924 0.9558 211 125 61
-0.059055 -0.059055 0.066929 -0.0723 0.0936 0.9930 210 124 59
-0.059055 -0.059055 0.074803 -0.1084 0.0168 0.9940 211 127 62
-0.059055 -0.059055 0.082677 -0.1834 0.0059 0.9830 210 127 63
-0.059055 -0.051181 -0.011811 -0.1325 0.5667 -0.8132 208 126 64
-0.059055 -0.051181 -0.003937 -0.0863 0.5757 -0.8131 208 125 64
-0.059055 -0.051181 0.003937 -0.0865 0.6268 -0.7743 210 126 62
-0.059055 -0.051181 0.011811 -0.1265 0.6789 -0.7232 211 126 62
-0.059055 -0.051181 0.019685 -0.1110 0.7531 -0.6485 212 126 62
-0.059055 -0.051181 0.027559 -0.1139 0.9935 -0.0015 213 126 62
-0.059055 -0.051181 0.035433 -0.2839 0.4297 0.8572 213 126 61
-0.059055 -0.051181 0.043307 -0.2025 0.0721 0.9766 213 126 61
-0.059055 -0.051181 0.051181 -0.2531 -0.1131 0.9608 213 126 61
-0.059055 -0.051181 0.059055 -0.2532 -0.2039 0.9457 213 126 62
-0.059055 -0.051181 0.066929 -0.2090 -0.2467 0.9463 213 126 62
-0.059055 -0.051181 0.074803 -0.2711 -0.2095 0.9395 213 126 62
-0.059055 -0.043307 -0.019685 -0.4176 0.3647 -0.8322 210 125 64
-0.059055 -0.043307 -0.011811 -0.2654 0.3708 -0.8900 210 124 65
-0.059055 -0.043307 -0.003937 -0.2843 0.3644 -0.8868 210 124 62
-0.059055 -0.043307 0.003937 -0.3745 0.3837 -0.8441 212 125 62
-0.059055 -0.043307 0.011811 -0.5794 -0.0479 -0.8136 213 126 62
-0.059055 -0.043307 0.019685 -0.8366 -0.2901 -0.4648 213 126 61
-0.059055 -0.043307 0.027559 -0.8026 -0.4908 0.3391 213 126 60
-0.059055 -0.043307 0.035433 -0.5605 -0.5411 0.6269 213 126 60
-0.059055 -0.043307 0.043307 -0.4079 -0.5013 0.7631 215 126 61
-0.059055 -0.043307 0.051181 -0.3860 -0.4800 0.7878 215 126 61
-0.059055 -0.043307 0.059055 -0.3473 -0.4525 0.8214 214 126 61
-0.059055 -0.043307 0.066929 -0.3134 -0.4398 0.8416 214 126 61
-0.059055 -0.043307 0.074803 -0.3656 -0.4363 0.8222 212 126 62
-0.059055 -0.035433 -0.027559 -0.5817 0.3017 -0.7554 212 125 63
-0.059055 -0.035433 -0.019685 -0.4577 0.1707 -0.8725 211 125 63
-0.059055 -0.035433 -0.011811 -0.4714 0.1317 -0.8720 212 125 63
-0.059055 -0.035433 -0.003937 -0.5295 0.1257 -0.8389 212 124 62
-0.059055 -0.035433 0.003937 -0.5922 0.1233 -0.7963 212 125 61
-0.059055 -0.035433 0.011811 -0.7679 -0.4644 -0.4413 213 126 60
-0.059055 -0.035433 0.019685 -0.7305 -0.6696 -0.1342 214 126 60
-0.059055 -0.035433 0.027559 -0.6649 -0.7116 0.2270 215 126 60
-0.059055 -0.035433 0.035433 -0.5759 -0.7146 0.3971 214 125 59
-0.059055 -0.035433 0.043307 -0.4779 -0.6699 0.5681 214 125 59
-0.059055 -0.035433 0.051181 -0.4548 -0.6444 0.6148 214 126 60
-0.059055 -0.035433 0.059055 -0.3869 -0.5749 0.7209 215 126 60
-0.059055 -0.035433 0.066929 -0.3740 -0.5429 0.7519 213 126 61
-0.059055 -0.027559 -0.027559 -0.5286 0.0930 -0.8438 209 122 61
-0.059055 -0.027559 -0.019685 -0.5405 0.0564 -0.8394 211 123 60
-0.059055 -0.027559 -0.011811 -0.5936 0.0013 -0.8048 212 124 61
-0.059055 -0.027559 -0.003937 -0.6344 -0.0441 -0.7718 213 125 61
-0.059055 -0.027559 0.003937 -0.7097 -0.5039 -0.4924 213 125 61
-0.059055 -0.027559 0.011811 -0.7793 -0.5883 -0.2159 214 125 60
-0.059055 -0.027559 0.019685 -0.6939 -0.7199 0.0179 215 125 59
-0.059055 -0.027559 0.027559 -0.6334 -0.7517 0.1839 215 125 59
-0.059055 -0.027559 0.035433 -0.5936 -0.7390 0.3187 215 126 59
-0.059055 -0.027559 0.043307 -0.5517 -0.6972 0.4578 216 126 59
-0.059055 -0.027559 0.051181 -0.4799 -0.6872 0.5453 216 125 59
-0.059055 -0.027559 0.059055 -0.4368 -0.6516 0.6202 215 125 59
-0.059055 -0.027559 0.066929 -0.4207 -0.6145 0.6673 214 125 58
-0.059055 -0.019685 -0.027559 -0.6171 -0.0664 -0.7841 211 124 62
-0.059055 -0.019685 -0.019685 -0.6686 -0.1298 -0.7322 212 124 62
-0.059055 -0.019685 -0.011811 -0.7104 -0.1921 -0.6771 213 124 61
-0.059055 -0.019685 -0.003937 -0.7396 -0.2061 -0.6407 214 125 61
-0.059055 -0.019685 0.003937 -0.7353 -0.6344 -0.2384 215 125 60
-0.059055 -0.019685 0.011811 -0.7400 -0.6701 -0.0590 216 125 59
-0.059055 -0.019685 0.019685 -0.6760 -0.7328 0.0775 215 125 59
-0.059055 -0.019685 0.027559 -0.6245 -0.7498 0.2187 216 126 59
-0.059055 -0.019685 0.035433 -0.5810 -0.7541 0.3062 216 126 59
-0.059055 -0.019685 0.043307 -0.5525 -0.7281 0.4057 216 125 59
-0.059055 -0.019685 0.051181 -0.5003 -0.7036 0.5046 216 125 60
-0.059055 -0.019685 0.059055 -0.4922 -0.6839 0.5386 215 125 59
-0.059055 -0.011811 -0.035433 -0.6222 -0.2007 -0.7567 212 123 62
-0.059055 -0.011811 -0.027559 -0.6802 -0.2709 -0.6812 212 124 61
-0.059055 -0.011811 -0.019685 -0.7311 -0.3449 -0.5887 211 123 63
-0.059055 -0.011811 -0.011811 -0.7722 -0.3877 -0.5034 214 124 62
-0.059055 -0.011811 -0.003937 -0.7824 -0.3951 -0.4814 214 124 61
-0.059055 -0.011811 0.003937 -0.7173 -0.6936 -0.0658 216 124 60
-0.059055 -0.011811 0.011811 -0.6946 -0.7193 -0.0105 215 124 59
-0.059055 -0.011811 0.019685 -0.6408 -0.7529 0.1504 215 125 60
-0.059055 -0.011811 0.027559 -0.6152 -0.7496 0.2440 216 125 60
-0.059055 -0.011811 0.035433 -0.6231 -0.7259 0.2911 216 125 58
-0.059055 -0.011811 0.043307 -0.5467 -0.7326 0.4054 216 125 58
-0.059055 -0.011811 0.051181 -0.4862 -0.7189 0.4968 215 124 58
-0.059055 -0.011811 0.059055 -0.5209 -0.6996 0.4891 214 125 60
-0.059055 -0.003937 -0.019685 -0.7191 -0.5180 -0.4631 212 123 61
-0.059055 -0.003937 -0.011811 -0.7557 -0.5093 -0.4117 213 123 59
-0.059055 -0.003937 -0.003937 -0.6966 -0.6872 -0.2061 214 124 61
-0.059055 -0.003937 0.003937 -0.6738 -0.7383 0.0311 214 124 60
-0.059055 -0.003937 0.011811 -0.6293 -0.7750 0.0586 215 124 59
-0.059055 -0.003937 0.019685 -0.6268 -0.7620 0.1626 215 124 59
-0.059055 -0.003937 0.027559 -0.6129 -0.7520 0.2427 215 124 59
-0.059055 -0.003937 0.035433 -0.5957 -0.7408 0.3104 216 124 58
-0.059055 -0.003937 0.043307 -0.5674 -0.7255 0.3895 215 123 57
-0.059055 -0.003937 0.051181 -0.5460 -0.7155 0.4358 215 124 59
-0.059055 -0.003937 0.059055 -0.5751 -0.7066 0.4124 214 126 61
-0.059055 0.003937 0.003937 -0.6589 -0.7521 0.0097 212 123 60
-0.059055 0.003937 0.011811 -0.6136 -0.7877 0.0541 213 123 61
-0.059055 0.003937 0.019685 -0.6020 -0.7848 0.1473 213 123 61
-0.059055 0.003937 0.027559 -0.6450 -0.7370 0.2020 215 123 59
-0.059055 0.003937 0.035433 -0.6241 -0.7265 0.2875 215 123 58
-0.059055 0.003937 0.043307 -0.6078 -0.7060 0.3635 215 123 60
-0.059055 0.003937 0.051181 -0.6223 -0.6849 0.3790 215 123 63
-0.059055 0.011811 0.019685 -0.6337 -0.7666 0.1036 214 122 62
-0.051181 -0.090551 0.027559 0.2944 0.9231 -0.2474 207 134 71
-0.051181 -0.090551 0.035433 0.3763 0.9263 -0.0201 206 134 73
-0.051181 -0.090551 0.043307 0.3413 0.9356 0.0905 206 135 71
-0.051181 -0.090551 0.051181 0.2873 0.9465 0.1471 209 134 72
-0.051181 -0.082677 0.011811 0.3013 0.9093 -0.2870 207 129 68
-0.051181 -0.082677 0.019685 0.2958 0.9206 -0.2551 208 129 67
-0.051181 -0.082677 0.027559 0.4029 0.9047 -0.1385 208 129 66
-0.051181 -0.082677 0.035433 0.3712 0.9285 0.0033 209 129 66
-0.051181 -0.082677 0.043307 0.3446 0.9360 0.0713 210 129 65
-0.051181 -0.082677 0.051181 0.3194 0.9275 0.1943 210 129 65
-0.051181 -0.082677 0.059055 0.2690 0.9103 0.3145 209 129 66
-0.051181 -0.082677 0.066929 0.2248 0.8810 0.4163 209 129 65
-0.051181 -0.074803 0.003937 0.2959 0.8869 -0.3547 209 128 66
-0.051181 -0.074803 0.011811 0.2861 0.8905 -0.3538 209 128 65
-0.051181 -0.074803 0.019685 0.2819 0.9000 -0.3325 209 128 64
-0.051181 -0.074803 0.027559 0.4132 0.9063 -0.0892 210 127 64
-0.051181 -0.074803 0.035433 0.3903 0.9205 0.0162 210 128 63
-0.051181 -0.074803 0.043307 0.3806 0.9161 0.1261 211 128 63
-0.051181 -0.074803 0.051181 0.3404 0.9119 0.2292 212 128 62
-0.051181 -0.074803 0.059055 0.2956 0.8861 0.3571 211 128 63
-0.051181 -0.074803 0.066929 0.2732 0.8175 0.5070 212 127 63
-0.051181 -0.074803 0.074803 0.1834 0.7345 0.6534 211 128 62
-0.051181 -0.074803 0.082677 0.1130 0.6768 0.7274 209 128 62
-0.051181 -0.066929 0.003937 0.2236 0.8685 -0.4424 209 126 64
-0.051181 -0.066929 0.011811 0.2224 0.8726 -0.4348 210 127 63
-0.051181 -0.066929 0.019685 0.2802 0.8886 -0.3632 210 126 62
-0.051181 -0.066929 0.027559 0.3906 0.9164 -0.0871 210 126 62
-0.051181 -0.066929 0.035433 0.3818 0.9196 0.0931 211 127 62
-0.051181 -0.066929 0.043307 0.3531 0.8928 0.2797 212 127 62
-0.051181 -0.066929 0.051181 0.3161 0.8440 0.4334 211 127 61
-0.051181 -0.066929 0.059055 0.2796 0.8010 0.5293 212 127 61
-0.051181 -0.066929 0.066929 0.1995 0.6875 0.6982 211 127 61
-0.051181 -0.066929 0.074803 0.1075 0.5336 0.8389 211 127 61
-0.051181 -0.066929 0.082677 0.0585 0.5385 0.8406 210 126 64
-0.051181 -0.059055 -0.003937 0.1356 0.8089 -0.5721 210 126 64
-0.051181 -0.059055 0.003937 0.1665 0.8348 -0.5247 210 125 62
-0.051181 -0.059055 0.011811 0.1715 0.8564 -0.4869 210 126 62
-0.051181 -0.059055 0.019685 0.3692 0.9053 -0.2101 211 126 62
-0.051181 -0.059055 0.027559 0.3548 0.9342 0.0379 211 126 62
-0.051181 -0.059055 0.035433 0.3705 0.9029 0.2178 212 126 61
-0.051181 -0.059055 0.043307 0.3115 0.8398 0.4446 213 126 61
-0.051181 -0.059055 0.051181 0.2195 0.6705 0.7086 212 125 60
-0.051181 -0.059055 0.059055 0.1318 0.5949 0.7929 212 125 61
-0.051181 -0.059055 0.066929 0.0396 0.3842 0.9224 212 125 61
-0.051181 -0.059055 0.074803 -0.0495 0.2554 0.9656 211 125 61
-0.051181 -0.059055 0.082677 -0.1647 0.3632 0.9170 210 126 62
-0.051181 -0.051181 -0.011811 0.0134 0.7076 -0.7065 210 125 62
-0.051181 -0.051181 -0.003937 0.0641 0.7380 -0.6717 209 124 61
-0.051181 -0.051181 0.003937 0.0699 0.7952 -0.6023 211 124 61
-0.051181 -0.051181 0.011811 0.0453 0.8069 -0.5890 211 125 60
-0.051181 -0.051181 0.019685 0.2735 0.9463 -0.1725 212 125 60
-0.051181 -0.051181 0.027559 0.2097 0.9708 0.1161 213 125 60
-0.051181 -0.051181 0.035433 0.1664 0.7590 0.6294 213 125 60
-0.051181 -0.051181 0.043307 0.0786 0.5261 0.8468 213 125 61
-0.051181 -0.051181 0.051181 -0.0240 0.2658 0.9637 213 125 60
-0.051181 -0.051181 0.059055 -0.1176 0.1249 0.9852 213 125 60
-0.051181 -0.051181 0.066929 -0.1160 0.0023 0.9932 214 126 60
-0.051181 -0.051181 0.074803 -0.1801 -0.0138 0.9835 211 125 62
-0.051181 -0.043307 -0.019685 -0.1613 0.5877 -0.7928 210 124 61
-0.051181 -0.043307 -0.011811 -0.1380 0.5275 -0.8383 211 123 61
-0.051181 -0.043307 -0.003937 -0.1318 0.5725 -0.8092 212 123 58
-0.051181 -0.043307 0.003937 -0.1639 0.6232 -0.7647 212 123 59
-0.051181 -0.043307 0.011811 -0.0931 0.6573 -0.7479 213 124 60
-0.051181 -0.043307 0.019685 -0.0426 0.9757 -0.2148 214 125 60
-0.051181 -0.043307 0.027559 -0.6546 0.6138 0.4413 214 125 59
-0.051181 -0.043307 0.035433 -0.3255 -0.0560 0.9439 214 125 60
-0.051181 -0.043307 0.043307 -0.2866 -0.1303 0.9491 214 125 60
-0.051181 -0.043307 0.051181 -0.2867 -0.2622 0.9214 214 125 60
-0.051181 -0.043307 0.059055 -0.3023 -0.2638 0.9160 214 125 59
-0.051181 -0.043307 0.066929 -0.2430 -0.2400 0.9399 213 125 59
-0.051181 -0.043307 0.074803 -0.2813 -0.2815 0.9174 213 126 60
-0.051181 -0.035433 -0.027559 -0.4024 0.3819 -0.8320 212 124 61
-0.051181 -0.035433 -0.019685 -0.3639 0.3343 -0.8694 212 123 61
-0.051181 -0.035433 -0.011811 -0.3254 0.3409 -0.8820 213 124 60
-0.051181 -0.035433 -0.003937 -0.3478 0.3833 -0.8557 215 123 59
-0.051181 -0.035433 0.003937 -0.4336 0.3524 -0.8293 214 124 58
-0.051181 -0.035433 0.011811 -0.7837 -0.2892 -0.5497 213 123 57
-0.051181 -0.035433 0.019685 -0.8651 -0.4983 0.0576 214 124 58
-0.051181 -0.035433 0.027559 -0.7032 -0.6225 0.3436 214 125 59
-0.051181 -0.035433 0.035433 -0.4964 -0.5671 0.6572 214 124 59
-0.051181 -0.035433 0.043307 -0.4050 -0.4615 0.7893 214 124 59
-0.051181 -0.035433 0.051181 -0.3795 -0.4666 0.7989 214 125 59
-0.051181 -0.035433 0.059055 -0.3465 -0.4653 0.8145 214 125 59
-0.051181 -0.035433 0.066929 -0.3618 -0.4347 0.8247 213 125 60
-0.051181 -0.027559 -0.027559 -0.4687 0.1830 -0.8642 211 122 61
-0.051181 -0.027559 -0.019685 -0.4846 0.1514 -0.8615 213 123 59
-0.051181 -0.027559 -0.011811 -0.4858 0.1217 -0.8656 214 124 59
-0.051181 -0.027559 -0.003937 -0.5694 0.1136 -0.8142 215 123 59
-0.051181 -0.027559 0.003937 -0.7198 -0.4147 -0.5567 216 123 57
-0.051181 -0.027559 0.011811 -0.7485 -0.6294 -0.2089 216 124 58
-0.051181 -0.027559 0.019685 -0.7211 -0.6901 0.0617 215 124 57
-0.051181 -0.027559 0.027559 -0.6203 -0.7502 0.2289 214 125 58
-0.051181 -0.027559 0.035433 -0.5357 -0.6977 0.4756 215 125 58
-0.051181 -0.027559 0.043307 -0.4585 -0.6134 0.6431 216 125 58
-0.051181 -0.027559 0.051181 -0.4254 -0.5976 0.6797 215 124 57
-0.051181 -0.027559 0.059055 -0.3976 -0.5603 0.7267 215 124 58
-0.051181 -0.027559 0.066929 -0.4095 -0.5424 0.7336 215 124 57
-0.051181 -0.019685 -0.035433 -0.6277 0.1248 -0.7684 212 123 61
-0.051181 -0.019685 -0.027559 -0.5516 0.0465 -0.8328 213 123 60
-0.051181 -0.019685 -0.019685 -0.5984 0.0168 -0.8010 213 123 58
-0.051181 -0.019685 -0.011811 -0.6290 -0.0844 -0.7728 214 123 59
-0.051181 -0.019685 -0.003937 -0.6825 -0.1012 -0.7238 215 123 58
-0.051181 -0.019685 0.003937 -0.7289 -0.6272 -0.2744 216 123 57
-0.051181 -0.019685 0.011811 -0.7057 -0.7036 -0.0829 216 124 57
-0.051181 -0.019685 0.019685 -0.6697 -0.7313 0.1289 216 124 57
-0.051181 -0.019685 0.027559 -0.6505 -0.7279 0.2170 215 124 56
-0.051181 -0.019685 0.035433 -0.5816 -0.7266 0.3657 216 124 58
-0.051181 -0.019685 0.043307 -0.5186 -0.6867 0.5093 216 124 57
-0.051181 -0.019685 0.051181 -0.4704 -0.6658 0.5792 216 124 58
-0.051181 -0.019685 0.059055 -0.4376 -0.6327 0.6390 215 124 57
-0.051181 -0.019685 0.066929 -0.4666 -0.5980 0.6517 214 125 59
-0.051181 -0.011811 -0.035433 -0.6244 -0.0525 -0.7793 211 123 62
-0.051181 -0.011811 -0.027559 -0.6555 -0.1696 -0.7359 214 122 60
-0.051181 -0.011811 -0.019685 -0.6962 -0.2000 -0.6895 214 122 59
-0.051181 -0.011811 -0.011811 -0.6922 -0.2591 -0.6736 215 123 58
-0.051181 -0.011811 -0.003937 -0.7716 -0.3037 -0.5589 216 123 58
-0.051181 -0.011811 0.003937 -0.7279 -0.6768 -0.1101 216 123 57
-0.051181 -0.011811 0.011811 -0.7210 -0.6926 0.0217 216 123 57
-0.051181 -0.011811 0.019685 -0.6562 -0.7343 0.1737 216 124 57
-0.051181 -0.011811 0.027559 -0.6096 -0.7520 0.2509 217 124 57
-0.051181 -0.011811 0.035433 -0.5752 -0.7246 0.3795 217 124 57
-0.051181 -0.011811 0.043307 -0.5328 -0.7109 0.4590 216 123 56
-0.051181 -0.011811 0.051181 -0.4759 -0.6927 0.5420 216 123 56
-0.051181 -0.011811 0.059055 -0.4888 -0.6721 0.5562 215 124 58
-0.051181 -0.003937 -0.043307 -0.6379 -0.1221 -0.7604 212 122 60
-0.051181 -0.003937 -0.035433 -0.6084 -0.2078 -0.7660 213 121 59
-0.051181 -0.003937 -0.027559 -0.7118 -0.3524 -0.6076 214 122 61
-0.051181 -0.003937 -0.019685 -0.7522 -0.3555 -0.5549 214 121 59
-0.051181 -0.003937 -0.011811 -0.7454 -0.4345 -0.5055 214 122 59
-0.051181 -0.003937 -0.003937 -0.7364 -0.6526 -0.1782 216 122 57
-0.051181 -0.003937 0.003937 -0.6817 -0.7314 0.0154 216 123 57
-0.051181 -0.003937 0.011811 -0.6663 -0.7286 0.1591 216 123 57
-0.051181 -0.003937 0.019685 -0.6419 -0.7390 0.2044 216 123 56
-0.051181 -0.003937 0.027559 -0.5911 -0.7563 0.2804 216 122 56
-0.051181 -0.003937 0.035433 -0.5633 -0.7309 0.3854 216 124 57
-0.051181 -0.003937 0.043307 -0.5408 -0.7120 0.4479 217 123 56
-0.051181 -0.003937 0.051181 -0.5111 -0.7097 0.4848 215 123 58
-0.051181 -0.003937 0.059055 -0.5136 -0.7158 0.4731 214 125 58
-0.051181 0.003937 -0.027559 -0.7650 -0.4852 -0.4234 214 121 59
-0.051181 0.003937 -0.019685 -0.7205 -0.5127 -0.4668 214 120 57
-0.051181 0.003937 -0.011811 -0.7433 -0.5508 -0.3797 215 121 58
-0.051181 0.003937 -0.003937 -0.7018 -0.7120 -0.0231 215 122 57
-0.051181 0.003937 0.003937 -0.6526 -0.7561 0.0480 215 122 57
-0.051181 0.003937 0.011811 -0.6562 -0.7369 0.1624 216 122 57
-0.051181 0.003937 0.019685 -0.6330 -0.7429 0.2176 216 122 57
-0.051181 0.003937 0.027559 -0.6081 -0.7452 0.2735 216 123 58
-0.051181 0.003937 0.035433 -0.5805 -0.7272 0.3664 216 122 57
-0.051181 0.003937 0.043307 -0.5603 -0.7243 0.4018 215 122 56
-0.051181 0.003937 0.051181 -0.5598 -0.7058 0.4342 216 122 58
-0.051181 0.011811 -0.011811 -0.6532 -0.7551 0.0552 215 120 58
-0.051181 0.011811 -0.003937 -0.6884 -0.7251 0.0169 214 120 55
-0.051181 0.011811 0.003937 -0.6376 -0.7702 0.0191 214 121 58
-0.051181 0.011811 0.011811 -0.6248 -0.7736 0.1054 214 121 57
-0.051181 0.011811 0.019685 -0.6264 -0.7492 0.2153 214 121 58
-0.051181 0.011811 0.027559 -0.6264 -0.7397 0.2458 215 121 57
-0.051181 0.011811 0.035433 -0.6125 -0.7173 0.3322 215 121 58
-0.051181 0.011811 0.043307 -0.5674 -0.7253 0.3898 215 122 58
-0.051181 0.011811 0.051181 -0.5912 -0.6891 0.4192 214 123 58
-0.051181 0.019685 0.011811 -0.6234 -0.7601 0.1833 215 120 58
-0.043307 -0.082677 0.011811 0.3362 0.9076 -0.2515 208 131 68
-0.043307 -0.082677 0.019685 0.2693 0.9406 -0.2069 208 130 68
-0.043307 -0.082677 0.027559 0.3982 0.9158 -0.0528 208 131 66
-0.043307 -0.082677 0.035433 0.3357 0.9412 0.0372 210 130 65
-0.043307 -0.082677 0.043307 0.3038 0.9452 0.1198 208 131 66
-0.043307 -0.082677 0.051181 0.2900 0.9311 0.2210 209 131 69
-0.043307 -0.074803 0.003937 0.3213 0.8986 -0.2987 209 128 65
-0.043307 -0.074803 0.011811 0.3163 0.9047 -0.2856 209 127 64
-0.043307 -0.074803 0.019685 0.2949 0.9254 -0.2380 210 128 63
-0.043307 -0.074803 0.027559 0.4002 0.9158 -0.0326 210 126 62
-0.043307 -0.074803 0.035433 0.3630 0.9294 0.0664 210 128 63
-0.043307 -0.074803 0.043307 0.3679 0.9160 0.1598 211 127 63
-0.043307 -0.074803 0.051181 0.3165 0.9183 0.2379 211 127 63
-0.043307 -0.074803 0.059055 0.2729 0.8774 0.3945 210 128 63
-0.043307 -0.074803 0.066929 0.2219 0.8330 0.5069 210 128 63
-0.043307 -0.066929 0.003937 0.2622 0.8861 -0.3823 209 126 62
-0.043307 -0.066929 0.011811 0.2793 0.8953 -0.3469 210 126 61
-0.043307 -0.066929 0.019685 0.4100 0.8986 -0.1563 211 126 62
-0.043307 -0.066929 0.027559 0.4069 0.9132 -0.0231 211 126 61
-0.043307 -0.066929 0.035433 0.3721 0.9231 0.0974 211 126 60
-0.043307 -0.066929 0.043307 0.3748 0.8997 0.2237 211 126 60
-0.043307 -0.066929 0.051181 0.3254 0.8680 0.3750 210 125 59
-0.043307 -0.066929 0.059055 0.2623 0.8322 0.4885 211 125 59
-0.043307 -0.066929 0.066929 0.2183 0.7388 0.6376 208 124 58
-0.043307 -0.066929 0.074803 0.1160 0.6764 0.7273 210 126 60
-0.043307 -0.066929 0.082677 0.0280 0.5982 0.8008 209 127 62
-0.043307 -0.059055 -0.003937 0.2016 0.8445 -0.4962 211 125 61
-0.043307 -0.059055 0.003937 0.2340 0.8608 -0.4519 211 124 60
-0.043307 -0.059055 0.011811 0.2225 0.8890 -0.4003 211 124 60
-0.043307 -0.059055 0.019685 0.3861 0.9183 -0.0871 211 125 60
-0.043307 -0.059055 0.027559 0.3913 0.9150 0.0978 212 125 60
-0.043307 -0.059055 0.035433 0.3653 0.9074 0.2076 212 125 60
-0.043307 -0.059055 0.043307 0.3238 0.8727 0.3654 213 125 60
-0.043307 -0.059055 0.051181 0.2216 0.7831 0.5810 213 125 60
-0.043307 -0.059055 0.059055 0.1441 0.6902 0.7091 212 125 59
-0.043307 -0.059055 0.066929 0.0713 0.5389 0.8393 212 125 60
-0.043307 -0.059055 0.074803 0.0201 0.4693 0.8828 211 125 61
-0.043307 -0.051181 -0.011811 0.1260 0.7819 -0.6106 211 124 60
-0.043307 -0.051181 -0.003937 0.1381 0.7951 -0.5906 211 122 59
-0.043307 -0.051181 0.003937 0.1298 0.8359 -0.5333 211 123 58
-0.043307 -0.051181 0.011811 0.3008 0.8965 -0.3254 212 124 58
-0.043307 -0.051181 0.019685 0.3333 0.9398 -0.0757 212 124 58
-0.043307 -0.051181 0.027559 0.3073 0.9269 0.2154 212 124 59
-0.043307 -0.051181 0.035433 0.2920 0.8389 0.4593 213 125 59
-0.043307 -0.051181 0.043307 0.1758 0.6831 0.7089 213 125 59
-0.043307 -0.051181 0.051181 0.0892 0.4935 0.8652 213 124 59
-0.043307 -0.051181 0.059055 0.0143 0.4221 0.9064 213 124 59
-0.043307 -0.051181 0.066929 -0.0625 0.2064 0.9765 213 125 59
-0.043307 -0.051181 0.074803 -0.1211 0.2069 0.9708 211 125 60
-0.043307 -0.043307 -0.019685 0.0031 0.6713 -0.7412 211 123 59
-0.043307 -0.043307 -0.011811 -0.0171 0.6518 -0.7582 212 122 59
-0.043307 -0.043307 -0.003937 0.0041 0.7142 -0.6999 213 122 56
-0.043307 -0.043307 0.003937 -0.0301 0.7723 -0.6345 214 122 57
-0.043307 -0.043307 0.011811 0.1928 0.9241 -0.3300 213 122 57
-0.043307 -0.043307 0.019685 0.1998 0.9782 0.0567 214 124 58
-0.043307 -0.043307 0.027559 0.0884 0.8352 0.5428 214 124 58
-0.043307 -0.043307 0.035433 0.0232 0.5488 0.8356 214 124 59
-0.043307 -0.043307 0.043307 -0.1405 0.1965 0.9704 214 124 59
-0.043307 -0.043307 0.051181 -0.1766 0.0138 0.9842 214 125 59
-0.043307 -0.043307 0.059055 -0.1710 0.0529 0.9839 214 124 58
-0.043307 -0.043307 0.066929 -0.2212 -0.0744 0.9724 213 125 59
-0.043307 -0.043307 0.074803 -0.2530 -0.0248 0.9671 211 125 60
-0.043307 -0.035433 -0.027559 -0.2125 0.5242 -0.8247 212 123 59
-0.043307 -0.035433 -0.019685 -0.1463 0.5116 -0.8467 213 121 58
-0.043307 -0.035433 -0.011811 -0.1949 0.5565 -0.8077 213 122 56
-0.043307 -0.035433 -0.003937 -0.2009 0.5758 -0.7925 214 122 56
-0.043307 -0.035433 0.003937 -0.1514 0.6007 -0.7850 215 123 56
-0.043307 -0.035433 0.011811 -0.3823 0.8180 -0.4298 215 122 56
-0.043307 -0.035433 0.019685 -0.4538 0.6213 0.6388 215 122 57
-0.043307 -0.035433 0.027559 -0.4652 0.0040 0.8852 215 123 57
-0.043307 -0.035433 0.035433 -0.2682 -0.1725 0.9478 215 124 57
-0.043307 -0.035433 0.043307 -0.3189 -0.2398 0.9170 214 123 57
-0.043307 -0.035433 0.051181 -0.3250 -0.3014 0.8964 214 124 57
-0.043307 -0.035433 0.059055 -0.3095 -0.2980 0.9030 214 124 58
-0.043307 -0.035433 0.066929 -0.3068 -0.3454 0.8869 213 124 58
-0.043307 -0.027559 -0.027559 -0.3308 0.3902 -0.8592 212 122 58
-0.043307 -0.027559 -0.019685 -0.3335 0.3508 -0.8751 214 121 57
-0.043307 -0.027559 -0.011811 -0.3725 0.3345 -0.8657 215 122 56
-0.043307 -0.027559 -0.003937 -0.4342 0.3307 -0.8379 216 122 56
-0.043307 -0.027559 0.003937 -0.7159 -0.1963 -0.6700 216 122 55
-0.043307 -0.027559 0.011811 -0.8929 -0.4431 -0.0803 216 122 56
-0.043307 -0.027559 0.019685 -0.7187 -0.6349 0.2836 216 123 56
-0.043307 -0.027559 0.027559 -0.5589 -0.5666 0.6055 215 123 55
-0.043307 -0.027559 0.035433 -0.4431 -0.5642 0.6967 215 124 56
-0.043307 -0.027559 0.043307 -0.3954 -0.5118 0.7627 215 124 56
-0.043307 -0.027559 0.051181 -0.3422 -0.4923 0.8003 216 124 57
-0.043307 -0.027559 0.059055 -0.3504 -0.4565 0.8178 215 124 57
-0.043307 -0.027559 0.066929 -0.3860 -0.4451 0.8080 213 124 58
-0.043307 -0.019685 -0.035433 -0.4968 0.1843 -0.8481 213 122 59
-0.043307 -0.019685 -0.027559 -0.4871 0.1675 -0.8571 215 122 57
-0.043307 -0.019685 -0.019685 -0.5565 0.1026 -0.8245 214 122 57
-0.043307 -0.019685 -0.011811 -0.5449 0.1057 -0.8318 216 121 56
-0.043307 -0.019685 -0.003937 -0.6135 0.0579 -0.7875 216 122 55
-0.043307 -0.019685 0.003937 -0.7903 -0.5367 -0.2956 216 122 55
-0.043307 -0.019685 0.011811 -0.7629 -0.6460 -0.0250 217 122 55
-0.043307 -0.019685 0.019685 -0.6708 -0.7078 0.2216 217 123 55
-0.043307 -0.019685 0.027559 -0.5757 -0.7291 0.3701 217 123 56
-0.043307 -0.019685 0.035433 -0.5305 -0.7060 0.4692 216 123 56
-0.043307 -0.019685 0.043307 -0.4773 -0.6072 0.6352 216 122 55
-0.043307 -0.019685 0.051181 -0.4126 -0.5880 0.6957 216 123 56
-0.043307 -0.019685 0.059055 -0.4107 -0.5303 0.7417 214 123 57
-0.043307 -0.011811 -0.043307 -0.6511 0.1496 -0.7441 213 122 59
-0.043307 -0.011811 -0.035433 -0.5913 0.0640 -0.8039 213 121 57
-0.043307 -0.011811 -0.027559 -0.6185 0.0069 -0.7857 215 121 56
-0.043307 -0.011811 -0.019685 -0.6608 -0.1076 -0.7428 215 121 56
-0.043307 -0.011811 -0.011811 -0.6981 -0.1589 -0.6982 216 121 56
-0.043307 -0.011811 -0.003937 -0.7419 -0.3138 -0.5926 217 121 55
-0.043307 -0.011811 0.003937 -0.7192 -0.6707 -0.1813 217 122 54
-0.043307 -0.011811 0.011811 -0.7009 -0.7132 -0.0061 217 122 55
-0.043307 -0.011811 0.019685 -0.6388 -0.7525 0.1604 217 122 56
-0.043307 -0.011811 0.027559 -0.6098 -0.7385 0.2876 217 122 56
-0.043307 -0.011811 0.035433 -0.5837 -0.7193 0.3766 217 123 55
-0.043307 -0.011811 0.043307 -0.4926 -0.6756 0.5486 217 122 55
-0.043307 -0.011811 0.051181 -0.4268 -0.6514 0.6273 216 122 55
-0.043307 -0.011811 0.059055 -0.4455 -0.5931 0.6707 216 124 56
-0.043307 -0.003937 -0.043307 -0.6137 -0.0581 -0.7874 213 121 58
-0.043307 -0.003937 -0.035433 -0.6548 -0.1229 -0.7458 215 120 57
-0.043307 -0.003937 -0.027559 -0.7075 -0.2150 -0.6732 215 120 56
-0.043307 -0.003937 -0.019685 -0.7554 -0.3135 -0.5755 215 121 55
-0.043307 -0.003937 -0.011811 -0.7516 -0.3428 -0.5636 216 121 56
-0.043307 -0.003937 -0.003937 -0.7343 -0.6405 -0.2250 217 121 56
-0.043307 -0.003937 0.003937 -0.7073 -0.7067 0.0183 216 121 54
-0.043307 -0.003937 0.011811 -0.6728 -0.7308 0.1154 217 120 54
-0.043307 -0.003937 0.019685 -0.6048 -0.7693 0.2058 217 121 55
-0.043307 -0.003937 0.027559 -0.5868 -0.7492 0.3071 217 122 55
-0.043307 -0.003937 0.035433 -0.5466 -0.7347 0.4018 217 122 55
-0.043307 -0.003937 0.043307 -0.5177 -0.6951 0.4989 217 122 55
-0.043307 -0.003937 0.051181 -0.4807 -0.6752 0.5594 215 123 56
-0.043307 -0.003937 0.059055 -0.4736 -0.7074 0.5246 216 123 57
-0.043307 0.003937 -0.043307 -0.6477 -0.2910 -0.7041 213 120 57
-0.043307 0.003937 -0.035433 -0.6768 -0.3069 -0.6692 214 120 55
-0.043307 0.003937 -0.027559 -0.7353 -0.3903 -0.5541 215 119 56
-0.043307 0.003937 -0.019685 -0.7622 -0.4540 -0.4614 215 120 55
-0.043307 0.003937 -0.011811 -0.7877 -0.4850 -0.3797 217 120 54
-0.043307 0.003937 -0.003937 -0.7097 -0.7045 0.0015 216 120 54
-0.043307 0.003937 0.003937 -0.6569 -0.7446 0.1182 216 120 54
-0.043307 0.003937 0.011811 -0.6520 -0.7320 0.1979 217 120 54
-0.043307 0.003937 0.019685 -0.5974 -0.7522 0.2780 216 121 55
-0.043307 0.003937 0.027559 -0.5976 -0.7268 0.3387 217 121 55
-0.043307 0.003937 0.035433 -0.5449 -0.7271 0.4177 217 121 54
-0.043307 0.003937 0.043307 -0.5172 -0.7051 0.4852 217 122 54
-0.043307 0.003937 0.051181 -0.5255 -0.6963 0.4888 216 122 55
-0.043307 0.011811 -0.027559 -0.7527 -0.5036 -0.4239 215 119 54
-0.043307 0.011811 -0.019685 -0.7508 -0.5296 -0.3947 216 119 53
-0.043307 0.011811 -0.011811 -0.6905 -0.7223 -0.0374 216 119 53
-0.043307 0.011811 -0.003937 -0.6553 -0.7505 0.0851 215 119 56
-0.043307 0.011811 0.003937 -0.6433 -0.7538 0.1338 216 119 54
-0.043307 0.011811 0.011811 -0.6319 -0.7461 0.2100 216 120 54
-0.043307 0.011811 0.019685 -0.6058 -0.7415 0.2886 217 120 54
-0.043307 0.011811 0.027559 -0.5906 -0.7364 0.3299 217 120 54
-0.043307 0.011811 0.035433 -0.5611 -0.7305 0.3892 216 120 53
-0.043307 0.011811 0.043307 -0.5242 -0.7256 0.4458 215 120 54
-0.043307 0.011811 0.051181 -0.5550 -0.7201 0.4164 215 121 56
-0.043307 0.019685 -0.011811 -0.6184 -0.7857 0.0158 214 118 53
-0.043307 0.019685 -0.003937 -0.6271 -0.7771 0.0542 215 118 53
-0.043307 0.019685 0.003937 -0.6119 -0.7843 0.1019 215 118 54
-0.043307 0.019685 0.011811 -0.6200 -0.7653 0.1728 214 118 53
-0.043307 0.019685 0.019685 -0.6260 -0.7413 0.2420 216 118 53
-0.043307 0.019685 0.027559 -0.5964 -0.7332 0.3267 217 119 54
-0.043307 0.019685 0.035433 -0.6008 -0.6922 0.4000 216 118 53
-0.035433 -0.074803 0.003937 0.3033 0.9197 -0.2491 210 127 62
-0.035433 -0.074803 0.011811 0.3005 0.9241 -0.2362 210 127 63
-0.035433 -0.074803 0.019685 0.3078 0.9302 -0.2001 209 126 62
-0.035433 -0.074803 0.027559 0.3631 0.9318 -0.0056 209 125 62
-0.035433 -0.074803 0.035433 0.3334 0.9380 0.0953 210 127 61
-0.035433 -0.074803 0.043307 0.3065 0.9317 0.1951 209 129 63
-0.035433 -0.074803 0.051181 0.2413 0.9265 0.2886 210 130 65
-0.035433 -0.066929 -0.003937 0.3374 0.8919 -0.3012 210 126 62
-0.035433 -0.066929 0.003937 0.3017 0.8965 -0.3246 211 125 60
-0.035433 -0.066929 0.011811 0.3110 0.9162 -0.2527 211 125 59
-0.035433 -0.066929 0.019685 0.4058 0.9116 -0.0654 211 125 59
-0.035433 -0.066929 0.027559 0.3970 0.9171 0.0369 212 125 60
-0.035433 -0.066929 0.035433 0.3698 0.9181 0.1424 212 125 60
-0.035433 -0.066929 0.043307 0.3659 0.8982 0.2435 212 126 61
-0.035433 -0.066929 0.051181 0.2876 0.8841 0.3683 210 125 60
-0.035433 -0.066929 0.059055 0.2441 0.8378 0.4884 210 126 60
-0.035433 -0.066929 0.066929 0.1838 0.7522 0.6327 210 125 60
-0.035433 -0.066929 0.074803 0.0965 0.6951 0.7124 209 127 63
-0.035433 -0.059055 -0.011811 0.2655 0.8744 -0.4060 210 124 61
-0.035433 -0.059055 -0.003937 0.2685 0.8751 -0.4027 211 123 59
-0.035433 -0.059055 0.003937 0.2797 0.8859 -0.3700 211 123 57
-0.035433 -0.059055 0.011811 0.3002 0.9124 -0.2782 212 124 58
-0.035433 -0.059055 0.019685 0.4040 0.9141 -0.0341 212 124 59
-0.035433 -0.059055 0.027559 0.3809 0.9189 0.1029 212 124 59
-0.035433 -0.059055 0.035433 0.3575 0.9080 0.2183 212 124 59
-0.035433 -0.059055 0.043307 0.3594 0.8623 0.3568 213 124 59
-0.035433 -0.059055 0.051181 0.2938 0.8220 0.4878 213 124 59
-0.035433 -0.059055 0.059055 0.1943 0.7476 0.6351 213 125 59
-0.035433 -0.059055 0.066929 0.1372 0.6520 0.7457 213 125 60
-0.035433 -0.059055 0.074803 0.0406 0.5970 0.8012 209 125 61
-0.035433 -0.051181 -0.019685 0.2546 0.8238 -0.5066 211 123 60
-0.035433 -0.051181 -0.011811 0.1851 0.8244 -0.5349 212 121 57
-0.035433 -0.051181 -0.003937 0.2090 0.8437 -0.4945 211 121 57
-0.035433 -0.051181 0.003937 0.2054 0.8833 -0.4215 213 121 57
-0.035433 -0.051181 0.011811 0.3709 0.9162 -0.1516 212 122 57
-0.035433 -0.051181 0.019685 0.3781 0.9255 0.0241 213 122 57
-0.035433 -0.051181 0.027559 0.3447 0.9185 0.1939 213 123 58
-0.035433 -0.051181 0.035433 0.3241 0.8655 0.3820 213 123 57
-0.035433 -0.051181 0.043307 0.2807 0.7734 0.5684 213 124 57
-0.035433 -0.051181 0.051181 0.1624 0.7040 0.6914 213 124 57
-0.035433 -0.051181 0.059055 0.0661 0.5588 0.8266 213 124 58
-0.035433 -0.051181 0.066929 -0.0109 0.4124 0.9109 213 124 58
-0.035433 -0.051181 0.074803 -0.0645 0.3751 0.9248 212 124 59
-0.035433 -0.043307 -0.019685 0.0791 0.7600 -0.6451 213 121 57
-0.035433 -0.043307 -0.011811 0.1035 0.7758 -0.6225 213 121 57
-0.035433 -0.043307 -0.003937 0.1094 0.8071 -0.5802 214 121 55
-0.035433 -0.043307 0.003937 0.0978 0.8471 -0.5224 215 121 55
-0.035433 -0.043307 0.011811 0.3291 0.9334 -0.1429 214 121 55
-0.035433 -0.043307 0.019685 0.2838 0.9496 0.1332 214 122 55
-0.035433 -0.043307 0.027559 0.2307 0.8697 0.4363 214 123 57
-0.035433 -0.043307 0.035433 0.1957 0.7313 0.6534 214 123 57
-0.035433 -0.043307 0.043307 0.0815 0.4813 0.8728 214 124 57
-0.035433 -0.043307 0.051181 -0.0272 0.3647 0.9307 214 124 57
-0.035433 -0.043307 0.059055 -0.1009 0.2344 0.9669 214 124 57
-0.035433 -0.043307 0.066929 -0.1321 0.1329 0.9823 213 124 58
-0.035433 -0.035433 -0.027559 -0.0749 0.6338 -0.7698 213 121 57
-0.035433 -0.035433 -0.019685 -0.0107 0.6420 -0.7666 214 120 55
-0.035433 -0.035433 -0.011811 -0.0362 0.6763 -0.7358 215 121 54
-0.035433 -0.035433 -0.003937 -0.0377 0.7221 -0.6908 216 121 55
-0.035433 -0.035433 0.003937 0.0988 0.8626 -0.4961 215 121 54
-0.035433 -0.035433 0.011811 0.0896 0.9942 -0.0596 216 122 54
-0.035433 -0.035433 0.019685 0.0964 0.9218 0.3756 216 122 55
-0.035433 -0.035433 0.027559 -0.0527 0.5318 0.8453 215 122 55
-0.035433 -0.035433 0.035433 -0.0475 0.3290 0.9431 215 122 56
-0.035433 -0.035433 0.043307 -0.1628 0.1350 0.9774 214 122 56
-0.035433 -0.035433 0.051181 -0.2161 -0.0089 0.9763 214 123 57
-0.035433 -0.035433 0.059055 -0.2127 -0.0522 0.9757 214 123 57
-0.035433 -0.035433 0.066929 -0.2802 -0.1149 0.9530 214 123 56
-0.035433 -0.027559 -0.035433 -0.2070 0.5182 -0.8298 213 121 56
-0.035433 -0.027559 -0.027559 -0.1923 0.4905 -0.8499 214 120 56
-0.035433 -0.027559 -0.019685 -0.1965 0.4799 -0.8550 215 120 55
-0.035433 -0.027559 -0.011811 -0.2474 0.4729 -0.8456 216 120 54
-0.035433 -0.027559 -0.003937 -0.2196 0.5370 -0.8145 216 121 54
-0.035433 -0.027559 0.003937 -0.6797 0.3408 -0.6495 217 121 54
-0.035433 -0.027559 0.011811 -0.8836 0.0487 0.4656 217 121 54
-0.035433 -0.027559 0.019685 -0.5083 -0.0573 0.8593 217 122 54
-0.035433 -0.027559 0.027559 -0.3781 -0.2352 0.8954 216 122 55
-0.035433 -0.027559 0.035433 -0.3145 -0.2408 0.9182 216 122 54
-0.035433 -0.027559 0.043307 -0.3183 -0.2535 0.9135 215 122 55
-0.035433 -0.027559 0.051181 -0.3013 -0.2850 0.9099 215 123 56
-0.035433 -0.027559 0.059055 -0.3052 -0.2976 0.9046 214 123 56
-0.035433 -0.027559 0.066929 -0.3691 -0.2740 0.8881 213 124 57
-0.035433 -0.019685 -0.035433 -0.3421 0.3531 -0.8708 214 119 57
-0.035433 -0.019685 -0.027559 -0.3864 0.2716 -0.8814 215 120 55
-0.035433 -0.019685 -0.019685 -0.4031 0.2356 -0.8843 216 120 54
-0.035433 -0.019685 -0.011811 -0.4994 0.2126 -0.8399 217 120 54
-0.035433 -0.019685 -0.003937 -0.5082 0.2337 -0.8289 217 121 54
-0.035433 -0.019685 0.003937 -0.8309 -0.4842 -0.2740 217 121 53
-0.035433 -0.019685 0.011811 -0.7560 -0.6509 0.0693 217 121 53
-0.035433 -0.019685 0.019685 -0.6339 -0.6147 0.4693 217 122 53
-0.035433 -0.019685 0.027559 -0.4842 -0.6142 0.6231 217 122 54
-0.035433 -0.019685 0.035433 -0.4352 -0.5099 0.7420 217 121 54
-0.035433 -0.019685 0.043307 -0.3984 -0.4873 0.7771 216 121 54
-0.035433 -0.019685 0.051181 -0.3508 -0.4478 0.8225 215 121 54
-0.035433 -0.019685 0.059055 -0.4113 -0.3968 0.8206 214 122 56
-0.035433 -0.011811 -0.043307 -0.4884 0.1919 -0.8513 214 120 56
-0.035433 -0.011811 -0.035433 -0.5008 0.1372 -0.8546 215 120 55
-0.035433 -0.011811 -0.027559 -0.5582 0.0940 -0.8244 216 119 54
-0.035433 -0.011811 -0.019685 -0.5756 0.0320 -0.8171 216 120 53
-0.035433 -0.011811 -0.011811 -0.6275 -0.0168 -0.7784 217 120 53
-0.035433 -0.011811 -0.003937 -0.7437 -0.4589 -0.4862 217 120 54
-0.035433 -0.011811 0.003937 -0.7915 -0.5986 -0.1231 217 121 52
-0.035433 -0.011811 0.011811 -0.6872 -0.7101 0.1535 217 121 53
-0.035433 -0.011811 0.019685 -0.6740 -0.6994 0.2380 217 121 53
-0.035433 -0.011811 0.027559 -0.5481 -0.6998 0.4580 217 122 54
-0.035433 -0.011811 0.035433 -0.5252 -0.6462 0.5536 217 121 53
-0.035433 -0.011811 0.043307 -0.4430 -0.5959 0.6699 218 122 54
-0.035433 -0.011811 0.051181 -0.3960 -0.5724 0.7180 216 122 55
-0.035433 -0.011811 0.059055 -0.4251 -0.5491 0.7196 215 123 55
-0.035433 -0.003937 -0.051181 -0.6328 0.0517 -0.7726 214 121 58
-0.035433 -0.003937 -0.043307 -0.5637 0.0650 -0.8234 215 120 54
-0.035433 -0.003937 -0.035433 -0.5729 -0.0220 -0.8193 216 119 54
-0.035433 -0.003937 -0.027559 -0.6528 -0.1147 -0.7488 216 119 54
-0.035433 -0.003937 -0.019685 -0.6963 -0.1955 -0.6906 216 119 53
-0.035433 -0.003937 -0.011811 -0.7470 -0.2264 -0.6251 217 119 53
-0.035433 -0.003937 -0.003937 -0.7244 -0.6435 -0.2474 217 119 52
-0.035433 -0.003937 0.003937 -0.7134 -0.7005 -0.0182 218 119 52
-0.035433 -0.003937 0.011811 -0.6619 -0.7356 0.1438 217 120 52
-0.035433 -0.003937 0.019685 -0.6065 -0.7583 0.2391 217 120 53
-0.035433 -0.003937 0.027559 -0.5560 -0.7459 0.3668 217 121 53
-0.035433 -0.003937 0.035433 -0.5113 -0.7051 0.4913 218 121 53
-0.035433 -0.003937 0.043307 -0.4881 -0.6437 0.5895 217 121 53
-0.035433 -0.003937 0.051181 -0.4491 -0.6247 0.6388 217 121 54
-0.035433 0.003937 -0.051181 -0.6574 -0.0998 -0.7469 214 120 56
-0.035433 0.003937 -0.043307 -0.6703 -0.1489 -0.7270 215 119 55
-0.035433 0.003937 -0.035433 -0.6820 -0.2253 -0.6958 217 118 53
-0.035433 0.003937 -0.027559 -0.7125 -0.3489 -0.6088 217 119 53
-0.035433 0.003937 -0.019685 -0.7425 -0.3684 -0.5594 217 118 52
-0.035433 0.003937 -0.011811 -0.7608 -0.6204 -0.1908 217 118 52
-0.035433 0.003937 -0.003937 -0.7194 -0.6938 -0.0326 217 118 51
-0.035433 0.003937 0.003937 -0.6792 -0.7295 0.0810 218 119 52
-0.035433 0.003937 0.011811 -0.6284 -0.7538 0.1924 217 119 52
-0.035433 0.003937 0.019685 -0.5747 -0.7586 0.3069 217 119 52
-0.035433 0.003937 0.027559 -0.5617 -0.7299 0.3894 217 120 53
-0.035433 0.003937 0.035433 -0.5103 -0.7208 0.4691 218 120 52
-0.035433 0.003937 0.043307 -0.4899 -0.7044 0.5136 217 120 52
-0.035433 0.003937 0.051181 -0.4827 -0.6766 0.5561 216 120 54
-0.035433 0.011811 -0.051181 -0.6014 -0.2877 -0.7453 215 119 56
-0.035433 0.011811 -0.043307 -0.6394 -0.3164 -0.7008 216 118 54
-0.035433 0.011811 -0.035433 -0.6839 -0.4058 -0.6063 216 118 54
-0.035433 0.011811 -0.027559 -0.7370 -0.4843 -0.4715 217 118 53
-0.035433 0.011811 -0.019685 -0.7705 -0.4872 -0.4110 217 117 51
-0.035433 0.011811 -0.011811 -0.7172 -0.6934 -0.0698 218 118 51
-0.035433 0.011811 -0.003937 -0.6886 -0.7232 0.0530 218 118 51
-0.035433 0.011811 0.003937 -0.6651 -0.7264 0.1734 217 118 51
-0.035433 0.011811 0.011811 -0.6116 -0.7489 0.2552 217 118 53
-0.035433 0.011811 0.019685 -0.5722 -0.7470 0.3386 217 119 51
-0.035433 0.011811 0.027559 -0.5532 -0.7302 0.4010 217 119 52
-0.035433 0.011811 0.035433 -0.5081 -0.7293 0.4583 218 119 51
-0.035433 0.011811 0.043307 -0.4981 -0.7151 0.4905 216 119 52
-0.035433 0.019685 -0.035433 -0.7306 -0.5667 -0.3809 216 117 55
-0.035433 0.019685 -0.027559 -0.7603 -0.5342 -0.3694 216 117 52
-0.035433 0.019685 -0.019685 -0.7640 -0.6271 -0.1518 215 117 52
-0.035433 0.019685 -0.011811 -0.6635 -0.7459 0.0585 216 118 51
-0.035433 0.019685 -0.003937 -0.6683 -0.7361 0.1078 217 117 50
-0.035433 0.019685 0.003937 -0.6398 -0.7445 0.1907 217 117 50
-0.035433 0.019685 0.011811 -0.6203 -0.7464 0.2411 217 117 50
-0.035433 0.019685 0.019685 -0.5876 -0.7531 0.2958 217 117 51
-0.035433 0.019685 0.027559 -0.5550 -0.7400 0.3799 216 118 51
-0.035433 0.019685 0.035433 -0.5292 -0.7396 0.4159 216 118 51
-0.035433 0.019685 0.043307 -0.5467 -0.7099 0.4441 215 118 51
-0.035433 0.027559 -0.019685 -0.6501 -0.7588 0.0395 216 116 51
-0.035433 0.027559 -0.011811 -0.6411 -0.7673 0.0179 216 116 51
-0.035433 0.027559 -0.003937 -0.6592 -0.7471 0.0854 216 116 50
-0.035433 0.027559 0.003937 -0.6378 -0.7551 0.1519 215 116 50
-0.035433 0.027559 0.011811 -0.6178 -0.7598 0.2024 216 116 51
-0.035433 0.027559 0.019685 -0.6226 -0.7365 0.2646 216 116 50
-0.035433 0.027559 0.027559 -0.5731 -0.7273 0.3777 217 116 51
-0.035433 0.027559 0.035433 -0.5787 -0.7034 0.4127 217 116 52
-0.035433 0.035433 0.003937 -0.6775 -0.7272 0.1102 216 116 52
-0.027559 -0.074803 0.011811 0.3255 0.9210 -0.2141 209 127 60
-0.027559 -0.074803 0.019685 0.3924 0.9120 -0.1194 210 128 63
-0.027559 -0.074803 0.027559 0.3137 0.9479 0.0565 208 128 67
-0.027559 -0.074803 0.035433 0.3008 0.9394 0.1646 208 129 68
-0.027559 -0.066929 -0.003937 0.3363 0.9014 -0.2726 210 125 60
-0.027559 -0.066929 0.003937 0.2946 0.9168 -0.2698 210 124 58
-0.027559 -0.066929 0.011811 0.2941 0.9311 -0.2156 211 124 59
-0.027559 -0.066929 0.019685 0.3800 0.9245 -0.0292 211 125 60
-0.027559 -0.066929 0.027559 0.3534 0.9321 0.0798 211 125 60
-0.027559 -0.066929 0.035433 0.3367 0.9290 0.1539 211 125 60
-0.027559 -0.066929 0.043307 0.2889 0.9267 0.2402 210 127 60
-0.027559 -0.066929 0.051181 0.2409 0.8952 0.3749 211 127 61
-0.027559 -0.066929 0.059055 0.1436 0.8419 0.5201 211 127 63
-0.027559 -0.059055 -0.011811 0.3056 0.8844 -0.3527 212 124 60
-0.027559 -0.059055 -0.003937 0.2809 0.8955 -0.3451 212 122 58
-0.027559 -0.059055 0.003937 0.2973 0.9020 -0.3131 212 122 56
-0.027559 -0.059055 0.011811 0.3694 0.9176 -0.1466 213 123 57
-0.027559 -0.059055 0.019685 0.3868 0.9222 0.0052 212 123 56
-0.027559 -0.059055 0.027559 0.3586 0.9281 0.1005 213 123 58
-0.027559 -0.059055 0.035433 0.3522 0.9068 0.2316 213 124 58
-0.027559 -0.059055 0.043307 0.3266 0.8844 0.3335 213 124 58
-0.027559 -0.059055 0.051181 0.3022 0.8507 0.4301 212 124 58
-0.027559 -0.059055 0.059055 0.2007 0.8046 0.5589 212 125 59
-0.027559 -0.059055 0.066929 0.1624 0.7172 0.6777 212 125 58
-0.027559 -0.059055 0.074803 0.0428 0.6087 0.7923 209 126 62
-0.027559 -0.051181 -0.019685 0.3198 0.8383 -0.4416 211 121 57
-0.027559 -0.051181 -0.011811 0.2366 0.8592 -0.4536 212 120 55
-0.027559 -0.051181 -0.003937 0.2524 0.8783 -0.4061 212 120 54
-0.027559 -0.051181 0.003937 0.2434 0.8979 -0.3669 213 121 55
-0.027559 -0.051181 0.011811 0.3838 0.9207 -0.0702 213 121 56
-0.027559 -0.051181 0.019685 0.3848 0.9216 0.0509 213 122 55
-0.027559 -0.051181 0.027559 0.3648 0.9123 0.1862 213 122 56
-0.027559 -0.051181 0.035433 0.3363 0.8726 0.3543 213 123 56
-0.027559 -0.051181 0.043307 0.2885 0.8270 0.4826 213 123 57
-0.027559 -0.051181 0.051181 0.2186 0.7858 0.5785 213 124 57
-0.027559 -0.051181 0.059055 0.1449 0.6732 0.7251 213 124 57
-0.027559 -0.051181 0.066929 0.0849 0.5841 0.8072 211 124 58
-0.027559 -0.051181 0.074803 0.0043 0.5123 0.8588 210 124 61
-0.027559 -0.043307 -0.019685 0.2008 0.8170 -0.5405 213 120 55
-0.027559 -0.043307 -0.011811 0.1890 0.8262 -0.5308 213 120 57
-0.027559 -0.043307 -0.003937 0.1995 0.8598 -0.4700 214 120 54
-0.027559 -0.043307 0.003937 0.3047 0.8969 -0.3204 215 120 55
-0.027559 -0.043307 0.011811 0.3674 0.9299 -0.0202 215 121 54
-0.027559 -0.043307 0.019685 0.3669 0.9135 0.1755 215 121 55
-0.027559 -0.043307 0.027559 0.3141 0.8762 0.3656 214 122 54
-0.027559 -0.043307 0.035433 0.2591 0.7959 0.5472 214 122 55
-0.027559 -0.043307 0.043307 0.1776 0.6635 0.7268 214 123 56
-0.027559 -0.043307 0.051181 0.0631 0.5923 0.8032 214 123 56
-0.027559 -0.043307 0.059055 -0.0207 0.4165 0.9089 213 123 57
-0.027559 -0.043307 0.066929 -0.0686 0.3797 0.9226 213 123 57
-0.027559 -0.035433 -0.027559 0.0735 0.7716 -0.6319 214 119 55
-0.027559 -0.035433 -0.019685 0.1142 0.7574 -0.6428 214 119 53
-0.027559 -0.035433 -0.011811 0.1088 0.7923 -0.6004 215 119 53
-0.027559 -0.035433 -0.003937 0.0987 0.8341 -0.5427 215 120 53
-0.027559 -0.035433 0.003937 0.2630 0.9247 -0.2753 216 120 53
-0.027559 -0.035433 0.011811 0.2656 0.9640 -0.0159 216 120 52
-0.027559 -0.035433 0.019685 0.2457 0.9347 0.2566 216 121 53
-0.027559 -0.035433 0.027559 0.2264 0.7876 0.5731 215 121 53
-0.027559 -0.035433 0.035433 0.1182 0.5624 0.8184 216 121 54
-0.027559 -0.035433 0.043307 0.0006 0.4510 0.8925 215 121 55
-0.027559 -0.035433 0.051181 -0.1132 0.2538 0.9606 214 122 56
-0.027559 -0.035433 0.059055 -0.1703 0.0981 0.9805 214 122 56
-0.027559 -0.035433 0.066929 -0.2126 0.0479 0.9760 213 123 57
-0.027559 -0.027559 -0.035433 -0.0820 0.6309 -0.7716 214 120 54
-0.027559 -0.027559 -0.027559 -0.0691 0.6190 -0.7823 215 119 54
-0.027559 -0.027559 -0.019685 0.0083 0.6689 -0.7433 215 119 53
-0.027559 -0.027559 -0.011811 -0.0257 0.6885 -0.7248 216 119 53
-0.027559 -0.027559 -0.003937 -0.0153 0.7549 -0.6556 216 120 53
-0.027559 -0.027559 0.003937 0.0246 0.9808 -0.1937 217 120 52
-0.027559 -0.027559 0.011811 -0.0108 0.8434 0.5372 217 120 52
-0.027559 -0.027559 0.019685 0.0061 0.5986 0.8010 217 120 52
-0.027559 -0.027559 0.027559 -0.1064 0.3069 0.9458 217 121 53
-0.027559 -0.027559 0.035433 -0.2089 0.0715 0.9753 216 121 53
-0.027559 -0.027559 0.043307 -0.1854 0.0143 0.9826 216 121 54
-0.027559 -0.027559 0.051181 -0.2010 -0.0726 0.9769 216 122 55
-0.027559 -0.027559 0.059055 -0.2793 -0.1213 0.9525 214 122 56
-0.027559 -0.019685 -0.043307 -0.2983 0.4538 -0.8397 215 120 54
-0.027559 -0.019685 -0.035433 -0.2142 0.4777 -0.8520 214 118 54
-0.027559 -0.019685 -0.027559 -0.2700 0.4219 -0.8655 216 118 52
-0.027559 -0.019685 -0.019685 -0.2628 0.4490 -0.8540 216 119 52
-0.027559 -0.019685 -0.011811 -0.2881 0.4687 -0.8350 217 119 52
-0.027559 -0.019685 -0.003937 -0.3226 0.5179 -0.7923 218 119 53
-0.027559 -0.019685 0.003937 -0.9794 0.1897 -0.0688 218 120 51
-0.027559 -0.019685 0.011811 -0.7368 -0.2474 0.6293 218 120 52
-0.027559 -0.019685 0.019685 -0.4452 -0.3073 0.8410 217 120 52
-0.027559 -0.019685 0.027559 -0.3819 -0.3416 0.8588 218 121 52
-0.027559 -0.019685 0.035433 -0.3801 -0.3073 0.8724 218 121 52
-0.027559 -0.019685 0.043307 -0.3532 -0.3426 0.8706 217 121 52
-0.027559 -0.019685 0.051181 -0.2965 -0.3100 0.9033 216 120 52
-0.027559 -0.019685 0.059055 -0.3781 -0.3184 0.8693 216 122 55
-0.027559 -0.011811 -0.043307 -0.3873 0.2954 -0.8733 215 119 54
-0.027559 -0.011811 -0.035433 -0.3571 0.2586 -0.8976 216 118 52
-0.027559 -0.011811 -0.027559 -0.4391 0.2356 -0.8670 217 118 52
-0.027559 -0.011811 -0.019685 -0.4874 0.1958 -0.8510 217 118 52
-0.027559 -0.011811 -0.011811 -0.5609 0.1422 -0.8155 217 119 52
-0.027559 -0.011811 -0.003937 -0.7907 -0.4088 -0.4558 217 119 52
-0.027559 -0.011811 0.003937 -0.8139 -0.5809 0.0110 218 119 50
-0.027559 -0.011811 0.011811 -0.6581 -0.6461 0.3865 218 119 51
-0.027559 -0.011811 0.019685 -0.5608 -0.6095 0.5604 218 120 51
-0.027559 -0.011811 0.027559 -0.4562 -0.5841 0.6713 218 120 52
-0.027559 -0.011811 0.035433 -0.4283 -0.5411 0.7237 218 121 52
-0.027559 -0.011811 0.043307 -0.3811 -0.5024 0.7761 218 121 52
-0.027559 -0.011811 0.051181 -0.3532 -0.4222 0.8348 216 120 53
-0.027559 -0.011811 0.059055 -0.4232 -0.4474 0.7879 216 121 54
-0.027559 -0.003937 -0.051181 -0.5047 0.1948 -0.8411 216 119 55
-0.027559 -0.003937 -0.043307 -0.5046 0.1544 -0.8494 216 119 53
-0.027559 -0.003937 -0.035433 -0.5108 0.0862 -0.8554 217 118 51
-0.027559 -0.003937 -0.027559 -0.6229 -0.0193 -0.7821 217 118 51
-0.027559 -0.003937 -0.019685 -0.6581 -0.0763 -0.7491 218 118 50
-0.027559 -0.003937 -0.011811 -0.7159 -0.0797 -0.6937 218 118 50
-0.027559 -0.003937 -0.003937 -0.7376 -0.6592 -0.1465 218 117 51
-0.027559 -0.003937 0.003937 -0.7430 -0.6691 0.0185 218 119 50
-0.027559 -0.003937 0.011811 -0.6305 -0.7341 0.2521 218 119 50
-0.027559 -0.003937 0.019685 -0.5970 -0.7161 0.3617 218 119 51
-0.027559 -0.003937 0.027559 -0.5148 -0.6928 0.5050 218 120 52
-0.027559 -0.003937 0.035433 -0.4656 -0.6499 0.6007 218 120 51
-0.027559 -0.003937 0.043307 -0.4455 -0.5807 0.6814 218 120 51
-0.027559 -0.003937 0.051181 -0.4228 -0.5369 0.7301 217 120 52
-0.027559 0.003937 -0.059055 -0.6951 0.1105 -0.7104 215 120 57
-0.027559 0.003937 -0.051181 -0.5585 0.0661 -0.8269 216 119 54
-0.027559 0.003937 -0.043307 -0.5834 -0.0167 -0.8120 217 118 52
-0.027559 0.003937 -0.035433 -0.6109 -0.1203 -0.7825 218 118 52
-0.027559 0.003937 -0.027559 -0.7394 -0.2057 -0.6410 218 117 50
-0.027559 0.003937 -0.019685 -0.7564 -0.2893 -0.5867 218 116 49
-0.027559 0.003937 -0.011811 -0.7333 -0.6523 -0.1920 218 117 48
-0.027559 0.003937 -0.003937 -0.7010 -0.7131 0.0046 218 118 50
-0.027559 0.003937 0.003937 -0.6829 -0.7234 0.1012 218 118 49
-0.027559 0.003937 0.011811 -0.6065 -0.7662 0.2126 218 118 50
-0.027559 0.003937 0.019685 -0.5781 -0.7443 0.3344 218 118 50
-0.027559 0.003937 0.027559 -0.5389 -0.7171 0.4419 218 119 51
-0.027559 0.003937 0.035433 -0.4930 -0.6912 0.5284 218 119 50
-0.027559 0.003937 0.043307 -0.4456 -0.6581 0.6069 218 119 51
-0.027559 0.003937 0.051181 -0.4225 -0.6436 0.6382 216 120 51
-0.027559 0.011811 -0.059055 -0.6548 -0.1345 -0.7437 215 119 54
-0.027559 0.011811 -0.051181 -0.6260 -0.1441 -0.7664 217 118 53
-0.027559 0.011811 -0.043307 -0.6604 -0.2072 -0.7217 217 117 52
-0.027559 0.011811 -0.035433 -0.6665 -0.2844 -0.6891 218 117 51
-0.027559 0.011811 -0.027559 -0.7984 -0.3698 -0.4752 218 117 50
-0.027559 0.011811 -0.019685 -0.8169 -0.3949 -0.4204 219 117 50
-0.027559 0.011811 -0.011811 -0.7206 -0.6900 -0.0673 219 117 49
-0.027559 0.011811 -0.003937 -0.6609 -0.7473 0.0692 218 117 49
-0.027559 0.011811 0.003937 -0.6477 -0.7504 0.1321 218 117 49
-0.027559 0.011811 0.011811 -0.5688 -0.7710 0.2865 217 117 49
-0.027559 0.011811 0.019685 -0.5749 -0.7382 0.3528 218 118 49
-0.027559 0.011811 0.027559 -0.4980 -0.7480 0.4388 218 118 49
-0.027559 0.011811 0.035433 -0.4854 -0.7098 0.5105 218 118 49
-0.027559 0.011811 0.043307 -0.4592 -0.6922 0.5568 216 118 51
-0.027559 0.019685 -0.059055 -0.6939 -0.2854 -0.6611 215 118 55
-0.027559 0.019685 -0.051181 -0.7252 -0.4002 -0.5603 216 118 54
-0.027559 0.019685 -0.043307 -0.7750 -0.4345 -0.4589 217 117 51
-0.027559 0.019685 -0.035433 -0.7258 -0.5008 -0.4716 218 117 51
-0.027559 0.019685 -0.027559 -0.7799 -0.5195 -0.3491 218 117 51
-0.027559 0.019685 -0.019685 -0.7193 -0.6890 -0.0893 218 117 49
-0.027559 0.019685 -0.011811 -0.6885 -0.7226 0.0617 218 117 49
-0.027559 0.019685 -0.003937 -0.6583 -0.7397 0.1395 218 116 49
-0.027559 0.019685 0.003937 -0.6318 -0.7491 0.1992 218 116 48
-0.027559 0.019685 0.011811 -0.5913 -0.7602 0.2690 218 117 48
-0.027559 0.019685 0.019685 -0.5662 -0.7384 0.3663 218 116 48
-0.027559 0.019685 0.027559 -0.5054 -0.7463 0.4331 218 117 48
-0.027559 0.019685 0.035433 -0.4791 -0.7229 0.4979 218 117 48
-0.027559 0.019685 0.043307 -0.4931 -0.7210 0.4868 216 117 49
-0.027559 0.027559 -0.043307 -0.7485 -0.5619 -0.3521 216 117 53
-0.027559 0.027559 -0.035433 -0.7106 -0.5536 -0.4342 217 116 51
-0.027559 0.027559 -0.027559 -0.7173 -0.6066 -0.3430 218 116 49
-0.027559 0.027559 -0.019685 -0.6643 -0.7468 0.0312 217 116 49
-0.027559 0.027559 -0.011811 -0.6333 -0.7666 0.1060 217 116 49
-0.027559 0.027559 -0.003937 -0.6336 -0.7587 0.1516 218 116 48
-0.027559 0.027559 0.003937 -0.6041 -0.7599 0.2401 218 116 48
-0.027559 0.027559 0.011811 -0.6040 -0.7414 0.2925 218 115 47
-0.027559 0.027559 0.019685 -0.5869 -0.7347 0.3401 217 115 47
-0.027559 0.027559 0.027559 -0.5281 -0.7461 0.4056 218 115 47
-0.027559 0.027559 0.035433 -0.5076 -0.7334 0.4522 216 115 48
-0.027559 0.035433 -0.027559 -0.6599 -0.7379 -0.1418 217 116 51
-0.027559 0.035433 -0.019685 -0.6137 -0.7847 0.0868 216 115 49
-0.027559 0.035433 -0.011811 -0.6255 -0.7771 0.0699 216 115 50
-0.027559 0.035433 -0.003937 -0.6418 -0.7525 0.1479 215 114 49
-0.027559 0.035433 0.003937 -0.6226 -0.7582 0.1937 216 115 48
-0.027559 0.035433 0.011811 -0.6168 -0.7388 0.2715 217 114 48
-0.027559 0.035433 0.019685 -0.6086 -0.7241 0.3245 218 114 48
-0.027559 0.035433 0.027559 -0.5782 -0.7108 0.4005 217 115 48
-0.027559 0.043307 -0.003937 -0.5938 -0.7959 0.1179 218 115 52
-0.019685 -0.066929 -0.003937 0.3365 0.9047 -0.2614 211 125 59
-0.019685 -0.066929 0.003937 0.3084 0.9221 -0.2337 212 124 59
-0.019685 -0.066929 0.011811 0.2980 0.9334 -0.1998 213 123 58
-0.019685 -0.066929 0.019685 0.3386 0.9401 0.0386 213 124 58
-0.019685 -0.066929 0.027559 0.3167 0.9420 0.1109 210 127 60
-0.019685 -0.066929 0.035433 0.2778 0.9408 0.1943 210 126 62
-0.019685 -0.059055 -0.011811 0.3163 0.9031 -0.2903 212 122 57
-0.019685 -0.059055 -0.003937 0.3071 0.9096 -0.2800 212 121 56
-0.019685 -0.059055 0.003937 0.3097 0.9240 -0.2242 213 121 55
-0.019685 -0.059055 0.011811 0.4003 0.9153 -0.0436 212 122 55
-0.019685 -0.059055 0.019685 0.3633 0.9306 0.0452 213 122 56
-0.019685 -0.059055 0.027559 0.3452 0.9282 0.1386 213 123 56
-0.019685 -0.059055 0.035433 0.3396 0.9065 0.2509 213 123 57
-0.019685 -0.059055 0.043307 0.2903 0.8920 0.3466 212 124 58
-0.019685 -0.059055 0.051181 0.2233 0.8593 0.4602 211 124 58
-0.019685 -0.059055 0.059055 0.1500 0.7917 0.5922 212 126 60
-0.019685 -0.051181 -0.019685 0.2985 0.8730 -0.3857 213 120 56
-0.019685 -0.051181 -0.011811 0.2871 0.8806 -0.3769 213 119 54
-0.019685 -0.051181 -0.003937 0.2999 0.8991 -0.3190 213 119 53
-0.019685 -0.051181 0.003937 0.2666 0.9219 -0.2812 214 120 54
-0.019685 -0.051181 0.011811 0.4017 0.9156 -0.0168 214 121 54
-0.019685 -0.051181 0.019685 0.3893 0.9171 0.0858 214 121 54
-0.019685 -0.051181 0.027559 0.3594 0.9105 0.2043 214 122 54
-0.019685 -0.051181 0.035433 0.3269 0.8799 0.3449 214 122 55
-0.019685 -0.051181 0.043307 0.2833 0.8527 0.4388 213 123 55
-0.019685 -0.051181 0.051181 0.2212 0.8014 0.5557 213 123 56
-0.019685 -0.051181 0.059055 0.1432 0.7041 0.6955 213 123 57
-0.019685 -0.051181 0.066929 0.1064 0.6188 0.7783 211 123 58
-0.019685 -0.051181 0.074803 0.0496 0.5810 0.8124 209 125 61
-0.019685 -0.043307 -0.027559 0.2377 0.8548 -0.4614 213 120 55
-0.019685 -0.043307 -0.019685 0.2245 0.8416 -0.4912 213 118 54
-0.019685 -0.043307 -0.011811 0.2537 0.8616 -0.4396 214 119 54
-0.019685 -0.043307 -0.003937 0.2463 0.8877 -0.3890 215 119 53
-0.019685 -0.043307 0.003937 0.3763 0.9143 -0.1497 215 119 52
-0.019685 -0.043307 0.011811 0.3882 0.9213 0.0235 215 120 53
-0.019685 -0.043307 0.019685 0.3569 0.9159 0.1839 215 121 53
-0.019685 -0.043307 0.027559 0.3298 0.8928 0.3069 215 121 54
-0.019685 -0.043307 0.035433 0.2932 0.8360 0.4638 215 121 54
-0.019685 -0.043307 0.043307 0.1990 0.7816 0.5912 214 122 55
-0.019685 -0.043307 0.051181 0.1248 0.6935 0.7095 214 123 55
-0.019685 -0.043307 0.059055 0.0544 0.5131 0.8566 213 122 55
-0.019685 -0.043307 0.066929 -0.0236 0.4826 0.8755 213 123 55
-0.019685 -0.035433 -0.035433 0.1690 0.8167 -0.5517 214 119 55
-0.019685 -0.035433 -0.027559 0.1758 0.8057 -0.5657 215 118 53
-0.019685 -0.035433 -0.019685 0.1648 0.8019 -0.5743 215 118 53
-0.019685 -0.035433 -0.011811 0.1833 0.8421 -0.5073 216 118 52
-0.019685 -0.035433 -0.003937 0.1729 0.8818 -0.4389 216 118 52
-0.019685 -0.035433 0.003937 0.3141 0.9405 -0.1293 216 119 52
-0.019685 -0.035433 0.011811 0.3458 0.9285 0.1355 217 119 52
-0.019685 -0.035433 0.019685 0.3152 0.8871 0.3373 216 120 52
-0.019685 -0.035433 0.027559 0.2892 0.8381 0.4626 216 121 52
-0.019685 -0.035433 0.035433 0.1886 0.6599 0.7273 216 121 53
-0.019685 -0.035433 0.043307 0.0876 0.5946 0.7992 215 121 53
-0.019685 -0.035433 0.051181 -0.0210 0.3778 0.9256 214 121 54
-0.019685 -0.035433 0.059055 -0.0778 0.3283 0.9414 214 121 54
-0.019685 -0.035433 0.066929 -0.1627 0.2022 0.9657 213 122 57
-0.019685 -0.027559 -0.035433 0.0250 0.7160 -0.6976 214 118 53
-0.019685 -0.027559 -0.027559 0.0869 0.7377 -0.6695 216 118 52
-0.019685 -0.027559 -0.019685 0.0851 0.7422 -0.6648 216 118 52
-0.019685 -0.027559 -0.011811 0.1014 0.7961 -0.5966 216 118 52
-0.019685 -0.027559 -0.003937 0.0618 0.8410 -0.5375 217 118 52
-0.019685 -0.027559 0.003937 0.2258 0.9741 -0.0085 217 118 51
-0.019685 -0.027559 0.011811 0.1533 0.9531 0.2609 217 119 51
-0.019685 -0.027559 0.019685 0.1263 0.7349 0.6663 217 119 51
-0.019685 -0.027559 0.027559 0.1147 0.5997 0.7920 217 120 52
-0.019685 -0.027559 0.035433 -0.0316 0.3573 0.9335 217 121 52
-0.019685 -0.027559 0.043307 -0.0541 0.2610 0.9638 216 120 52
-0.019685 -0.027559 0.051181 -0.1081 0.0772 0.9911 215 120 52
-0.019685 -0.027559 0.059055 -0.2367 0.0347 0.9710 214 121 55
-0.019685 -0.019685 -0.043307 -0.1755 0.5437 -0.8207 215 118 52
-0.019685 -0.019685 -0.035433 -0.0896 0.5749 -0.8133 216 118 52
-0.019685 -0.019685 -0.027559 -0.0493 0.6326 -0.7729 217 117 52
-0.019685 -0.019685 -0.019685 -0.0977 0.6263 -0.7734 216 117 51
-0.019685 -0.019685 -0.011811 -0.0766 0.6981 -0.7119 217 117 52
-0.019685 -0.019685 -0.003937 -0.0393 0.7901 -0.6117 217 118 51
-0.019685 -0.019685 0.003937 -0.2565 0.8752 0.4102 218 118 50
-0.019685 -0.019685 0.011811 -0.2083 0.5168 0.8304 217 119 51
-0.019685 -0.019685 0.019685 -0.2154 0.1246 0.9685 218 119 51
-0.019685 -0.019685 0.027559 -0.1798 0.0958 0.9790 218 120 51
-0.019685 -0.019685 0.035433 -0.2818 -0.0946 0.9548 218 120 51
-0.019685 -0.019685 0.043307 -0.2584 -0.1337 0.9567 218 120 51
-0.019685 -0.019685 0.051181 -0.2382 -0.1536 0.9590 216 120 52
-0.019685 -0.019685 0.059055 -0.3215 -0.1776 0.9301 215 122 53
-0.019685 -0.011811 -0.043307 -0.2663 0.3842 -0.8840 216 118 52
-0.019685 -0.011811 -0.035433 -0.2817 0.3652 -0.8873 217 117 51
-0.019685 -0.011811 -0.027559 -0.2846 0.3870 -0.8771 217 117 51
-0.019685 -0.011811 -0.019685 -0.3747 0.3177 -0.8710 218 117 51
-0.019685 -0.011811 -0.011811 -0.3307 0.4366 -0.8367 218 117 50
-0.019685 -0.011811 -0.003937 -0.7799 0.0305 -0.6252 218 117 50
-0.019685 -0.011811 0.003937 -0.8302 -0.3043 0.4671 218 118 50
-0.019685 -0.011811 0.011811 -0.6009 -0.3928 0.6961 218 118 50
-0.019685 -0.011811 0.019685 -0.4423 -0.4283 0.7880 218 119 50
-0.019685 -0.011811 0.027559 -0.3318 -0.3616 0.8713 218 119 50
-0.019685 -0.011811 0.035433 -0.3491 -0.3384 0.8739 218 120 50
-0.019685 -0.011811 0.043307 -0.3401 -0.3645 0.8669 219 120 50
-0.019685 -0.011811 0.051181 -0.3338 -0.3260 0.8845 216 119 51
-0.019685 -0.003937 -0.051181 -0.4369 0.2790 -0.8551 216 118 52
-0.019685 -0.003937 -0.043307 -0.3962 0.2406 -0.8861 217 118 50
-0.019685 -0.003937 -0.035433 -0.4179 0.2152 -0.8826 218 117 50
-0.019685 -0.003937 -0.027559 -0.4964 0.1582 -0.8536 218 117 50
-0.019685 -0.003937 -0.019685 -0.5924 0.0920 -0.8004 218 116 50
-0.019685 -0.003937 -0.011811 -0.6656 -0.0207 -0.7460 219 116 49
-0.019685 -0.003937 -0.003937 -0.8205 -0.5535 -0.1425 218 117 49
-0.019685 -0.003937 0.003937 -0.6851 -0.6650 0.2974 218 118 49
-0.019685 -0.003937 0.011811 -0.5837 -0.6183 0.5263 218 118 49
-0.019685 -0.003937 0.019685 -0.4872 -0.6230 0.6120 218 118 50
-0.019685 -0.003937 0.027559 -0.4334 -0.5641 0.7028 218 118 50
-0.019685 -0.003937 0.035433 -0.3994 -0.5093 0.7623 218 119 49
-0.019685 -0.003937 0.043307 -0.3665 -0.4999 0.7847 218 119 50
-0.019685 -0.003937 0.051181 -0.3909 -0.4590 0.7978 218 119 50
-0.019685 0.003937 -0.059055 -0.5389 0.1849 -0.8218 216 120 55
-0.019685 0.003937 -0.051181 -0.4820 0.1292 -0.8666 217 118 52
-0.019685 0.003937 -0.043307 -0.5051 0.0616 -0.8609 218 117 51
-0.019685 0.003937 -0.035433 -0.5773 0.0234 -0.8162 218 116 49
-0.019685 0.003937 -0.027559 -0.6365 -0.0602 -0.7689 218 116 48
-0.019685 0.003937 -0.019685 -0.7175 -0.1108 -0.6877 219 116 48
-0.019685 0.003937 -0.011811 -0.7881 -0.5595 -0.2566 219 116 48
-0.019685 0.003937 -0.003937 -0.7450 -0.6641 -0.0626 219 116 47
-0.019685 0.003937 0.003937 -0.6509 -0.7359 0.1863 218 116 48
-0.019685 0.003937 0.011811 -0.5926 -0.7266 0.3476 219 117 48
-0.019685 0.003937 0.019685 -0.5185 -0.7122 0.4732 218 117 49
-0.019685 0.003937 0.027559 -0.4760 -0.6775 0.5607 218 117 49
-0.019685 0.003937 0.035433 -0.4281 -0.6271 0.6508 218 118 49
-0.019685 0.003937 0.043307 -0.3920 -0.6047 0.6933 218 118 48
-0.019685 0.003937 0.051181 -0.4495 -0.5673 0.6900 216 119 50
-0.019685 0.011811 -0.066929 -0.6213 0.0461 -0.7822 217 119 55
-0.019685 0.011811 -0.059055 -0.5436 0.0334 -0.8387 218 118 52
-0.019685 0.011811 -0.051181 -0.5702 -0.0121 -0.8214 218 117 50
-0.019685 0.011811 -0.043307 -0.5743 -0.1197 -0.8098 218 117 50
-0.019685 0.011811 -0.035433 -0.6672 -0.1915 -0.7199 218 116 49
-0.019685 0.011811 -0.027559 -0.7525 -0.2950 -0.5888 219 116 49
-0.019685 0.011811 -0.019685 -0.7990 -0.3667 -0.4766 219 116 49
-0.019685 0.011811 -0.011811 -0.7265 -0.6829 -0.0766 219 116 48
-0.019685 0.011811 -0.003937 -0.6789 -0.7334 0.0348 219 116 47
-0.019685 0.011811 0.003937 -0.6000 -0.7799 0.1785 218 116 47
-0.019685 0.011811 0.011811 -0.5479 -0.7840 0.2917 219 117 47
-0.019685 0.011811 0.019685 -0.5510 -0.7516 0.3626 218 116 47
-0.019685 0.011811 0.027559 -0.4735 -0.7118 0.5188 219 116 47
-0.019685 0.011811 0.035433 -0.4525 -0.6919 0.5626 218 117 47
-0.019685 0.011811 0.043307 -0.4150 -0.6565 0.6299 217 117 49
-0.019685 0.019685 -0.066929 -0.5848 -0.1426 -0.7986 215 119 54
-0.019685 0.019685 -0.059055 -0.6458 -0.1804 -0.7419 216 118 53
-0.019685 0.019685 -0.051181 -0.7240 -0.2855 -0.6279 217 117 51
-0.019685 0.019685 -0.043307 -0.7423 -0.3814 -0.5510 218 116 50
-0.019685 0.019685 -0.035433 -0.7703 -0.4698 -0.4311 219 116 49
-0.019685 0.019685 -0.027559 -0.8106 -0.4641 -0.3571 219 116 48
-0.019685 0.019685 -0.019685 -0.7251 -0.6886 -0.0092 219 116 48
-0.019685 0.019685 -0.011811 -0.6906 -0.7216 0.0490 219 116 47
-0.019685 0.019685 -0.003937 -0.6449 -0.7540 0.1247 219 116 47
-0.019685 0.019685 0.003937 -0.5943 -0.7764 0.2097 219 116 46
-0.019685 0.019685 0.011811 -0.5668 -0.7823 0.2584 219 116 46
-0.019685 0.019685 0.019685 -0.5378 -0.7668 0.3504 219 116 47
-0.019685 0.019685 0.027559 -0.4647 -0.7372 0.4905 219 116 45
-0.019685 0.019685 0.035433 -0.4529 -0.7140 0.5339 219 116 46
-0.019685 0.019685 0.043307 -0.4250 -0.7122 0.5588 217 116 49
-0.019685 0.027559 -0.066929 -0.7334 -0.3952 -0.5532 216 118 55
-0.019685 0.027559 -0.059055 -0.7648 -0.4093 -0.4976 217 117 51
-0.019685 0.027559 -0.051181 -0.7890 -0.4468 -0.4218 217 116 51
-0.019685 0.027559 -0.043307 -0.7597 -0.5103 -0.4031 217 116 52
-0.019685 0.027559 -0.035433 -0.7499 -0.5263 -0.4008 218 115 50
-0.019685 0.027559 -0.027559 -0.7332 -0.5604 -0.3851 219 115 48
-0.019685 0.027559 -0.019685 -0.6815 -0.7227 0.1149 219 115 47
-0.019685 0.027559 -0.011811 -0.6546 -0.7443 0.1320 219 115 47
-0.019685 0.027559 -0.003937 -0.6350 -0.7585 0.1468 219 115 47
-0.019685 0.027559 0.003937 -0.5799 -0.7675 0.2732 219 115 46
-0.019685 0.027559 0.011811 -0.5447 -0.7759 0.3183 219 115 45
-0.019685 0.027559 0.019685 -0.5407 -0.7519 0.3771 219 115 45
-0.019685 0.027559 0.027559 -0.4777 -0.7380 0.4766 219 115 45
-0.019685 0.027559 0.035433 -0.4629 -0.7276 0.5063 218 115 46
-0.019685 0.035433 -0.051181 -0.7836 -0.5326 -0.3198 217 117 52
-0.019685 0.035433 -0.043307 -0.7307 -0.5553 -0.3972 218 115 51
-0.019685 0.035433 -0.035433 -0.7202 -0.5882 -0.3678 217 115 48
-0.019685 0.035433 -0.027559 -0.7046 -0.6970 -0.1333 217 115 49
-0.019685 0.035433 -0.019685 -0.6511 -0.7541 0.0859 218 114 47
-0.019685 0.035433 -0.011811 -0.6323 -0.7613 0.1438 218 115 46
-0.019685 0.035433 -0.003937 -0.6230 -0.7515 0.2171 219 114 46
-0.019685 0.035433 0.003937 -0.6029 -0.7518 0.2672 218 114 46
-0.019685 0.035433 0.011811 -0.5714 -0.7511 0.3308 218 115 45
-0.019685 0.035433 0.019685 -0.5484 -0.7385 0.3923 218 114 46
-0.019685 0.035433 0.027559 -0.5118 -0.7402 0.4361 217 114 46
-0.019685 0.035433 0.035433 -0.5203 -0.7308 0.4417 216 115 47
-0.019685 0.043307 -0.019685 -0.6720 -0.7349 -0.0911 216 114 48
-0.019685 0.043307 -0.011811 -0.6412 -0.7592 0.1115 216 114 48
-0.019685 0.043307 -0.003937 -0.6142 -0.7674 0.1841 216 114 48
-0.019685 0.043307 0.003937 -0.6143 -0.7579 0.2196 217 114 46
-0.019685 0.043307 0.011811 -0.6090 -0.7346 0.2993 218 114 46
-0.019685 0.043307 0.019685 -0.5733 -0.7290 0.3740 218 114 47
-0.019685 0.043307 0.027559 -0.5253 -0.7314 0.4349 218 115 48
-0.019685 0.051181 -0.011811 -0.6664 -0.7451 -0.0278 217 114 51
-0.019685 0.051181 -0.003937 -0.6094 -0.7858 0.1061 217 115 51
-0.011811 -0.059055 -0.011811 0.3079 0.9181 -0.2496 213 121 55
-0.011811 -0.059055 -0.003937 0.2975 0.9264 -0.2308 211 121 55
-0.011811 -0.059055 0.003937 0.2901 0.9386 -0.1867 212 121 56
-0.011811 -0.059055 0.011811 0.3738 0.9273 -0.0216 212 122 55
-0.011811 -0.059055 0.019685 0.3336 0.9397 0.0758 212 122 56
-0.011811 -0.059055 0.027559 0.3106 0.9341 0.1762 212 123 57
-0.011811 -0.059055 0.035433 0.2993 0.9156 0.2686 212 123 58
-0.011811 -0.051181 -0.019685 0.3179 0.8888 -0.3300 213 120 55
-0.011811 -0.051181 -0.011811 0.3181 0.8954 -0.3115 213 118 54
-0.011811 -0.051181 -0.003937 0.3146 0.9109 -0.2671 214 118 52
-0.011811 -0.051181 0.003937 0.3101 0.9316 -0.1897 215 120 53
-0.011811 -0.051181 0.011811 0.3970 0.9168 0.0430 215 120 53
-0.011811 -0.051181 0.019685 0.3809 0.9138 0.1407 214 121 53
-0.011811 -0.051181 0.027559 0.3671 0.9052 0.2141 214 122 54
-0.011811 -0.051181 0.035433 0.3124 0.9039 0.2921 213 122 55
-0.011811 -0.051181 0.043307 0.2568 0.8575 0.4459 213 122 55
-0.011811 -0.051181 0.051181 0.2554 0.8132 0.5230 213 123 57
-0.011811 -0.051181 0.059055 0.1705 0.7459 0.6439 213 123 57
-0.011811 -0.051181 0.066929 0.0539 0.6274 0.7769 211 125 59
-0.011811 -0.043307 -0.027559 0.2896 0.8726 -0.3934 213 119 55
-0.011811 -0.043307 -0.019685 0.2732 0.8717 -0.4069 213 118 53
-0.011811 -0.043307 -0.011811 0.3056 0.8856 -0.3498 214 118 52
-0.011811 -0.043307 -0.003937 0.2881 0.9068 -0.3076 215 118 52
-0.011811 -0.043307 0.003937 0.3932 0.9165 -0.0733 215 119 51
-0.011811 -0.043307 0.011811 0.3999 0.9147 0.0591 216 119 52
-0.011811 -0.043307 0.019685 0.3625 0.9155 0.1747 215 120 52
-0.011811 -0.043307 0.027559 0.3492 0.8900 0.2933 215 121 52
-0.011811 -0.043307 0.035433 0.3129 0.8494 0.4250 215 121 53
-0.011811 -0.043307 0.043307 0.2438 0.8169 0.5227 215 122 54
-0.011811 -0.043307 0.051181 0.1811 0.7244 0.6651 214 121 54
-0.011811 -0.043307 0.059055 0.1088 0.6286 0.7701 213 121 55
-0.011811 -0.043307 0.066929 0.0279 0.5463 0.8371 214 122 54
-0.011811 -0.035433 -0.035433 0.2948 0.8211 -0.4888 213 118 54
-0.011811 -0.035433 -0.027559 0.2259 0.8516 -0.4729 214 117 53
-0.011811 -0.035433 -0.019685 0.2419 0.8532 -0.4621 215 117 52
-0.011811 -0.035433 -0.011811 0.2550 0.8757 -0.4101 215 117 51
-0.011811 -0.035433 -0.003937 0.2529 0.9071 -0.3364 216 117 51
-0.011811 -0.035433 0.003937 0.3778 0.9258 -0.0157 216 118 51
-0.011811 -0.035433 0.011811 0.3777 0.9166 0.1311 217 118 51
-0.011811 -0.035433 0.019685 0.3606 0.8977 0.2531 216 119 51
-0.011811 -0.035433 0.027559 0.3143 0.8608 0.4003 216 120 51
-0.011811 -0.035433 0.035433 0.2300 0.7784 0.5841 216 120 51
-0.011811 -0.035433 0.043307 0.1718 0.7110 0.6819 216 120 52
-0.011811 -0.035433 0.051181 0.0654 0.5721 0.8176 215 121 52
-0.011811 -0.035433 0.059055 -0.0006 0.4894 0.8721 214 120 52
-0.011811 -0.035433 0.066929 -0.1235 0.4257 0.8964 213 122 55
-0.011811 -0.027559 -0.035433 0.1255 0.7951 -0.5934 215 118 53
-0.011811 -0.027559 -0.027559 0.1727 0.7973 -0.5783 216 117 51
-0.011811 -0.027559 -0.019685 0.1798 0.8264 -0.5337 216 117 50
-0.011811 -0.027559 -0.011811 0.1814 0.8559 -0.4842 217 117 50
-0.011811 -0.027559 -0.003937 0.1611 0.8897 -0.4272 217 117 51
-0.011811 -0.027559 0.003937 0.3105 0.9500 0.0333 217 118 50
-0.011811 -0.027559 0.011811 0.2700 0.9261 0.2637 217 118 50
-0.011811 -0.027559 0.019685 0.2729 0.8162 0.5093 217 119 50
-0.011811 -0.027559 0.027559 0.1955 0.7125 0.6739 217 119 50
-0.011811 -0.027559 0.035433 0.0997 0.5507 0.8287 217 120 51
-0.011811 -0.027559 0.043307 0.0059 0.4532 0.8914 216 120 50
-0.011811 -0.027559 0.051181 -0.0614 0.2279 0.9717 216 119 51
-0.011811 -0.027559 0.059055 -0.1986 0.2046 0.9585 214 120 51
-0.011811 -0.019685 -0.043307 -0.0132 0.6962 -0.7178 216 117 51
-0.011811 -0.019685 -0.035433 0.0518 0.7052 -0.7071 216 117 50
-0.011811 -0.019685 -0.027559 0.0672 0.7579 -0.6489 217 116 51
-0.011811 -0.019685 -0.019685 0.0413 0.7694 -0.6374 217 116 50
-0.011811 -0.019685 -0.011811 0.0610 0.8206 -0.5682 217 117 50
-0.011811 -0.019685 -0.003937 0.2000 0.9427 -0.2670 217 116 50
-0.011811 -0.019685 0.003937 0.1813 0.9514 0.2488 217 118 49
-0.011811 -0.019685 0.011811 0.1081 0.7898 0.6038 217 118 49
-0.011811 -0.019685 0.019685 0.0126 0.5349 0.8448 218 118 50
-0.011811 -0.019685 0.027559 -0.0628 0.2771 0.9588 218 119 50
-0.011811 -0.019685 0.035433 -0.1187 0.1864 0.9753 218 119 50
-0.011811 -0.019685 0.043307 -0.1578 0.0783 0.9844 218 119 50
-0.011811 -0.019685 0.051181 -0.1524 -0.0285 0.9879 216 119 49
-0.011811 -0.019685 0.059055 -0.2565 -0.0150 0.9664 215 120 52
-0.011811 -0.011811 -0.051181 -0.2340 0.5224 -0.8199 217 117 51
-0.011811 -0.011811 -0.043307 -0.1202 0.5543 -0.8236 217 117 51
-0.011811 -0.011811 -0.035433 -0.1203 0.5458 -0.8292 218 116 50
-0.011811 -0.011811 -0.027559 -0.1264 0.5802 -0.8046 217 116 49
-0.011811 -0.011811 -0.019685 -0.1822 0.5951 -0.7827 218 116 49
-0.011811 -0.011811 -0.011811 -0.1284 0.7384 -0.6620 218 116 49
-0.011811 -0.011811 -0.003937 -0.4236 0.8834 -0.2006 218 116 49
-0.011811 -0.011811 0.003937 -0.2705 0.3163 0.9093 218 117 48
-0.011811 -0.011811 0.011811 -0.2060 0.1798 0.9619 218 118 49
-0.011811 -0.011811 0.019685 -0.2481 -0.1163 0.9617 218 118 49
-0.011811 -0.011811 0.027559 -0.2341 -0.1174 0.9651 218 118 49
-0.011811 -0.011811 0.035433 -0.2856 -0.1393 0.9482 219 119 49
-0.011811 -0.011811 0.043307 -0.2758 -0.1944 0.9413 217 118 48
-0.011811 -0.011811 0.051181 -0.2739 -0.2391 0.9316 217 118 49
-0.011811 -0.003937 -0.051181 -0.3108 0.3941 -0.8649 217 117 50
-0.011811 -0.003937 -0.043307 -0.2933 0.3621 -0.8848 218 117 51
-0.011811 -0.003937 -0.035433 -0.3308 0.3264 -0.8855 218 116 49
-0.011811 -0.003937 -0.027559 -0.4145 0.2968 -0.8603 218 116 48
-0.011811 -0.003937 -0.019685 -0.5061 0.2693 -0.8193 219 116 48
-0.011811 -0.003937 -0.011811 -0.8114 0.0082 -0.5845 219 116 47
-0.011811 -0.003937 -0.003937 -0.9038 -0.4189 0.0873 218 116 47
-0.011811 -0.003937 0.003937 -0.5264 -0.5609 0.6390 218 116 47
-0.011811 -0.003937 0.011811 -0.4692 -0.4896 0.7349 219 116 48
-0.011811 -0.003937 0.019685 -0.3727 -0.4153 0.8298 218 117 48
-0.011811 -0.003937 0.027559 -0.3594 -0.3991 0.8436 219 118 48
-0.011811 -0.003937 0.035433 -0.3415 -0.3623 0.8672 219 118 48
-0.011811 -0.003937 0.043307 -0.3078 -0.3548 0.8828 219 118 48
-0.011811 -0.003937 0.051181 -0.3645 -0.3552 0.8608 219 119 50
-0.011811 0.003937 -0.059055 -0.4309 0.2758 -0.8592 217 118 51
-0.011811 0.003937 -0.051181 -0.4144 0.2251 -0.8818 218 117 49
-0.011811 0.003937 -0.043307 -0.3686 0.1994 -0.9079 218 116 49
-0.011811 0.003937 -0.035433 -0.4549 0.1754 -0.8731 218 115 49
-0.011811 0.003937 -0.027559 -0.6104 0.0488 -0.7906 219 116 48
-0.011811 0.003937 -0.019685 -0.6721 -0.0026 -0.7404 220 116 47
-0.011811 0.003937 -0.011811 -0.7685 -0.6194 -0.1605 219 116 46
-0.011811 0.003937 -0.003937 -0.7453 -0.6606 0.0906 219 116 46
-0.011811 0.003937 0.003937 -0.5848 -0.7174 0.3786 219 116 46
-0.011811 0.003937 0.011811 -0.5046 -0.7050 0.4984 219 116 46
-0.011811 0.003937 0.019685 -0.4319 -0.6334 0.6421 219 116 47
-0.011811 0.003937 0.027559 -0.4102 -0.5491 0.7282 219 116 47
-0.011811 0.003937 0.035433 -0.3694 -0.5331 0.7612 219 117 47
-0.011811 0.003937 0.043307 -0.3440 -0.5243 0.7790 218 117 47
-0.011811 0.011811 -0.066929 -0.5309 0.1470 -0.8346 217 119 53
-0.011811 0.011811 -0.059055 -0.5009 0.1181 -0.8574 218 117 51
-0.011811 0.011811 -0.051181 -0.4765 0.0785 -0.8756 218 116 49
-0.011811 0.011811 -0.043307 -0.4871 0.0165 -0.8732 219 115 48
-0.011811 0.011811 -0.035433 -0.6093 -0.0558 -0.7910 219 115 48
-0.011811 0.011811 -0.027559 -0.6954 -0.1660 -0.6992 220 116 47
-0.011811 0.011811 -0.019685 -0.7553 -0.3642 -0.5449 219 115 47
-0.011811 0.011811 -0.011811 -0.7076 -0.7054 -0.0407 219 115 46
-0.011811 0.011811 -0.003937 -0.6497 -0.7556 0.0838 219 116 46
-0.011811 0.011811 0.003937 -0.5729 -0.7704 0.2796 219 115 46
-0.011811 0.011811 0.011811 -0.5452 -0.7622 0.3489 219 115 46
-0.011811 0.011811 0.019685 -0.4797 -0.6968 0.5333 219 116 45
-0.011811 0.011811 0.027559 -0.4295 -0.6505 0.6264 219 116 46
-0.011811 0.011811 0.035433 -0.3946 -0.6280 0.6708 219 115 45
-0.011811 0.011811 0.043307 -0.3490 -0.6149 0.7072 217 116 48
-0.011811 0.019685 -0.066929 -0.5569 0.0067 -0.8306 217 117 52
-0.011811 0.019685 -0.059055 -0.6438 -0.1306 -0.7540 218 116 50
-0.011811 0.019685 -0.051181 -0.7342 -0.2209 -0.6420 218 116 49
-0.011811 0.019685 -0.043307 -0.7295 -0.3458 -0.5901 219 116 48
-0.011811 0.019685 -0.035433 -0.7365 -0.3782 -0.5608 220 115 48
-0.011811 0.019685 -0.027559 -0.7530 -0.4322 -0.4962 219 115 47
-0.011811 0.019685 -0.019685 -0.6959 -0.7114 -0.0986 219 115 45
-0.011811 0.019685 -0.011811 -0.6298 -0.7643 0.1386 220 115 46
-0.011811 0.019685 -0.003937 -0.6105 -0.7806 0.1340 220 115 46
-0.011811 0.019685 0.003937 -0.5178 -0.8134 0.2652 220 115 45
-0.011811 0.019685 0.011811 -0.5619 -0.7552 0.3376 219 115 45
-0.011811 0.019685 0.019685 -0.4970 -0.7400 0.4532 219 115 45
-0.011811 0.019685 0.027559 -0.4369 -0.7107 0.5514 219 115 44
-0.011811 0.019685 0.035433 -0.3954 -0.6984 0.5966 219 115 45
-0.011811 0.019685 0.043307 -0.3678 -0.7072 0.6038 218 115 47
-0.011811 0.027559 -0.074803 -0.6702 -0.1814 -0.7197 215 118 53
-0.011811 0.027559 -0.066929 -0.7023 -0.2381 -0.6709 217 117 52
-0.011811 0.027559 -0.059055 -0.7609 -0.3751 -0.5295 218 116 50
-0.011811 0.027559 -0.051181 -0.7604 -0.4413 -0.4765 218 116 49
-0.011811 0.027559 -0.043307 -0.7755 -0.4804 -0.4096 219 115 48
-0.011811 0.027559 -0.035433 -0.7859 -0.4800 -0.3899 220 115 47
-0.011811 0.027559 -0.027559 -0.7442 -0.5723 -0.3444 219 115 46
-0.011811 0.027559 -0.019685 -0.6624 -0.7463 0.0649 220 115 45
-0.011811 0.027559 -0.011811 -0.6288 -0.7608 0.1608 220 115 45
-0.011811 0.027559 -0.003937 -0.6122 -0.7709 0.1761 220 114 45
-0.011811 0.027559 0.003937 -0.5270 -0.7963 0.2968 220 115 45
-0.011811 0.027559 0.011811 -0.5404 -0.7678 0.3442 219 115 44
-0.011811 0.027559 0.019685 -0.5045 -0.7502 0.4275 219 115 44
-0.011811 0.027559 0.027559 -0.4434 -0.7318 0.5175 219 115 44
-0.011811 0.027559 0.035433 -0.4114 -0.7285 0.5478 218 114 45
-0.011811 0.035433 -0.074803 -0.7547 -0.4031 -0.5176 215 117 54
-0.011811 0.035433 -0.066929 -0.7874 -0.4155 -0.4555 217 116 51
-0.011811 0.035433 -0.059055 -0.7718 -0.4779 -0.4195 217 115 52
-0.011811 0.035433 -0.051181 -0.7593 -0.5241 -0.3857 217 115 49
-0.011811 0.035433 -0.043307 -0.7421 -0.5485 -0.3851 219 114 48
-0.011811 0.035433 -0.035433 -0.7515 -0.5752 -0.3231 219 115 47
-0.011811 0.035433 -0.027559 -0.6818 -0.7187 -0.1362 219 115 46
-0.011811 0.035433 -0.019685 -0.6854 -0.7264 -0.0497 219 114 46
-0.011811 0.035433 -0.011811 -0.6233 -0.7651 0.1618 219 114 45
-0.011811 0.035433 -0.003937 -0.5800 -0.7860 0.2140 219 114 45
-0.011811 0.035433 0.003937 -0.5608 -0.7706 0.3028 219 114 44
-0.011811 0.035433 0.011811 -0.5421 -0.7515 0.3760 219 114 44
-0.011811 0.035433 0.019685 -0.4850 -0.7460 0.4564 219 114 44
-0.011811 0.035433 0.027559 -0.4263 -0.7370 0.5244 219 114 44
-0.011811 0.035433 0.035433 -0.4479 -0.7377 0.5051 217 115 46
-0.011811 0.043307 -0.059055 -0.7150 -0.5635 -0.4138 218 116 52
-0.011811 0.043307 -0.051181 -0.7228 -0.5353 -0.4371 217 115 50
-0.011811 0.043307 -0.043307 -0.7173 -0.5881 -0.3737 218 115 48
-0.011811 0.043307 -0.035433 -0.7267 -0.6181 -0.3000 218 114 48
-0.011811 0.043307 -0.027559 -0.6564 -0.7508 -0.0734 218 114 47
-0.011811 0.043307 -0.019685 -0.6816 -0.7310 -0.0321 218 113 46
-0.011811 0.043307 -0.011811 -0.5995 -0.7710 0.2149 218 114 45
-0.011811 0.043307 -0.003937 -0.5704 -0.7812 0.2538 219 114 45
-0.011811 0.043307 0.003937 -0.5785 -0.7571 0.3034 219 114 44
-0.011811 0.043307 0.011811 -0.5490 -0.7535 0.3616 218 114 44
-0.011811 0.043307 0.019685 -0.4991 -0.7557 0.4242 218 114 45
-0.011811 0.043307 0.027559 -0.4573 -0.7581 0.4649 218 114 44
-0.011811 0.043307 0.035433 -0.4841 -0.7691 0.4173 217 115 47
-0.011811 0.051181 -0.035433 -0.6833 -0.7111 -0.1656 217 114 49
-0.011811 0.051181 -0.027559 -0.6383 -0.7633 -0.0995 216 114 49
-0.011811 0.051181 -0.019685 -0.6478 -0.7602 -0.0507 217 114 48
-0.011811 0.051181 -0.011811 -0.6214 -0.7833 0.0163 216 114 48
-0.011811 0.051181 -0.003937 -0.6115 -0.7671 0.1937 217 114 47
-0.011811 0.051181 0.003937 -0.6122 -0.7359 0.2894 219 114 46
-0.011811 0.051181 0.011811 -0.5713 -0.7416 0.3517 219 114 47
-0.011811 0.051181 0.019685 -0.5167 -0.7520 0.4094 219 114 48
-0.011811 0.051181 0.027559 -0.5044 -0.7443 0.4378 218 114 48
-0.011811 0.059055 -0.019685 -0.6612 -0.7500 -0.0165 216 114 50
-0.011811 0.059055 -0.011811 -0.6467 -0.7627 0.0117 217 114 50
-0.003937 -0.059055 -0.003937 0.3270 0.9225 -0.2050 212 122 57
-0.003937 -0.059055 0.003937 0.2790 0.9477 -0.1553 212 121 55
-0.003937 -0.059055 0.011811 0.3174 0.9461 0.0636 210 124 56
-0.003937 -0.059055 0.019685 0.2789 0.9515 0.1299 210 124 60
-0.003937 -0.051181 -0.019685 0.3095 0.9095 -0.2776 213 119 54
-0.003937 -0.051181 -0.011811 0.3031 0.9186 -0.2537 213 118 54
-0.003937 -0.051181 -0.003937 0.3108 0.9262 -0.2135 214 118 51
-0.003937 -0.051181 0.003937 0.3554 0.9301 -0.0929 215 119 53
-0.003937 -0.051181 0.011811 0.3717 0.9268 0.0535 215 120 53
-0.003937 -0.051181 0.019685 0.3274 0.9328 0.1505 214 120 54
-0.003937 -0.051181 0.027559 0.3042 0.9189 0.2512 213 122 54
-0.003937 -0.051181 0.035433 0.2655 0.9057 0.3305 213 121 55
-0.003937 -0.043307 -0.027559 0.2720 0.8943 -0.3554 214 118 53
-0.003937 -0.043307 -0.019685 0.2969 0.8888 -0.3490 214 117 52
-0.003937 -0.043307 -0.011811 0.3064 0.9059 -0.2923 215 117 50
-0.003937 -0.043307 -0.003937 0.2876 0.9273 -0.2395 216 117 52
-0.003937 -0.043307 0.003937 0.3815 0.9239 -0.0299 215 118 51
-0.003937 -0.043307 0.011811 0.3922 0.9154 0.0905 216 119 51
-0.003937 -0.043307 0.019685 0.3707 0.9086 0.1925 216 119 51
-0.003937 -0.043307 0.027559 0.3289 0.8945 0.3029 215 120 51
-0.003937 -0.043307 0.035433 0.2929 0.8650 0.4075 214 120 51
-0.003937 -0.043307 0.043307 0.2463 0.8199 0.5168 214 120 52
-0.003937 -0.043307 0.051181 0.1843 0.7468 0.6390 215 121 53
-0.003937 -0.043307 0.059055 0.1202 0.6475 0.7525 214 121 54
-0.003937 -0.043307 0.066929 0.0585 0.5577 0.8280 212 122 57
-0.003937 -0.035433 -0.035433 0.2659 0.8679 -0.4196 214 117 51
-0.003937 -0.035433 -0.027559 0.2651 0.8637 -0.4288 215 116 51
-0.003937 -0.035433 -0.019685 0.2939 0.8760 -0.3824 215 116 51
-0.003937 -0.035433 -0.011811 0.2843 0.8976 -0.3369 216 117 50
-0.003937 -0.035433 -0.003937 0.2958 0.9221 -0.2494 216 117 50
-0.003937 -0.035433 0.003937 0.3819 0.9235 0.0367 216 117 50
-0.003937 -0.035433 0.011811 0.3714 0.9145 0.1607 217 118 50
-0.003937 -0.035433 0.019685 0.3549 0.8975 0.2619 216 118 50
-0.003937 -0.035433 0.027559 0.3384 0.8496 0.4046 216 119 51
-0.003937 -0.035433 0.035433 0.2673 0.7795 0.5665 217 119 52
-0.003937 -0.035433 0.043307 0.1956 0.7088 0.6778 217 120 51
-0.003937 -0.035433 0.051181 0.1431 0.5913 0.7937 215 120 51
-0.003937 -0.035433 0.059055 0.0830 0.5635 0.8219 214 120 52
-0.003937 -0.035433 0.066929 0.0534 0.4786 0.8764 215 120 53
-0.003937 -0.027559 -0.043307 0.2275 0.8229 -0.5206 215 117 53
-0.003937 -0.027559 -0.035433 0.2105 0.8363 -0.5062 214 116 51
-0.003937 -0.027559 -0.027559 0.2416 0.8282 -0.5056 216 116 50
-0.003937 -0.027559 -0.019685 0.2489 0.8604 -0.4446 216 116 50
-0.003937 -0.027559 -0.011811 0.2163 0.8915 -0.3981 216 116 49
-0.003937 -0.027559 -0.003937 0.2698 0.9234 -0.2730 217 116 50
-0.003937 -0.027559 0.003937 0.3334 0.9369 0.1055 217 117 49
-0.003937 -0.027559 0.011811 0.3136 0.8987 0.3065 218 117 50
-0.003937 -0.027559 0.019685 0.2930 0.8337 0.4681 217 118 49
-0.003937 -0.027559 0.027559 0.2546 0.7482 0.6128 217 118 49
-0.003937 -0.027559 0.035433 0.1661 0.6904 0.7041 217 119 49
-0.003937 -0.027559 0.043307 0.0741 0.5945 0.8007 217 119 49
-0.003937 -0.027559 0.051181 -0.0198 0.3785 0.9254 216 118 49
-0.003937 -0.027559 0.059055 -0.1309 0.3213 0.9379 214 119 50
-0.003937 -0.019685 -0.051181 0.0391 0.8240 -0.5652 216 118 53
-0.003937 -0.019685 -0.043307 0.1049 0.7561 -0.6460 216 116 50
-0.003937 -0.019685 -0.035433 0.1586 0.7782 -0.6076 216 116 49
-0.003937 -0.019685 -0.027559 0.1390 0.8030 -0.5796 217 115 49
-0.003937 -0.019685 -0.019685 0.1466 0.8297 -0.5386 217 116 49
-0.003937 -0.019685 -0.011811 0.1705 0.8543 -0.4911 217 116 49
-0.003937 -0.019685 -0.003937 0.3319 0.9380 -0.0995 218 116 50
-0.003937 -0.019685 0.003937 0.2828 0.9354 0.2122 218 117 49
-0.003937 -0.019685 0.011811 0.2232 0.7832 0.5804 217 117 49
-0.003937 -0.019685 0.019685 0.1772 0.6388 0.7487 218 117 49
-0.003937 -0.019685 0.027559 0.0868 0.4780 0.8741 218 118 49
-0.003937 -0.019685 0.035433 -0.0085 0.3875 0.9218 218 118 49
-0.003937 -0.019685 0.043307 -0.1028 0.2173 0.9707 217 117 48
-0.003937 -0.019685 0.051181 -0.1000 0.1504 0.9836 217 118 48
-0.003937 -0.019685 0.059055 -0.1801 0.0992 0.9786 216 119 49
-0.003937 -0.011811 -0.051181 -0.0673 0.6217 -0.7804 217 117 50
-0.003937 -0.011811 -0.043307 -0.0051 0.6529 -0.7574 217 116 50
-0.003937 -0.011811 -0.035433 0.0748 0.7064 -0.7038 218 115 49
-0.003937 -0.011811 -0.027559 -0.0031 0.7111 -0.7031 217 116 49
-0.003937 -0.011811 -0.019685 0.0052 0.7791 -0.6269 218 115 48
-0.003937 -0.011811 -0.011811 0.0329 0.8460 -0.5322 218 116 48
-0.003937 -0.011811 -0.003937 0.1587 0.9834 0.0882 219 116 48
-0.003937 -0.011811 0.003937 0.0793 0.8682 0.4899 218 116 47
-0.003937 -0.011811 0.011811 0.0144 0.5167 0.8561 218 116 48
-0.003937 -0.011811 0.019685 -0.0282 0.3756 0.9263 218 117 49
-0.003937 -0.011811 0.027559 -0.1194 0.1376 0.9833 219 117 49
-0.003937 -0.011811 0.035433 -0.1785 0.0659 0.9817 218 117 47
-0.003937 -0.011811 0.043307 -0.2197 -0.0337 0.9750 219 118 48
-0.003937 -0.011811 0.051181 -0.2359 -0.0980 0.9668 218 118 49
-0.003937 -0.003937 -0.059055 -0.4045 0.5514 -0.7296 218 117 52
-0.003937 -0.003937 -0.051181 -0.1892 0.4761 -0.8588 218 116 50
-0.003937 -0.003937 -0.043307 -0.1878 0.4670 -0.8641 218 115 49
-0.003937 -0.003937 -0.035433 -0.1657 0.4900 -0.8559 219 115 48
-0.003937 -0.003937 -0.027559 -0.2086 0.5523 -0.8071 218 116 48
-0.003937 -0.003937 -0.019685 -0.2246 0.6514 -0.7247 219 115 47
-0.003937 -0.003937 -0.011811 -0.5959 0.7767 -0.2039 219 115 47
-0.003937 -0.003937 -0.003937 -0.3459 0.4159 0.8410 219 115 47
-0.003937 -0.003937 0.003937 -0.2890 0.0189 0.9571 219 116 47
-0.003937 -0.003937 0.011811 -0.2210 -0.0464 0.9742 219 116 47
-0.003937 -0.003937 0.019685 -0.2385 -0.1170 0.9641 219 116 46
-0.003937 -0.003937 0.027559 -0.2626 -0.1712 0.9496 219 116 47
-0.003937 -0.003937 0.035433 -0.2751 -0.1988 0.9406 219 117 47
-0.003937 -0.003937 0.043307 -0.2762 -0.2271 0.9339 219 117 47
-0.003937 -0.003937 0.051181 -0.2917 -0.2629 0.9197 219 118 47
-0.003937 0.003937 -0.059055 -0.2956 0.3541 -0.8873 218 117 50
-0.003937 0.003937 -0.051181 -0.2933 0.3297 -0.8973 218 116 49
-0.003937 0.003937 -0.043307 -0.3058 0.2941 -0.9055 218 115 48
-0.003937 0.003937 -0.035433 -0.3731 0.2559 -0.8918 219 115 48
-0.003937 0.003937 -0.027559 -0.4893 0.2465 -0.8365 219 115 47
-0.003937 0.003937 -0.019685 -0.4737 0.3760 -0.7964 219 115 46
-0.003937 0.003937 -0.011811 -0.8658 -0.4751 -0.1573 219 115 46
-0.003937 0.003937 -0.003937 -0.6097 -0.5160 0.6017 219 115 46
-0.003937 0.003937 0.003937 -0.5200 -0.5367 0.6645 219 115 45
-0.003937 0.003937 0.011811 -0.3548 -0.4550 0.8168 219 115 45
-0.003937 0.003937 0.019685 -0.3457 -0.4282 0.8350 220 115 45
-0.003937 0.003937 0.027559 -0.3449 -0.4127 0.8431 219 115 46
-0.003937 0.003937 0.035433 -0.3553 -0.4261 0.8319 220 116 46
-0.003937 0.003937 0.043307 -0.3073 -0.4225 0.8527 218 116 46
-0.003937 0.003937 0.051181 -0.2986 -0.5216 0.7993 217 118 47
-0.003937 0.011811 -0.066929 -0.4768 0.2040 -0.8550 217 117 50
-0.003937 0.011811 -0.059055 -0.4152 0.1904 -0.8896 218 115 49
-0.003937 0.011811 -0.051181 -0.3763 0.1712 -0.9105 219 116 48
-0.003937 0.011811 -0.043307 -0.4401 0.0829 -0.8941 219 115 47
-0.003937 0.011811 -0.035433 -0.5397 0.0295 -0.8413 220 115 46
-0.003937 0.011811 -0.027559 -0.6665 -0.0359 -0.7447 220 115 46
-0.003937 0.011811 -0.019685 -0.7908 -0.4882 -0.3692 220 115 46
-0.003937 0.011811 -0.011811 -0.7541 -0.6533 -0.0673 220 115 46
-0.003937 0.011811 -0.003937 -0.6238 -0.7418 0.2464 220 115 45
-0.003937 0.011811 0.003937 -0.5387 -0.7388 0.4050 220 115 45
-0.003937 0.011811 0.011811 -0.4716 -0.6614 0.5833 220 115 45
-0.003937 0.011811 0.019685 -0.4328 -0.5997 0.6731 219 115 44
-0.003937 0.011811 0.027559 -0.3900 -0.5661 0.7263 219 115 44
-0.003937 0.011811 0.035433 -0.3183 -0.5780 0.7514 219 115 44
-0.003937 0.011811 0.043307 -0.2729 -0.6222 0.7337 218 115 46
-0.003937 0.019685 -0.074803 -0.5855 0.0769 -0.8070 217 118 52
-0.003937 0.019685 -0.066929 -0.5056 0.0857 -0.8585 218 117 50
-0.003937 0.019685 -0.059055 -0.6039 -0.0406 -0.7960 219 116 49
-0.003937 0.019685 -0.051181 -0.6752 -0.1600 -0.7200 219 115 48
-0.003937 0.019685 -0.043307 -0.7054 -0.2650 -0.6574 220 115 47
-0.003937 0.019685 -0.035433 -0.6858 -0.3014 -0.6624 220 115 46
-0.003937 0.019685 -0.027559 -0.7016 -0.2886 -0.6514 220 115 45
-0.003937 0.019685 -0.019685 -0.6976 -0.7101 -0.0957 220 115 44
-0.003937 0.019685 -0.011811 -0.6449 -0.7605 0.0756 220 114 45
-0.003937 0.019685 -0.003937 -0.5927 -0.7923 0.1446 220 114 45
-0.003937 0.019685 0.003937 -0.5175 -0.7916 0.3247 220 115 45
-0.003937 0.019685 0.011811 -0.5139 -0.7304 0.4499 220 115 44
-0.003937 0.019685 0.019685 -0.4491 -0.6850 0.5737 220 114 44
-0.003937 0.019685 0.027559 -0.3758 -0.6825 0.6268 219 114 43
-0.003937 0.019685 0.035433 -0.3107 -0.6818 0.6622 219 114 44
-0.003937 0.019685 0.043307 -0.2970 -0.6861 0.6642 218 115 46
-0.003937 0.027559 -0.074803 -0.6063 -0.0557 -0.7933 218 118 51
-0.003937 0.027559 -0.066929 -0.6856 -0.1500 -0.7123 218 116 50
-0.003937 0.027559 -0.059055 -0.7057 -0.2283 -0.6708 219 116 49
-0.003937 0.027559 -0.051181 -0.7030 -0.2973 -0.6461 219 115 48
-0.003937 0.027559 -0.043307 -0.7263 -0.3776 -0.5744 220 114 47
-0.003937 0.027559 -0.035433 -0.7241 -0.4226 -0.5451 220 114 45
-0.003937 0.027559 -0.027559 -0.7222 -0.6209 -0.3047 220 114 45
-0.003937 0.027559 -0.019685 -0.6452 -0.7635 0.0285 220 114 45
-0.003937 0.027559 -0.011811 -0.5866 -0.8015 0.1161 220 114 44
-0.003937 0.027559 -0.003937 -0.5837 -0.7847 0.2088 220 114 44
-0.003937 0.027559 0.003937 -0.5484 -0.7794 0.3029 220 114 44
-0.003937 0.027559 0.011811 -0.5003 -0.7612 0.4126 220 114 43
-0.003937 0.027559 0.019685 -0.4451 -0.7363 0.5096 220 114 43
-0.003937 0.027559 0.027559 -0.3686 -0.7405 0.5620 220 114 43
-0.003937 0.027559 0.035433 -0.3301 -0.7106 0.6214 219 114 45
-0.003937 0.035433 -0.082677 -0.6497 -0.1947 -0.7349 216 118 52
-0.003937 0.035433 -0.074803 -0.7074 -0.2663 -0.6547 217 116 51
-0.003937 0.035433 -0.066929 -0.7156 -0.3221 -0.6198 217 115 51
-0.003937 0.035433 -0.059055 -0.7299 -0.4123 -0.5452 218 115 49
-0.003937 0.035433 -0.051181 -0.7240 -0.4537 -0.5196 219 115 47
-0.003937 0.035433 -0.043307 -0.7393 -0.5164 -0.4321 219 115 46
-0.003937 0.035433 -0.035433 -0.7330 -0.5507 -0.3993 220 114 46
-0.003937 0.035433 -0.027559 -0.6782 -0.7304 -0.0804 220 114 46
-0.003937 0.035433 -0.019685 -0.6710 -0.7373 -0.0787 220 113 45
-0.003937 0.035433 -0.011811 -0.5816 -0.7940 0.1771 220 114 44
-0.003937 0.035433 -0.003937 -0.5579 -0.7903 0.2534 220 114 44
-0.003937 0.035433 0.003937 -0.5427 -0.7784 0.3155 220 114 43
-0.003937 0.035433 0.011811 -0.4928 -0.7683 0.4086 220 114 43
-0.003937 0.035433 0.019685 -0.4280 -0.7569 0.4939 219 114 43
-0.003937 0.035433 0.027559 -0.3716 -0.7532 0.5428 219 115 43
-0.003937 0.035433 0.035433 -0.3492 -0.7309 0.5864 218 114 44
-0.003937 0.043307 -0.074803 -0.7896 -0.4317 -0.4361 217 116 52
-0.003937 0.043307 -0.066929 -0.7565 -0.5067 -0.4134 217 115 49
-0.003937 0.043307 -0.059055 -0.7507 -0.5387 -0.3825 218 114 49
-0.003937 0.043307 -0.051181 -0.7274 -0.5822 -0.3633 218 114 49
-0.003937 0.043307 -0.043307 -0.7305 -0.5941 -0.3368 219 114 47
-0.003937 0.043307 -0.035433 -0.6759 -0.7108 -0.1947 219 114 46
-0.003937 0.043307 -0.027559 -0.6684 -0.7421 -0.0510 219 113 46
-0.003937 0.043307 -0.019685 -0.6621 -0.7490 -0.0244 220 113 45
-0.003937 0.043307 -0.011811 -0.5961 -0.7859 0.1641 220 113 44
-0.003937 0.043307 -0.003937 -0.5592 -0.7879 0.2579 219 114 44
-0.003937 0.043307 0.003937 -0.5450 -0.7737 0.3230 220 114 43
-0.003937 0.043307 0.011811 -0.4999 -0.7615 0.4125 219 114 43
-0.003937 0.043307 0.019685 -0.4085 -0.7749 0.4823 219 114 43
-0.003937 0.043307 0.027559 -0.3961 -0.7695 0.5010 218 114 44
-0.003937 0.043307 0.035433 -0.3785 -0.7650 0.5211 217 115 46
-0.003937 0.051181 -0.059055 -0.7195 -0.6010 -0.3481 217 115 50
-0.003937 0.051181 -0.051181 -0.6940 -0.6006 -0.3970 217 114 48
-0.003937 0.051181 -0.043307 -0.7117 -0.6392 -0.2915 217 114 49
-0.003937 0.051181 -0.035433 -0.6497 -0.7474 -0.1389 218 114 47
-0.003937 0.051181 -0.027559 -0.6430 -0.7657 -0.0162 219 114 46
-0.003937 0.051181 -0.019685 -0.6394 -0.7681 0.0337 219 113 45
-0.003937 0.051181 -0.011811 -0.6227 -0.7738 0.1161 219 114 45
-0.003937 0.051181 -0.003937 -0.5591 -0.7812 0.2776 218 114 45
-0.003937 0.051181 0.003937 -0.5590 -0.7593 0.3331 218 114 44
-0.003937 0.051181 0.011811 -0.4980 -0.7797 0.3796 218 115 44
-0.003937 0.051181 0.019685 -0.4518 -0.7789 0.4349 218 114 44
-0.003937 0.051181 0.027559 -0.4595 -0.7699 0.4429 218 114 46
-0.003937 0.059055 -0.043307 -0.7039 -0.6621 -0.2570 218 114 50
-0.003937 0.059055 -0.035433 -0.6242 -0.7754 -0.0953 218 113 48
-0.003937 0.059055 -0.027559 -0.6368 -0.7679 -0.0700 218 114 48
-0.003937 0.059055 -0.019685 -0.6246 -0.7809 0.0018 217 114 47
-0.003937 0.059055 -0.011811 -0.6310 -0.7720 0.0762 217 114 46
-0.003937 0.059055 -0.003937 -0.6255 -0.7607 0.1733 218 114 47
-0.003937 0.059055 0.003937 -0.5661 -0.7666 0.3031 218 114 46
-0.003937 0.059055 0.011811 -0.5245 -0.7633 0.3772 218 114 46
-0.003937 0.059055 0.019685 -0.4920 -0.7649 0.4157 219 114 47
-0.003937 0.066929 -0.027559 -0.6228 -0.7821 0.0208 217 115 52
-0.003937 0.066929 -0.019685 -0.6569 -0.7531 -0.0347 217 114 51
-0.003937 0.066929 -0.011811 -0.6226 -0.7812 0.0456 217 114 52
0.003937 -0.051181 -0.019685 0.3359 0.9080 -0.2504 214 117 54
0.003937 -0.051181 -0.011811 0.3115 0.9259 -0.2135 213 118 56
0.003937 -0.051181 -0.003937 0.3023 0.9395 -0.1608 213 118 52
0.003937 -0.051181 0.003937 0.3533 0.9355 0.0039 214 119 55
0.003937 -0.051181 0.011811 0.3186 0.9427 0.0989 213 121 54
0.003937 -0.051181 0.019685 0.3128 0.9274 0.2049 213 121 54
0.003937 -0.043307 -0.027559 0.3178 0.9045 -0.2844 214 117 52
0.003937 -0.043307 -0.019685 0.3167 0.9031 -0.2900 215 117 52
0.003937 -0.043307 -0.011811 0.3226 0.9171 -0.2340 215 117 51
0.003937 -0.043307 -0.003937 0.3177 0.9325 -0.1716 216 117 52
0.003937 -0.043307 0.003937 0.3851 0.9223 0.0339 215 118 51
0.003937 -0.043307 0.011811 0.3481 0.9288 0.1267 216 118 51
0.003937 -0.043307 0.019685 0.3504 0.9110 0.2173 215 119 52
0.003937 -0.043307 0.027559 0.3041 0.9039 0.3009 215 120 52
0.003937 -0.043307 0.035433 0.2648 0.8596 0.4371 214 120 51
0.003937 -0.043307 0.043307 0.2260 0.8278 0.5136 214 121 53
0.003937 -0.035433 -0.035433 0.2931 0.8776 -0.3794 215 116 50
0.003937 -0.035433 -0.027559 0.2884 0.8803 -0.3767 215 116 50
0.003937 -0.035433 -0.019685 0.3295 0.8881 -0.3206 216 116 50
0.003937 -0.035433 -0.011811 0.3133 0.9135 -0.2597 216 116 50
0.003937 -0.035433 -0.003937 0.3056 0.9284 -0.2115 216 117 49
0.003937 -0.035433 0.003937 0.3873 0.9205 0.0516 216 117 49
0.003937 -0.035433 0.011811 0.3783 0.9141 0.1460 217 118 49
0.003937 -0.035433 0.019685 0.3704 0.8811 0.2942 216 118 50
0.003937 -0.035433 0.027559 0.3451 0.8501 0.3978 216 118 50
0.003937 -0.035433 0.035433 0.2842 0.8034 0.5232 216 119 51
0.003937 -0.035433 0.043307 0.2356 0.7509 0.6170 216 119 51
0.003937 -0.035433 0.051181 0.1826 0.6590 0.7297 214 119 50
0.003937 -0.035433 0.059055 0.0967 0.5927 0.7996 214 120 52
0.003937 -0.035433 0.066929 0.1082 0.5619 0.8201 214 121 53
0.003937 -0.027559 -0.043307 0.2579 0.8558 -0.4484 215 116 52
0.003937 -0.027559 -0.035433 0.2488 0.8624 -0.4408 215 116 51
0.003937 -0.027559 -0.027559 0.2976 0.8710 -0.3909 216 116 49
0.003937 -0.027559 -0.019685 0.2962 0.8865 -0.3554 216 115 49
0.003937 -0.027559 -0.011811 0.2879 0.9114 -0.2941 217 116 48
0.003937 -0.027559 -0.003937 0.3878 0.9180 -0.0832 216 116 49
0.003937 -0.027559 0.003937 0.3720 0.9209 0.1160 217 117 49
0.003937 -0.027559 0.011811 0.3724 0.8806 0.2929 217 117 49
0.003937 -0.027559 0.019685 0.3285 0.8316 0.4479 217 117 49
0.003937 -0.027559 0.027559 0.3042 0.7874 0.5361 218 118 49
0.003937 -0.027559 0.035433 0.2156 0.7644 0.6076 218 118 48
0.003937 -0.027559 0.043307 0.1945 0.6951 0.6921 217 118 49
0.003937 -0.027559 0.051181 0.1027 0.5576 0.8237 217 119 49
0.003937 -0.027559 0.059055 0.0078 0.4447 0.8956 214 119 50
0.003937 -0.019685 -0.051181 0.1563 0.8638 -0.4790 216 117 51
0.003937 -0.019685 -0.043307 0.1993 0.8240 -0.5304 216 115 49
0.003937 -0.019685 -0.035433 0.2048 0.8194 -0.5354 216 115 48
0.003937 -0.019685 -0.027559 0.2105 0.8486 -0.4853 217 115 47
0.003937 -0.019685 -0.019685 0.2124 0.8609 -0.4623 217 115 48
0.003937 -0.019685 -0.011811 0.2327 0.9108 -0.3410 218 116 48
0.003937 -0.019685 -0.003937 0.3543 0.9351 0.0085 218 116 48
0.003937 -0.019685 0.003937 0.3183 0.9117 0.2598 218 116 47
0.003937 -0.019685 0.011811 0.2768 0.8421 0.4629 218 116 48
0.003937 -0.019685 0.019685 0.2100 0.7806 0.5887 218 117 49
0.003937 -0.019685 0.027559 0.1466 0.6383 0.7557 218 116 49
0.003937 -0.019685 0.035433 0.0273 0.5427 0.8395 218 117 47
0.003937 -0.019685 0.043307 -0.0244 0.4116 0.9110 218 117 47
0.003937 -0.019685 0.051181 -0.0433 0.3052 0.9513 217 118 47
0.003937 -0.019685 0.059055 0.0653 0.2723 0.9600 216 119 50
0.003937 -0.011811 -0.051181 0.0913 0.7628 -0.6401 217 116 50
0.003937 -0.011811 -0.043307 0.1220 0.7615 -0.6365 218 115 48
0.003937 -0.011811 -0.035433 0.1362 0.7783 -0.6130 218 115 48
0.003937 -0.011811 -0.027559 0.1113 0.8189 -0.5631 218 115 48
0.003937 -0.011811 -0.019685 0.0774 0.8563 -0.5106 218 115 47
0.003937 -0.011811 -0.011811 0.1810 0.9073 -0.3796 219 115 47
0.003937 -0.011811 -0.003937 0.2245 0.9530 0.2036 218 115 47
0.003937 -0.011811 0.003937 0.2471 0.8072 0.5360 218 115 47
0.003937 -0.011811 0.011811 0.1864 0.6434 0.7425 218 116 47
0.003937 -0.011811 0.019685 0.0657 0.4661 0.8823 218 115 47
0.003937 -0.011811 0.027559 -0.0022 0.3532 0.9355 218 115 46
0.003937 -0.011811 0.035433 -0.1110 0.2386 0.9648 219 116 47
0.003937 -0.011811 0.043307 -0.1475 0.1416 0.9789 219 117 47
0.003937 -0.011811 0.051181 -0.1756 0.0897 0.9804 217 117 48
0.003937 -0.003937 -0.059055 -0.1170 0.6160 -0.7790 218 116 50
0.003937 -0.003937 -0.051181 -0.0227 0.6622 -0.7490 218 115 49
0.003937 -0.003937 -0.043307 -0.0083 0.6492 -0.7606 218 115 48
0.003937 -0.003937 -0.035433 0.0000 0.7006 -0.7135 219 114 47
0.003937 -0.003937 -0.027559 -0.0579 0.7724 -0.6325 218 115 47
0.003937 -0.003937 -0.019685 -0.0624 0.8157 -0.5750 219 115 47
0.003937 -0.003937 -0.011811 0.0227 0.9994 0.0251 219 115 46
0.003937 -0.003937 -0.003937 0.0673 0.7053 0.7057 219 115 46
0.003937 -0.003937 0.003937 -0.0522 0.4513 0.8908 219 115 46
0.003937 -0.003937 0.011811 -0.0485 0.2444 0.9685 219 115 46
0.003937 -0.003937 0.019685 -0.1255 0.0480 0.9909 218 114 45
0.003937 -0.003937 0.027559 -0.1550 0.0636 0.9859 219 115 46
0.003937 -0.003937 0.035433 -0.1965 -0.0235 0.9802 219 116 46
0.003937 -0.003937 0.043307 -0.2234 -0.1077 0.9688 219 116 45
0.003937 -0.003937 0.051181 -0.2437 -0.1532 0.9577 218 117 46
0.003937 0.003937 -0.066929 -0.3979 0.4619 -0.7926 219 117 51
0.003937 0.003937 -0.059055 -0.1897 0.4525 -0.8713 219 115 50
0.003937 0.003937 -0.051181 -0.2177 0.4248 -0.8788 219 115 48
0.003937 0.003937 -0.043307 -0.1506 0.4574 -0.8764 219 115 47
0.003937 0.003937 -0.035433 -0.1553 0.4614 -0.8735 219 114 47
0.003937 0.003937 -0.027559 -0.2912 0.5340 -0.7938 220 114 46
0.003937 0.003937 -0.019685 -0.2903 0.6294 -0.7208 220 115 46
0.003937 0.003937 -0.011811 -0.8465 0.0105 0.5322 220 115 46
0.003937 0.003937 -0.003937 -0.2433 -0.0591 0.9682 220 115 45
0.003937 0.003937 0.003937 -0.2708 -0.1406 0.9523 219 115 45
0.003937 0.003937 0.011811 -0.2436 -0.2371 0.9404 220 115 45
0.003937 0.003937 0.019685 -0.3015 -0.2720 0.9139 220 115 44
0.003937 0.003937 0.027559 -0.2668 -0.2394 0.9335 220 115 44
0.003937 0.003937 0.035433 -0.2790 -0.3102 0.9088 220 115 44
0.003937 0.003937 0.043307 -0.2061 -0.4104 0.8883 218 115 45
0.003937 0.011811 -0.066929 -0.3203 0.3277 -0.8888 217 116 50
0.003937 0.011811 -0.059055 -0.2730 0.3323 -0.9028 218 116 47
0.003937 0.011811 -0.051181 -0.3448 0.2505 -0.9046 219 115 47
0.003937 0.011811 -0.043307 -0.4704 0.1049 -0.8762 219 114 46
0.003937 0.011811 -0.035433 -0.5683 -0.0466 -0.8215 220 115 46
0.003937 0.011811 -0.027559 -0.5177 0.2277 -0.8247 220 114 45
0.003937 0.011811 -0.019685 -0.7992 -0.5819 -0.1507 220 115 44
0.003937 0.011811 -0.011811 -0.7012 -0.6737 0.2333 220 114 45
0.003937 0.011811 -0.003937 -0.4821 -0.5631 0.6712 220 114 44
0.003937 0.011811 0.003937 -0.4001 -0.5621 0.7239 220 115 44
0.003937 0.011811 0.011811 -0.3870 -0.5214 0.7605 220 115 44
0.003937 0.011811 0.019685 -0.3934 -0.5071 0.7669 220 114 44
0.003937 0.011811 0.027559 -0.2775 -0.4464 0.8507 220 114 43
0.003937 0.011811 0.035433 -0.2347 -0.5320 0.8136 219 114 43
0.003937 0.011811 0.043307 -0.2275 -0.5484 0.8047 219 114 45
0.003937 0.019685 -0.074803 -0.5200 0.1344 -0.8435 218 116 50
0.003937 0.019685 -0.066929 -0.5107 0.1033 -0.8535 219 116 48
0.003937 0.019685 -0.059055 -0.5852 -0.0216 -0.8106 219 115 47
0.003937 0.019685 -0.051181 -0.6755 -0.1305 -0.7257 220 115 47
0.003937 0.019685 -0.043307 -0.6756 -0.2053 -0.7081 220 114 46
0.003937 0.019685 -0.035433 -0.6635 -0.2422 -0.7079 220 114 45
0.003937 0.019685 -0.027559 -0.6599 -0.2229 -0.7176 220 114 45
0.003937 0.019685 -0.019685 -0.6754 -0.7373 0.0125 220 114 44
0.003937 0.019685 -0.011811 -0.6170 -0.7734 0.1455 220 114 44
0.003937 0.019685 -0.003937 -0.5354 -0.7690 0.3493 221 114 44
0.003937 0.019685 0.003937 -0.4635 -0.7211 0.5149 220 114 43
0.003937 0.019685 0.011811 -0.4261 -0.6408 0.6386 220 114 43
0.003937 0.019685 0.019685 -0.3960 -0.6091 0.6872 220 114 43
0.003937 0.019685 0.027559 -0.2576 -0.6433 0.7209 220 114 43
0.003937 0.019685 0.035433 -0.2310 -0.6255 0.7452 219 114 43
0.003937 0.019685 0.043307 -0.2596 -0.6462 0.7176 218 115 45
0.003937 0.027559 -0.082677 -0.6349 0.0211 -0.7723 218 117 51
0.003937 0.027559 -0.074803 -0.6382 -0.0313 -0.7693 218 116 50
0.003937 0.027559 -0.066929 -0.6663 -0.1230 -0.7355 219 115 49
0.003937 0.027559 -0.059055 -0.6843 -0.2068 -0.6993 220 114 48
0.003937 0.027559 -0.051181 -0.6868 -0.2650 -0.6768 220 114 46
0.003937 0.027559 -0.043307 -0.6905 -0.3180 -0.6497 220 114 45
0.003937 0.027559 -0.035433 -0.6705 -0.3582 -0.6497 220 114 45
0.003937 0.027559 -0.027559 -0.7081 -0.5935 -0.3825 220 114 44
0.003937 0.027559 -0.019685 -0.6106 -0.7912 -0.0348 220 114 44
0.003937 0.027559 -0.011811 -0.5933 -0.8005 0.0852 220 114 44
0.003937 0.027559 -0.003937 -0.5210 -0.8061 0.2808 220 114 43
0.003937 0.027559 0.003937 -0.4832 -0.7872 0.3831 220 114 43
0.003937 0.027559 0.011811 -0.4255 -0.7279 0.5377 220 114 43
0.003937 0.027559 0.019685 -0.3721 -0.7166 0.5899 220 114 43
0.003937 0.027559 0.027559 -0.2538 -0.7002 0.6673 220 114 42
0.003937 0.027559 0.035433 -0.2619 -0.6689 0.6957 218 114 44
0.003937 0.035433 -0.082677 -0.6533 -0.1305 -0.7458 217 116 51
0.003937 0.035433 -0.074803 -0.6940 -0.1619 -0.7015 218 115 49
0.003937 0.035433 -0.066929 -0.6948 -0.2316 -0.6809 219 115 48
0.003937 0.035433 -0.059055 -0.7095 -0.3111 -0.6324 219 115 47
0.003937 0.035433 -0.051181 -0.7108 -0.3690 -0.5988 219 114 46
0.003937 0.035433 -0.043307 -0.6983 -0.4271 -0.5744 220 114 45
0.003937 0.035433 -0.035433 -0.7069 -0.4732 -0.5257 220 114 45
0.003937 0.035433 -0.027559 -0.6422 -0.7165 -0.2724 220 113 44
0.003937 0.035433 -0.019685 -0.6407 -0.7433 -0.1926 220 114 44
0.003937 0.035433 -0.011811 -0.5920 -0.7925 0.1468 220 113 43
0.003937 0.035433 -0.003937 -0.4938 -0.8150 0.3031 220 114 43
0.003937 0.035433 0.003937 -0.4664 -0.8009 0.3755 220 114 42
0.003937 0.035433 0.011811 -0.3972 -0.7703 0.4989 220 114 42
0.003937 0.035433 0.019685 -0.3651 -0.7451 0.5582 220 114 43
0.003937 0.035433 0.027559 -0.2936 -0.7198 0.6290 220 114 43
0.003937 0.035433 0.035433 -0.2816 -0.7177 0.6369 219 115 44
0.003937 0.043307 -0.090551 -0.5931 -0.2027 -0.7792 216 117 52
0.003937 0.043307 -0.082677 -0.6607 -0.2863 -0.6939 215 115 52
0.003937 0.043307 -0.074803 -0.7152 -0.2827 -0.6392 217 115 49
0.003937 0.043307 -0.066929 -0.6831 -0.4129 -0.6024 218 114 48
0.003937 0.043307 -0.059055 -0.6939 -0.4452 -0.5659 219 114 47
0.003937 0.043307 -0.051181 -0.7350 -0.5408 -0.4090 219 114 47
0.003937 0.043307 -0.043307 -0.7072 -0.5955 -0.3810 219 113 46
0.003937 0.043307 -0.035433 -0.6848 -0.7161 -0.1352 220 113 45
0.003937 0.043307 -0.027559 -0.6572 -0.7498 -0.0771 220 114 44
0.003937 0.043307 -0.019685 -0.6441 -0.7649 -0.0077 220 113 45
0.003937 0.043307 -0.011811 -0.5630 -0.7978 0.2159 220 113 43
0.003937 0.043307 -0.003937 -0.4716 -0.8109 0.3464 220 113 43
0.003937 0.043307 0.003937 -0.4832 -0.7815 0.3946 220 114 42
0.003937 0.043307 0.011811 -0.4419 -0.7733 0.4547 220 114 42
0.003937 0.043307 0.019685 -0.3585 -0.7616 0.5399 219 114 43
0.003937 0.043307 0.027559 -0.3217 -0.7565 0.5693 218 114 44
0.003937 0.051181 -0.082677 -0.7032 -0.4729 -0.5309 216 115 52
0.003937 0.051181 -0.074803 -0.7176 -0.5178 -0.4658 217 115 49
0.003937 0.051181 -0.066929 -0.7124 -0.5500 -0.4358 218 114 49
0.003937 0.051181 -0.059055 -0.7101 -0.6139 -0.3449 218 114 47
0.003937 0.051181 -0.051181 -0.7188 -0.6161 -0.3222 218 114 47
0.003937 0.051181 -0.043307 -0.7398 -0.6071 -0.2902 219 114 46
0.003937 0.051181 -0.035433 -0.6636 -0.7464 -0.0503 219 113 45
0.003937 0.051181 -0.027559 -0.6383 -0.7695 -0.0201 219 113 45
0.003937 0.051181 -0.019685 -0.6248 -0.7801 0.0321 219 114 44
0.003937 0.051181 -0.011811 -0.6033 -0.7931 0.0834 220 114 44
0.003937 0.051181 -0.003937 -0.5110 -0.8044 0.3029 220 113 44
0.003937 0.051181 0.003937 -0.4961 -0.7892 0.3619 220 114 44
0.003937 0.051181 0.011811 -0.4313 -0.7849 0.4450 219 114 43
0.003937 0.051181 0.019685 -0.3732 -0.7704 0.5170 219 114 44
0.003937 0.051181 0.027559 -0.3708 -0.7587 0.5356 219 114 45
0.003937 0.059055 -0.059055 -0.6793 -0.5877 -0.4394 217 114 48
0.003937 0.059055 -0.051181 -0.7158 -0.6227 -0.3160 217 114 48
0.003937 0.059055 -0.043307 -0.6498 -0.7549 -0.0884 217 113 47
0.003937 0.059055 -0.035433 -0.6271 -0.7767 -0.0587 219 113 46
0.003937 0.059055 -0.027559 -0.6402 -0.7680 0.0171 219 114 45
0.003937 0.059055 -0.019685 -0.6264 -0.7772 0.0604 219 113 45
0.003937 0.059055 -0.011811 -0.6162 -0.7803 0.1073 219 114 45
0.003937 0.059055 -0.003937 -0.5824 -0.7797 0.2300 218 114 44
0.003937 0.059055 0.003937 -0.5048 -0.7861 0.3566 218 114 45
0.003937 0.059055 0.011811 -0.4460 -0.7873 0.4256 218 115 44
0.003937 0.059055 0.019685 -0.4408 -0.7775 0.4485 217 114 45
0.003937 0.059055 0.027559 -0.4193 -0.7865 0.4535 216 115 47
0.003937 0.066929 -0.043307 -0.6293 -0.7698 -0.1064 218 114 49
0.003937 0.066929 -0.035433 -0.6261 -0.7784 -0.0449 217 114 47
0.003937 0.066929 -0.027559 -0.6321 -0.7739 0.0384 217 113 47
0.003937 0.066929 -0.019685 -0.6150 -0.7856 0.0686 217 114 48
0.003937 0.066929 -0.011811 -0.6247 -0.7768 0.0791 217 114 48
0.003937 0.066929 -0.003937 -0.5938 -0.7799 0.1980 219 114 47
0.003937 0.066929 0.003937 -0.5013 -0.8037 0.3205 220 114 47
0.003937 0.066929 0.011811 -0.5040 -0.7687 0.3938 218 115 48
0.003937 0.066929 0.019685 -0.4947 -0.7642 0.4138 218 114 50
0.003937 0.074803 -0.035433 -0.6324 -0.7732 0.0475 218 114 52
0.003937 0.074803 -0.027559 -0.6271 -0.7785 -0.0272 216 114 51
0.003937 0.074803 -0.019685 -0.6312 -0.7754 0.0183 219 113 50
0.003937 0.074803 -0.011811 -0.6001 -0.7899 0.1265 217 114 50
0.011811 -0.051181 -0.003937 0.3044 0.9412 -0.1466 211 120 55
0.011811 -0.051181 0.003937 0.3086 0.9498 0.0520 213 121 58
0.011811 -0.043307 -0.027559 0.3120 0.9164 -0.2507 215 117 51
0.011811 -0.043307 -0.019685 0.3438 0.9102 -0.2308 214 116 51
0.011811 -0.043307 -0.011811 0.3103 0.9297 -0.1982 215 117 52
0.011811 -0.043307 -0.003937 0.2871 0.9490 -0.1300 214 117 51
0.011811 -0.043307 0.003937 0.3494 0.9336 0.0799 215 117 52
0.011811 -0.043307 0.011811 0.3366 0.9278 0.1607 216 118 52
0.011811 -0.043307 0.019685 0.2935 0.9217 0.2536 214 118 52
0.011811 -0.043307 0.027559 0.2217 0.9188 0.3267 215 120 55
0.011811 -0.035433 -0.035433 0.3229 0.8948 -0.3085 215 116 50
0.011811 -0.035433 -0.027559 0.3153 0.8982 -0.3063 215 115 49
0.011811 -0.035433 -0.019685 0.3399 0.9051 -0.2555 216 116 50
0.011811 -0.035433 -0.011811 0.3273 0.9222 -0.2059 216 116 50
0.011811 -0.035433 -0.003937 0.3459 0.9304 -0.1215 217 117 50
0.011811 -0.035433 0.003937 0.3645 0.9264 0.0949 217 117 48
0.011811 -0.035433 0.011811 0.3411 0.9207 0.1896 216 117 49
0.011811 -0.035433 0.019685 0.3456 0.8853 0.3111 216 117 49
0.011811 -0.035433 0.027559 0.3064 0.8676 0.3916 216 118 49
0.011811 -0.035433 0.035433 0.2784 0.8166 0.5057 216 118 49
0.011811 -0.035433 0.043307 0.2191 0.7636 0.6074 216 119 49
0.011811 -0.027559 -0.043307 0.2645 0.8834 -0.3869 215 115 50
0.011811 -0.027559 -0.035433 0.3192 0.8833 -0.3433 215 115 50
0.011811 -0.027559 -0.027559 0.3198 0.8954 -0.3098 217 115 49
0.011811 -0.027559 -0.019685 0.3113 0.9093 -0.2761 216 115 48
0.011811 -0.027559 -0.011811 0.3014 0.9257 -0.2287 217 115 48
0.011811 -0.027559 -0.003937 0.4094 0.9123 0.0068 217 115 48
0.011811 -0.027559 0.003937 0.3916 0.9036 0.1738 217 116 48
0.011811 -0.027559 0.011811 0.3769 0.8782 0.2946 216 116 48
0.011811 -0.027559 0.019685 0.3621 0.8340 0.4164 217 117 48
0.011811 -0.027559 0.027559 0.3148 0.8049 0.5030 216 117 49
0.011811 -0.027559 0.035433 0.2711 0.7510 0.6021 216 118 48
0.011811 -0.027559 0.043307 0.2031 0.6847 0.7000 218 117 49
0.011811 -0.027559 0.051181 0.1708 0.5624 0.8090 216 117 49
0.011811 -0.027559 0.059055 0.0606 0.5129 0.8563 215 119 50
0.011811 -0.019685 -0.043307 0.2396 0.8452 -0.4777 217 115 49
0.011811 -0.019685 -0.035433 0.2900 0.8607 -0.4183 217 114 48
0.011811 -0.019685 -0.027559 0.2824 0.8874 -0.3643 218 114 48
0.011811 -0.019685 -0.019685 0.2867 0.8992 -0.3305 218 115 47
0.011811 -0.019685 -0.011811 0.2950 0.9271 -0.2311 218 115 48
0.011811 -0.019685 -0.003937 0.3890 0.9196 0.0547 217 115 48
0.011811 -0.019685 0.003937 0.3798 0.8767 0.2953 218 116 47
0.011811 -0.019685 0.011811 0.3548 0.8421 0.4062 217 117 47
0.011811 -0.019685 0.019685 0.2924 0.8048 0.5166 217 116 45
0.011811 -0.019685 0.027559 0.2334 0.7437 0.6264 218 116 46
0.011811 -0.019685 0.035433 0.1839 0.6570 0.7311 218 116 47
0.011811 -0.019685 0.043307 0.1138 0.5522 0.8259 218 117 47
0.011811 -0.019685 0.051181 0.1112 0.3707 0.9221 217 116 47
0.011811 -0.019685 0.059055 0.1151 0.3773 0.9189 216 118 49
0.011811 -0.011811 -0.051181 0.1767 0.8148 -0.5521 218 115 48
0.011811 -0.011811 -0.043307 0.1909 0.8149 -0.5473 218 115 47
0.011811 -0.011811 -0.035433 0.2236 0.8361 -0.5009 218 114 47
0.011811 -0.011811 -0.027559 0.2031 0.8840 -0.4211 218 115 47
0.011811 -0.011811 -0.019685 0.1905 0.9087 -0.3713 219 114 47
0.011811 -0.011811 -0.011811 0.3539 0.9350 -0.0231 219 114 46
0.011811 -0.011811 -0.003937 0.3506 0.9116 0.2148 218 114 46
0.011811 -0.011811 0.003937 0.3009 0.8593 0.4136 219 115 46
0.011811 -0.011811 0.011811 0.2698 0.7814 0.5627 217 114 45
0.011811 -0.011811 0.019685 0.1523 0.6330 0.7591 219 115 47
0.011811 -0.011811 0.027559 0.0899 0.5558 0.8265 219 115 47
0.011811 -0.011811 0.035433 -0.0338 0.4214 0.9062 218 115 45
0.011811 -0.011811 0.043307 -0.0898 0.2556 0.9626 219 115 45
0.011811 -0.011811 0.051181 0.0579 0.2102 0.9759 217 116 47
0.011811 -0.003937 -0.059055 0.0365 0.7294 -0.6831 218 115 49
0.011811 -0.003937 -0.051181 0.0756 0.7527 -0.6540 218 114 48
0.011811 -0.003937 -0.043307 0.1120 0.7546 -0.6466 219 114 47
0.011811 -0.003937 -0.035433 0.1253 0.8028 -0.5829 219 114 47
0.011811 -0.003937 -0.027559 0.0840 0.8679 -0.4895 219 115 47
0.011811 -0.003937 -0.019685 0.0992 0.9207 -0.3773 219 114 46
0.011811 -0.003937 -0.011811 0.2025 0.9619 0.1835 219 114 46
0.011811 -0.003937 -0.003937 0.2299 0.8734 0.4293 219 114 46
0.011811 -0.003937 0.003937 0.1614 0.6296 0.7600 218 114 44
0.011811 -0.003937 0.011811 0.0907 0.4740 0.8759 219 114 44
0.011811 -0.003937 0.019685 0.0087 0.3210 0.9470 219 115 44
0.011811 -0.003937 0.027559 -0.0550 0.2970 0.9533 219 115 45
0.011811 -0.003937 0.035433 -0.1407 0.1260 0.9820 220 114 45
0.011811 -0.003937 0.043307 -0.1797 0.0043 0.9837 219 115 44
0.011811 -0.003937 0.051181 -0.0856 0.0525 0.9949 218 117 47
0.011811 0.003937 -0.066929 -0.1412 0.5580 -0.8177 219 115 49
0.011811 0.003937 -0.059055 -0.0651 0.5899 -0.8049 219 115 48
0.011811 0.003937 -0.051181 -0.0228 0.6188 -0.7852 219 114 47
0.011811 0.003937 -0.043307 0.0187 0.6059 -0.7953 219 114 46
0.011811 0.003937 -0.035433 0.0121 0.6649 -0.7468 220 114 46
0.011811 0.003937 -0.027559 -0.0749 0.8025 -0.5920 220 114 46
0.011811 0.003937 -0.019685 -0.0196 0.9077 -0.4192 220 114 45
0.011811 0.003937 -0.011811 -0.0744 0.7051 0.7052 220 114 45
0.011811 0.003937 -0.003937 -0.0370 0.4754 0.8790 220 114 45
0.011811 0.003937 0.003937 -0.0302 0.2534 0.9669 220 114 44
0.011811 0.003937 0.011811 -0.1423 0.0182 0.9896 220 115 44
0.011811 0.003937 0.019685 -0.1838 -0.0463 0.9819 220 114 43
0.011811 0.003937 0.027559 -0.2021 -0.0658 0.9771 220 114 43
0.011811 0.003937 0.035433 -0.1733 -0.2636 0.9489 220 115 43
0.011811 0.003937 0.043307 -0.1684 -0.3309 0.9285 219 115 45
0.011811 0.011811 -0.066929 -0.2580 0.3862 -0.8856 218 116 49
0.011811 0.011811 -0.059055 -0.1798 0.3888 -0.9036 219 115 47
0.011811 0.011811 -0.051181 -0.1254 0.4274 -0.8953 219 114 46
0.011811 0.011811 -0.043307 -0.3426 0.2831 -0.8958 220 114 45
0.011811 0.011811 -0.035433 -0.4604 0.1671 -0.8718 220 114 45
0.011811 0.011811 -0.027559 -0.2303 0.6029 -0.7638 220 114 44
0.011811 0.011811 -0.019685 -0.9125 -0.1938 0.3603 220 114 43
0.011811 0.011811 -0.011811 -0.4196 -0.1639 0.8928 220 114 44
0.011811 0.011811 -0.003937 -0.3002 -0.2525 0.9198 220 114 44
0.011811 0.011811 0.003937 -0.2145 -0.2476 0.9448 220 114 43
0.011811 0.011811 0.011811 -0.3005 -0.3166 0.8997 220 114 43
0.011811 0.011811 0.019685 -0.2481 -0.3222 0.9136 220 114 43
0.011811 0.011811 0.027559 -0.1793 -0.4532 0.8732 220 114 43
0.011811 0.011811 0.035433 -0.1914 -0.4717 0.8607 220 114 43
0.011811 0.011811 0.043307 -0.1931 -0.4830 0.8540 219 114 44
0.011811 0.019685 -0.074803 -0.4630 0.1841 -0.8670 218 116 48
0.011811 0.019685 -0.066929 -0.5142 0.1017 -0.8516 219 115 48
0.011811 0.019685 -0.059055 -0.5921 -0.0130 -0.8058 219 115 46
0.011811 0.019685 -0.051181 -0.6162 -0.0870 -0.7827 220 114 46
0.011811 0.019685 -0.043307 -0.6041 -0.1379 -0.7849 220 114 45
0.011811 0.019685 -0.035433 -0.6286 -0.1686 -0.7592 220 114 44
0.011811 0.019685 -0.027559 -0.6290 -0.2515 -0.7356 221 114 44
0.011811 0.019685 -0.019685 -0.6673 -0.6861 0.2897 221 114 43
0.011811 0.019685 -0.011811 -0.5125 -0.6757 0.5299 220 114 43
0.011811 0.019685 -0.003937 -0.5040 -0.6932 0.5152 221 114 43
0.011811 0.019685 0.003937 -0.3671 -0.5892 0.7198 221 114 43
0.011811 0.019685 0.011811 -0.3360 -0.5779 0.7437 221 114 43
0.011811 0.019685 0.019685 -0.2221 -0.6279 0.7459 220 114 42
0.011811 0.019685 0.027559 -0.2046 -0.5762 0.7913 221 114 42
0.011811 0.019685 0.035433 -0.2178 -0.5772 0.7870 220 114 43
0.011811 0.027559 -0.082677 -0.5808 0.0314 -0.8135 218 116 51
0.011811 0.027559 -0.074803 -0.6031 0.0014 -0.7976 220 115 49
0.011811 0.027559 -0.066929 -0.6364 -0.0844 -0.7667 220 114 48
0.011811 0.027559 -0.059055 -0.6322 -0.1825 -0.7530 220 114 46
0.011811 0.027559 -0.051181 -0.6592 -0.2550 -0.7074 220 114 45
0.011811 0.027559 -0.043307 -0.6395 -0.3049 -0.7057 221 114 45
0.011811 0.027559 -0.035433 -0.6620 -0.3082 -0.6832 221 114 44
0.011811 0.027559 -0.027559 -0.6706 -0.6239 -0.4014 221 113 44
0.011811 0.027559 -0.019685 -0.6154 -0.7876 0.0298 221 113 43
0.011811 0.027559 -0.011811 -0.5748 -0.7777 0.2545 221 114 43
0.011811 0.027559 -0.003937 -0.4972 -0.7751 0.3898 221 113 43
0.011811 0.027559 0.003937 -0.3871 -0.7369 0.5541 221 113 42
0.011811 0.027559 0.011811 -0.3210 -0.7344 0.5980 220 113 42
0.011811 0.027559 0.019685 -0.2397 -0.6944 0.6785 220 114 42
0.011811 0.027559 0.027559 -0.2082 -0.6444 0.7358 220 114 42
0.011811 0.027559 0.035433 -0.2386 -0.6390 0.7313 219 114 44
0.011811 0.035433 -0.090551 -0.6597 -0.0343 -0.7507 217 116 51
0.011811 0.035433 -0.082677 -0.6680 -0.0720 -0.7406 218 116 50
0.011811 0.035433 -0.074803 -0.6894 -0.1608 -0.7063 219 114 48
0.011811 0.035433 -0.066929 -0.6728 -0.2376 -0.7006 219 114 47
0.011811 0.035433 -0.059055 -0.6751 -0.2873 -0.6795 219 114 46
0.011811 0.035433 -0.051181 -0.6783 -0.3620 -0.6395 220 114 45
0.011811 0.035433 -0.043307 -0.6509 -0.3958 -0.6478 220 113 44
0.011811 0.035433 -0.035433 -0.6380 -0.4834 -0.5993 220 113 44
0.011811 0.035433 -0.027559 -0.6614 -0.6856 -0.3040 220 113 43
0.011811 0.035433 -0.019685 -0.6360 -0.7370 -0.2288 221 113 43
0.011811 0.035433 -0.011811 -0.5577 -0.8104 0.1795 220 113 43
0.011811 0.035433 -0.003937 -0.4735 -0.8275 0.3017 220 113 43
0.011811 0.035433 0.003937 -0.3698 -0.8189 0.4389 220 114 42
0.011811 0.035433 0.011811 -0.3247 -0.7811 0.5333 220 114 42
0.011811 0.035433 0.019685 -0.2798 -0.7228 0.6319 220 114 42
0.011811 0.035433 0.027559 -0.2366 -0.7034 0.6702 220 114 42
0.011811 0.035433 0.035433 -0.2536 -0.7163 0.6501 219 115 45
0.011811 0.043307 -0.090551 -0.5968 -0.1168 -0.7938 217 116 51
0.011811 0.043307 -0.082677 -0.6368 -0.2020 -0.7441 218 115 49
0.011811 0.043307 -0.074803 -0.6653 -0.2579 -0.7006 218 114 48
0.011811 0.043307 -0.066929 -0.6740 -0.3121 -0.6695 219 114 47
0.011811 0.043307 -0.059055 -0.6770 -0.3705 -0.6360 219 114 46
0.011811 0.043307 -0.051181 -0.6859 -0.4277 -0.5888 220 113 45
0.011811 0.043307 -0.043307 -0.6578 -0.4705 -0.5881 220 113 44
0.011811 0.043307 -0.035433 -0.6308 -0.6936 -0.3480 220 113 45
0.011811 0.043307 -0.027559 -0.6242 -0.7480 -0.2254 220 113 43
0.011811 0.043307 -0.019685 -0.6183 -0.7820 -0.0782 220 113 43
0.011811 0.043307 -0.011811 -0.5654 -0.8201 0.0877 220 113 43
0.011811 0.043307 -0.003937 -0.4505 -0.8357 0.3141 220 113 43
0.011811 0.043307 0.003937 -0.4134 -0.7899 0.4529 220 114 42
0.011811 0.043307 0.011811 -0.3745 -0.7738 0.5108 220 114 42
0.011811 0.043307 0.019685 -0.2654 -0.7464 0.6103 220 114 42
0.011811 0.043307 0.027559 -0.2772 -0.7315 0.6229 219 114 43
0.011811 0.051181 -0.098425 -0.5843 -0.2259 -0.7795 216 117 54
0.011811 0.051181 -0.090551 -0.6221 -0.2920 -0.7264 216 115 51
0.011811 0.051181 -0.082677 -0.6456 -0.2954 -0.7042 218 114 50
0.011811 0.051181 -0.074803 -0.6652 -0.4227 -0.6155 218 114 48
0.011811 0.051181 -0.066929 -0.6660 -0.5178 -0.5371 218 113 47
0.011811 0.051181 -0.059055 -0.6578 -0.5655 -0.4975 219 113 46
0.011811 0.051181 -0.051181 -0.6998 -0.5932 -0.3979 219 113 45
0.011811 0.051181 -0.043307 -0.6745 -0.6298 -0.3851 220 113 45
0.011811 0.051181 -0.035433 -0.6508 -0.7530 -0.0973 220 113 44
0.011811 0.051181 -0.027559 -0.6057 -0.7957 0.0006 220 113 44
0.011811 0.051181 -0.019685 -0.5785 -0.8120 0.0772 220 113 43
0.011811 0.051181 -0.011811 -0.5617 -0.8159 0.1371 220 113 43
0.011811 0.051181 -0.003937 -0.4616 -0.8146 0.3512 220 114 43
0.011811 0.051181 0.003937 -0.4188 -0.7990 0.4315 220 114 43
0.011811 0.051181 0.011811 -0.3480 -0.7895 0.5056 220 114 43
0.011811 0.051181 0.019685 -0.2912 -0.7781 0.5565 219 114 44
0.011811 0.051181 0.027559 -0.2981 -0.7603 0.5772 219 114 44
0.011811 0.059055 -0.090551 -0.6405 -0.4556 -0.6182 216 115 51
0.011811 0.059055 -0.082677 -0.7005 -0.5063 -0.5029 217 114 50
0.011811 0.059055 -0.074803 -0.6812 -0.5595 -0.4722 217 114 49
0.011811 0.059055 -0.066929 -0.6971 -0.6299 -0.3426 217 114 48
0.011811 0.059055 -0.059055 -0.6931 -0.6460 -0.3198 219 114 46
0.011811 0.059055 -0.051181 -0.7165 -0.6511 -0.2505 219 113 46
0.011811 0.059055 -0.043307 -0.6242 -0.7796 -0.0508 219 113 45
0.011811 0.059055 -0.035433 -0.6240 -0.7814 -0.0105 220 113 45
0.011811 0.059055 -0.027559 -0.6082 -0.7932 0.0322 219 113 44
0.011811 0.059055 -0.019685 -0.5802 -0.8127 0.0542 219 114 44
0.011811 0.059055 -0.011811 -0.5686 -0.8134 0.1229 219 114 44
0.011811 0.059055 -0.003937 -0.5505 -0.8154 0.1793 219 114 43
0.011811 0.059055 0.003937 -0.4265 -0.8017 0.4188 219 114 43
0.011811 0.059055 0.011811 -0.3751 -0.7912 0.4830 220 114 44
0.011811 0.059055 0.019685 -0.3268 -0.7831 0.5291 218 114 44
0.011811 0.059055 0.027559 -0.3310 -0.7915 0.5138 217 115 45
0.011811 0.066929 -0.074803 -0.6474 -0.6306 -0.4281 217 114 51
0.011811 0.066929 -0.066929 -0.6770 -0.6146 -0.4049 216 115 49
0.011811 0.066929 -0.059055 -0.6622 -0.6597 -0.3554 217 114 48
0.011811 0.066929 -0.051181 -0.6525 -0.7040 -0.2805 218 114 47
0.011811 0.066929 -0.043307 -0.5995 -0.7967 -0.0766 218 113 46
0.011811 0.066929 -0.035433 -0.6122 -0.7906 0.0125 219 113 46
0.011811 0.066929 -0.027559 -0.5917 -0.8041 0.0567 219 114 46
0.011811 0.066929 -0.019685 -0.5869 -0.8046 0.0901 219 114 45
0.011811 0.066929 -0.011811 -0.5650 -0.8090 0.1619 219 114 44
0.011811 0.066929 -0.003937 -0.5142 -0.8167 0.2619 219 114 44
0.011811 0.066929 0.003937 -0.4223 -0.8171 0.3926 218 114 45
0.011811 0.066929 0.011811 -0.4245 -0.8060 0.4126 217 115 45
0.011811 0.066929 0.019685 -0.4045 -0.8025 0.4386 216 115 47
0.011811 0.074803 -0.059055 -0.6468 -0.7137 -0.2687 216 115 49
0.011811 0.074803 -0.051181 -0.6393 -0.7664 -0.0630 217 114 48
0.011811 0.074803 -0.043307 -0.6060 -0.7946 -0.0365 217 113 49
0.011811 0.074803 -0.035433 -0.6048 -0.7963 0.0121 216 114 47
0.011811 0.074803 -0.027559 -0.6082 -0.7926 0.0428 217 114 47
0.011811 0.074803 -0.019685 -0.5810 -0.8059 0.1137 217 114 46
0.011811 0.074803 -0.011811 -0.5389 -0.8171 0.2045 217 114 46
0.011811 0.074803 -0.003937 -0.5136 -0.8158 0.2659 218 114 47
0.011811 0.074803 0.003937 -0.4818 -0.8085 0.3380 219 114 49
0.011811 0.074803 0.011811 -0.4607 -0.7941 0.3966 218 115 49
0.011811 0.082677 -0.035433 -0.6089 -0.7927 -0.0307 217 114 50
0.011811 0.082677 -0.027559 -0.5826 -0.8118 0.0404 217 115 50
0.019685 -0.043307 -0.027559 0.3389 0.9028 -0.2647 214 117 52
0.019685 -0.043307 -0.019685 0.3225 0.9235 -0.2076 214 117 52
0.019685 -0.043307 -0.011811 0.2949 0.9452 -0.1404 214 117 53
0.019685 -0.043307 -0.003937 0.2757 0.9553 -0.1065 214 118 53
0.019685 -0.043307 0.003937 0.3295 0.9393 0.0959 215 118 54
0.019685 -0.043307 0.011811 0.2618 0.9508 0.1659 213 120 53
0.019685 -0.035433 -0.035433 0.3214 0.9042 -0.2811 215 116 50
0.019685 -0.035433 -0.027559 0.3314 0.9063 -0.2622 215 115 50
0.019685 -0.035433 -0.019685 0.3303 0.9194 -0.2137 216 115 49
0.019685 -0.035433 -0.011811 0.3294 0.9278 -0.1752 216 116 49
0.019685 -0.035433 -0.003937 0.3684 0.9296 -0.0088 216 116 50
0.019685 -0.035433 0.003937 0.3392 0.9324 0.1250 216 117 49
0.019685 -0.035433 0.011811 0.3182 0.9150 0.2481 216 117 50
0.019685 -0.035433 0.019685 0.2756 0.9095 0.3114 216 117 51
0.019685 -0.035433 0.027559 0.2974 0.8650 0.4042 215 117 50
0.019685 -0.027559 -0.043307 0.3412 0.8846 -0.3178 216 115 51
0.019685 -0.027559 -0.035433 0.3080 0.8935 -0.3267 216 115 49
0.019685 -0.027559 -0.027559 0.3253 0.9028 -0.2813 217 115 48
0.019685 -0.027559 -0.019685 0.3340 0.9109 -0.2424 217 115 47
0.019685 -0.027559 -0.011811 0.3156 0.9273 -0.2013 217 115 48
0.019685 -0.027559 -0.003937 0.3705 0.9266 0.0639 217 115 48
0.019685 -0.027559 0.003937 0.3761 0.9062 0.1931 217 116 46
0.019685 -0.027559 0.011811 0.3575 0.8777 0.3191 217 117 47
0.019685 -0.027559 0.019685 0.3377 0.8435 0.4177 216 117 48
0.019685 -0.027559 0.027559 0.2974 0.8045 0.5141 216 116 48
0.019685 -0.027559 0.035433 0.2392 0.7755 0.5843 218 117 48
0.019685 -0.027559 0.043307 0.2088 0.6875 0.6955 217 117 48
0.019685 -0.027559 0.051181 0.1499 0.5892 0.7940 216 118 49
0.019685 -0.027559 0.059055 0.0471 0.5273 0.8484 216 119 51
0.019685 -0.019685 -0.051181 0.2991 0.8655 -0.4018 217 115 50
0.019685 -0.019685 -0.043307 0.2924 0.8749 -0.3860 217 114 49
0.019685 -0.019685 -0.035433 0.3182 0.8852 -0.3394 218 114 48
0.019685 -0.019685 -0.027559 0.3026 0.9022 -0.3074 218 114 48
0.019685 -0.019685 -0.019685 0.3093 0.9157 -0.2566 218 114 47
0.019685 -0.019685 -0.011811 0.3102 0.9298 -0.1983 218 115 48
0.019685 -0.019685 -0.003937 0.4045 0.9058 0.1263 218 115 48
0.019685 -0.019685 0.003937 0.3834 0.8775 0.2883 217 116 46
0.019685 -0.019685 0.011811 0.3608 0.8319 0.4216 218 115 46
0.019685 -0.019685 0.019685 0.3339 0.7762 0.5348 218 116 46
0.019685 -0.019685 0.027559 0.2773 0.7075 0.6501 218 116 46
0.019685 -0.019685 0.035433 0.2220 0.6333 0.7413 218 116 45
0.019685 -0.019685 0.043307 0.1765 0.5138 0.8395 218 116 46
0.019685 -0.019685 0.051181 0.1599 0.4076 0.8990 217 115 48
0.019685 -0.011811 -0.059055 0.2309 0.8594 -0.4561 217 115 50
0.019685 -0.011811 -0.051181 0.2383 0.8464 -0.4762 218 114 47
0.019685 -0.011811 -0.043307 0.2463 0.8482 -0.4690 218 114 47
0.019685 -0.011811 -0.035433 0.2863 0.8764 -0.3872 219 114 46
0.019685 -0.011811 -0.027559 0.2489 0.9062 -0.3418 218 114 46
0.019685 -0.011811 -0.019685 0.2441 0.9349 -0.2576 219 114 46
0.019685 -0.011811 -0.011811 0.3743 0.9227 0.0921 219 114 45
0.019685 -0.011811 -0.003937 0.3585 0.9093 0.2113 218 114 45
0.019685 -0.011811 0.003937 0.3238 0.8649 0.3836 218 114 44
0.019685 -0.011811 0.011811 0.2862 0.8006 0.5264 218 114 46
0.019685 -0.011811 0.019685 0.2204 0.6812 0.6981 219 115 45
0.019685 -0.011811 0.027559 0.1813 0.6063 0.7742 218 115 45
0.019685 -0.011811 0.035433 0.1789 0.4275 0.8862 219 115 45
0.019685 -0.011811 0.043307 0.1310 0.3306 0.9346 218 115 45
0.019685 -0.011811 0.051181 0.1004 0.2581 0.9609 218 115 45
0.019685 -0.003937 -0.059055 0.1421 0.7910 -0.5951 217 114 50
0.019685 -0.003937 -0.051181 0.1732 0.8081 -0.5630 219 114 47
0.019685 -0.003937 -0.043307 0.1898 0.8131 -0.5503 219 114 46
0.019685 -0.003937 -0.035433 0.2059 0.8515 -0.4822 219 114 46
0.019685 -0.003937 -0.027559 0.1544 0.8937 -0.4213 219 114 46
0.019685 -0.003937 -0.019685 0.1833 0.9349 -0.3039 220 114 46
0.019685 -0.003937 -0.011811 0.2754 0.9451 0.1760 219 114 45
0.019685 -0.003937 -0.003937 0.2963 0.8613 0.4127 219 113 44
0.019685 -0.003937 0.003937 0.2279 0.7085 0.6679 219 114 44
0.019685 -0.003937 0.011811 0.1509 0.6038 0.7827 219 114 44
0.019685 -0.003937 0.019685 0.0630 0.4491 0.8913 220 114 44
0.019685 -0.003937 0.027559 0.0090 0.3296 0.9441 220 114 44
0.019685 -0.003937 0.035433 0.1114 0.2342 0.9658 219 114 43
0.019685 -0.003937 0.043307 0.0854 0.1501 0.9850 218 114 44
0.019685 -0.003937 0.051181 0.0328 0.1358 0.9902 217 115 45
0.019685 0.003937 -0.066929 0.0047 0.6824 -0.7310 219 115 48
0.019685 0.003937 -0.059055 0.0706 0.6929 -0.7176 219 114 47
0.019685 0.003937 -0.051181 0.1142 0.7095 -0.6953 219 114 46
0.019685 0.003937 -0.043307 0.1226 0.7250 -0.6777 219 113 46
0.019685 0.003937 -0.035433 0.1219 0.8013 -0.5857 220 113 45
0.019685 0.003937 -0.027559 0.0208 0.8980 -0.4396 220 113 45
0.019685 0.003937 -0.019685 0.1797 0.9827 0.0450 220 114 44
0.019685 0.003937 -0.011811 0.1075 0.8115 0.5744 220 113 44
0.019685 0.003937 -0.003937 0.1540 0.6546 0.7401 220 114 44
0.019685 0.003937 0.003937 0.0776 0.4101 0.9087 220 114 44
0.019685 0.003937 0.011811 -0.0538 0.2318 0.9713 220 114 43
0.019685 0.003937 0.019685 -0.1106 0.1476 0.9828 220 114 43
0.019685 0.003937 0.027559 -0.1361 -0.0175 0.9905 220 114 42
0.019685 0.003937 0.035433 -0.0034 0.0483 0.9988 220 114 42
0.019685 0.003937 0.043307 0.0039 -0.0222 0.9997 219 114 44
0.019685 0.011811 -0.074803 -0.1990 0.4881 -0.8498 219 115 49
0.019685 0.011811 -0.066929 -0.0578 0.5208 -0.8517 219 114 48
0.019685 0.011811 -0.059055 -0.0776 0.4867 -0.8701 219 114 46
0.019685 0.011811 -0.051181 -0.1759 0.4988 -0.8487 220 114 46
0.019685 0.011811 -0.043307 -0.4081 0.3615 -0.8383 220 114 45
0.019685 0.011811 -0.035433 -0.4393 0.3129 -0.8421 221 113 45
0.019685 0.011811 -0.027559 0.0687 0.8829 -0.4644 221 113 44
0.019685 0.011811 -0.019685 -0.2116 0.5399 0.8147 221 114 43
0.019685 0.011811 -0.011811 -0.1246 0.1927 0.9733 221 114 44
0.019685 0.011811 -0.003937 -0.1315 0.0997 0.9863 221 114 43
0.019685 0.011811 0.003937 -0.0799 -0.0046 0.9968 221 114 43
0.019685 0.011811 0.011811 -0.1935 -0.1207 0.9736 220 114 43
0.019685 0.011811 0.019685 -0.1597 -0.2786 0.9470 220 114 43
0.019685 0.011811 0.027559 -0.1476 -0.3650 0.9192 220 114 42
0.019685 0.011811 0.035433 -0.1524 -0.3355 0.9296 220 113 43
0.019685 0.011811 0.043307 -0.1743 -0.3363 0.9255 219 113 44
0.019685 0.019685 -0.074803 -0.3978 0.2512 -0.8824 218 116 47
0.019685 0.019685 -0.066929 -0.4113 0.1854 -0.8925 220 114 47
0.019685 0.019685 -0.059055 -0.4973 0.1037 -0.8614 220 114 46
0.019685 0.019685 -0.051181 -0.5113 0.0569 -0.8575 220 114 45
0.019685 0.019685 -0.043307 -0.5621 -0.0220 -0.8268 220 114 45
0.019685 0.019685 -0.035433 -0.5376 0.0420 -0.8421 221 113 44
0.019685 0.019685 -0.027559 -0.6564 -0.3710 -0.6569 221 114 43
0.019685 0.019685 -0.019685 -0.4065 -0.5020 0.7634 221 113 43
0.019685 0.019685 -0.011811 -0.3435 -0.4679 0.8143 221 113 43
0.019685 0.019685 -0.003937 -0.3178 -0.4829 0.8159 221 113 43
0.019685 0.019685 0.003937 -0.1256 -0.5185 0.8458 221 114 42
0.019685 0.019685 0.011811 -0.1622 -0.5276 0.8339 220 114 42
0.019685 0.019685 0.019685 -0.1818 -0.5105 0.8405 220 114 42
0.019685 0.019685 0.027559 -0.1580 -0.4991 0.8520 221 114 42
0.019685 0.019685 0.035433 -0.1913 -0.4693 0.8620 220 113 43
0.019685 0.027559 -0.082677 -0.5204 0.0891 -0.8492 218 115 49
0.019685 0.027559 -0.074803 -0.5451 0.0396 -0.8374 219 115 47
0.019685 0.027559 -0.066929 -0.5910 -0.0662 -0.8040 220 114 46
0.019685 0.027559 -0.059055 -0.5918 -0.1169 -0.7976 220 114 46
0.019685 0.027559 -0.051181 -0.5913 -0.1645 -0.7895 221 113 45
0.019685 0.027559 -0.043307 -0.6047 -0.2379 -0.7601 221 113 44
0.019685 0.027559 -0.035433 -0.6037 -0.2632 -0.7525 221 113 44
0.019685 0.027559 -0.027559 -0.6577 -0.6527 -0.3761 221 113 43
0.019685 0.027559 -0.019685 -0.5520 -0.7992 0.2380 221 113 43
0.019685 0.027559 -0.011811 -0.4215 -0.7695 0.4799 221 113 42
0.019685 0.027559 -0.003937 -0.2728 -0.7376 0.6176 221 113 42
0.019685 0.027559 0.003937 -0.1738 -0.7276 0.6637 221 113 42
0.019685 0.027559 0.011811 -0.2144 -0.6749 0.7060 221 114 42
0.019685 0.027559 0.019685 -0.2097 -0.6055 0.7677 221 114 42
0.019685 0.027559 0.027559 -0.1814 -0.5946 0.7833 221 114 42
0.019685 0.027559 0.035433 -0.2144 -0.5635 0.7978 220 114 43
0.019685 0.035433 -0.090551 -0.5944 0.0084 -0.8042 218 115 49
0.019685 0.035433 -0.082677 -0.6380 -0.0783 -0.7661 219 115 48
0.019685 0.035433 -0.074803 -0.6326 -0.1245 -0.7644 219 114 47
0.019685 0.035433 -0.066929 -0.6331 -0.2023 -0.7472 219 114 46
0.019685 0.035433 -0.059055 -0.6490 -0.2875 -0.7044 220 114 46
0.019685 0.035433 -0.051181 -0.6454 -0.3285 -0.6896 220 113 45
0.019685 0.035433 -0.043307 -0.6322 -0.3715 -0.6799 221 113 44
0.019685 0.035433 -0.035433 -0.6412 -0.6004 -0.4780 221 113 43
0.019685 0.035433 -0.027559 -0.6424 -0.7208 -0.2603 221 113 43
0.019685 0.035433 -0.019685 -0.6115 -0.7708 -0.1788 221 113 43
0.019685 0.035433 -0.011811 -0.4316 -0.8507 0.3001 221 113 42
0.019685 0.035433 -0.003937 -0.2606 -0.8505 0.4569 221 113 42
0.019685 0.035433 0.003937 -0.2305 -0.7540 0.6151 220 114 42
0.019685 0.035433 0.011811 -0.2397 -0.7112 0.6609 221 114 42
0.019685 0.035433 0.019685 -0.2152 -0.6721 0.7085 220 114 42
0.019685 0.035433 0.027559 -0.2092 -0.6546 0.7264 220 114 43
0.019685 0.035433 0.035433 -0.2391 -0.6388 0.7313 220 114 44
0.019685 0.043307 -0.098425 -0.6121 -0.0223 -0.7905 217 116 51
0.019685 0.043307 -0.090551 -0.5945 -0.1011 -0.7977 219 115 50
0.019685 0.043307 -0.082677 -0.6337 -0.1885 -0.7502 218 114 48
0.019685 0.043307 -0.074803 -0.6478 -0.2554 -0.7177 219 114 47
0.019685 0.043307 -0.066929 -0.6489 -0.3304 -0.6854 220 113 46
0.019685 0.043307 -0.059055 -0.6636 -0.3858 -0.6410 220 113 45
0.019685 0.043307 -0.051181 -0.6232 -0.4427 -0.6447 220 113 45
0.019685 0.043307 -0.043307 -0.6373 -0.4711 -0.6098 220 113 44
0.019685 0.043307 -0.035433 -0.6248 -0.7006 -0.3446 220 113 43
0.019685 0.043307 -0.027559 -0.6109 -0.7433 -0.2726 220 113 43
0.019685 0.043307 -0.019685 -0.5760 -0.8023 -0.1566 221 113 42
0.019685 0.043307 -0.011811 -0.4644 -0.8853 0.0230 221 113 42
0.019685 0.043307 -0.003937 -0.3386 -0.8643 0.3719 220 113 42
0.019685 0.043307 0.003937 -0.3042 -0.7934 0.5272 220 114 42
0.019685 0.043307 0.011811 -0.3147 -0.7535 0.5773 220 114 42
0.019685 0.043307 0.019685 -0.2366 -0.7193 0.6532 220 114 42
0.019685 0.043307 0.027559 -0.2582 -0.7127 0.6523 220 114 43
0.019685 0.051181 -0.098425 -0.5623 -0.1559 -0.8121 216 115 51
0.019685 0.051181 -0.090551 -0.5866 -0.2447 -0.7720 218 114 49
0.019685 0.051181 -0.082677 -0.5974 -0.2714 -0.7546 218 113 48
0.019685 0.051181 -0.074803 -0.6304 -0.3326 -0.7015 219 114 47
0.019685 0.051181 -0.066929 -0.6537 -0.3980 -0.6436 219 113 46
0.019685 0.051181 -0.059055 -0.6454 -0.4480 -0.6187 220 113 45
0.019685 0.051181 -0.051181 -0.6377 -0.5149 -0.5729 220 113 44
0.019685 0.051181 -0.043307 -0.6313 -0.6893 -0.3555 220 113 44
0.019685 0.051181 -0.035433 -0.6211 -0.7476 -0.2353 220 113 43
0.019685 0.051181 -0.027559 -0.5770 -0.8053 -0.1359 220 113 43
0.019685 0.051181 -0.019685 -0.5275 -0.8468 -0.0682 220 113 43
0.019685 0.051181 -0.011811 -0.4842 -0.8701 0.0918 220 113 42
0.019685 0.051181 -0.003937 -0.3928 -0.8417 0.3706 220 113 42
0.019685 0.051181 0.003937 -0.3336 -0.7774 0.5332 220 113 43
0.019685 0.051181 0.011811 -0.2775 -0.7638 0.5827 220 114 42
0.019685 0.051181 0.019685 -0.2572 -0.7513 0.6077 220 114 43
0.019685 0.051181 0.027559 -0.2593 -0.7419 0.6183 220 114 44
0.019685 0.059055 -0.106299 -0.5365 -0.2818 -0.7955 215 117 53
0.019685 0.059055 -0.098425 -0.5559 -0.2961 -0.7768 215 115 51
0.019685 0.059055 -0.090551 -0.5922 -0.4045 -0.6969 216 114 50
0.019685 0.059055 -0.082677 -0.6178 -0.4079 -0.6722 217 113 48
0.019685 0.059055 -0.074803 -0.6343 -0.4962 -0.5928 218 113 48
0.019685 0.059055 -0.066929 -0.6520 -0.5578 -0.5136 219 113 46
0.019685 0.059055 -0.059055 -0.6388 -0.6129 -0.4651 219 113 45
0.019685 0.059055 -0.051181 -0.6577 -0.6818 -0.3203 219 113 45
0.019685 0.059055 -0.043307 -0.6226 -0.7813 -0.0442 219 113 44
0.019685 0.059055 -0.035433 -0.5820 -0.8126 0.0319 219 113 44
0.019685 0.059055 -0.027559 -0.5641 -0.8223 0.0749 220 113 44
0.019685 0.059055 -0.019685 -0.5395 -0.8361 0.0996 220 113 43
0.019685 0.059055 -0.011811 -0.4878 -0.8496 0.2005 220 113 43
0.019685 0.059055 -0.003937 -0.4608 -0.8355 0.2993 220 114 43
0.019685 0.059055 0.003937 -0.3204 -0.8105 0.4903 220 114 43
0.019685 0.059055 0.011811 -0.2846 -0.7847 0.5507 219 115 43
0.019685 0.059055 0.019685 -0.2891 -0.7730 0.5646 219 114 44
0.019685 0.066929 -0.098425 -0.5784 -0.5511 -0.6015 216 115 52
0.019685 0.066929 -0.090551 -0.6411 -0.5435 -0.5419 216 115 51
0.019685 0.066929 -0.082677 -0.6719 -0.5880 -0.4504 216 114 51
0.019685 0.066929 -0.074803 -0.7002 -0.5865 -0.4070 217 114 49
0.019685 0.066929 -0.066929 -0.6705 -0.6618 -0.3354 219 113 47
0.019685 0.066929 -0.059055 -0.6833 -0.6698 -0.2907 219 114 46
0.019685 0.066929 -0.051181 -0.6077 -0.7909 -0.0718 219 113 46
0.019685 0.066929 -0.043307 -0.6126 -0.7903 0.0116 219 113 45
0.019685 0.066929 -0.035433 -0.5837 -0.8114 0.0300 219 113 45
0.019685 0.066929 -0.027559 -0.5697 -0.8190 0.0678 219 114 44
0.019685 0.066929 -0.019685 -0.5371 -0.8359 0.1130 219 114 43
0.019685 0.066929 -0.011811 -0.5013 -0.8425 0.1974 219 114 43
0.019685 0.066929 -0.003937 -0.4275 -0.8372 0.3410 219 114 44
0.019685 0.066929 0.003937 -0.3346 -0.8364 0.4341 219 114 44
0.019685 0.066929 0.011811 -0.3385 -0.8087 0.4811 219 114 44
0.019685 0.066929 0.019685 -0.3231 -0.7900 0.5211 217 115 45
0.019685 0.074803 -0.082677 -0.6346 -0.6172 -0.4651 217 115 52
0.019685 0.074803 -0.074803 -0.6200 -0.6502 -0.4391 217 114 51
0.019685 0.074803 -0.066929 -0.6341 -0.6487 -0.4209 218 113 49
0.019685 0.074803 -0.059055 -0.6558 -0.6923 -0.3011 217 114 47
0.019685 0.074803 -0.051181 -0.5943 -0.8042 -0.0031 218 114 47
0.019685 0.074803 -0.043307 -0.5830 -0.8118 0.0342 218 114 46
0.019685 0.074803 -0.035433 -0.5923 -0.8034 0.0605 218 114 45
0.019685 0.074803 -0.027559 -0.5707 -0.8176 0.0765 219 114 45
0.019685 0.074803 -0.019685 -0.5267 -0.8352 0.1583 219 114 46
0.019685 0.074803 -0.011811 -0.4490 -0.8532 0.2656 219 114 45
0.019685 0.074803 -0.003937 -0.4341 -0.8507 0.2966 218 114 46
0.019685 0.074803 0.003937 -0.4084 -0.8323 0.3748 218 115 45
0.019685 0.074803 0.011811 -0.3978 -0.8237 0.4040 216 115 47
0.019685 0.074803 0.019685 -0.4012 -0.8193 0.4095 216 116 47
0.019685 0.082677 -0.066929 -0.6387 -0.7154 -0.2832 217 114 51
0.019685 0.082677 -0.059055 -0.6388 -0.7093 -0.2980 217 114 50
0.019685 0.082677 -0.051181 -0.5737 -0.8168 -0.0607 216 115 49
0.019685 0.082677 -0.043307 -0.5973 -0.8019 0.0106 217 114 48
0.019685 0.082677 -0.035433 -0.5788 -0.8129 0.0649 217 114 48
0.019685 0.082677 -0.027559 -0.5635 -0.8186 0.1114 216 114 48
0.019685 0.082677 -0.019685 -0.5094 -0.8370 0.1999 217 114 46
0.019685 0.082677 -0.011811 -0.4826 -0.8434 0.2359 218 114 47
0.019685 0.082677 -0.003937 -0.4787 -0.8284 0.2908 218 114 50
0.019685 0.082677 0.003937 -0.4581 -0.8118 0.3621 218 115 49
0.019685 0.082677 0.011811 -0.4336 -0.8142 0.3860 217 115 50
0.019685 0.090551 -0.043307 -0.5591 -0.8256 0.0763 216 115 52
0.019685 0.090551 -0.035433 -0.5828 -0.8105 0.0589 217 114 50
0.019685 0.090551 -0.027559 -0.5099 -0.8525 0.1155 218 114 50
0.019685 0.090551 -0.019685 -0.4876 -0.8545 0.1789 217 116 51
0.027559 -0.035433 -0.035433 0.3081 0.9236 -0.2280 214 116 52
0.027559 -0.035433 -0.027559 0.3209 0.9262 -0.1979 215 115 52
0.027559 -0.035433 -0.019685 0.3183 0.9312 -0.1778 214 115 50
0.027559 -0.035433 -0.011811 0.3046 0.9441 -0.1264 215 116 50
0.027559 -0.035433 -0.003937 0.3328 0.9404 0.0700 214 117 51
0.027559 -0.035433 0.003937 0.3049 0.9369 0.1710 214 118 50
0.027559 -0.035433 0.011811 0.2743 0.9249 0.2633 217 118 51
0.027559 -0.027559 -0.043307 0.3206 0.9035 -0.2843 217 114 50
0.027559 -0.027559 -0.035433 0.3326 0.9039 -0.2689 216 114 49
0.027559 -0.027559 -0.027559 0.3210 0.9183 -0.2317 217 114 48
0.027559 -0.027559 -0.019685 0.3386 0.9218 -0.1886 217 115 48
0.027559 -0.027559 -0.011811 0.3269 0.9347 -0.1398 217 115 48
0.027559 -0.027559 -0.003937 0.3604 0.9262 0.1106 217 115 48
0.027559 -0.027559 0.003937 0.3564 0.9135 0.1961 216 116 47
0.027559 -0.027559 0.011811 0.3419 0.8883 0.3066 217 116 47
0.027559 -0.027559 0.019685 0.2996 0.8636 0.4055 217 116 47
0.027559 -0.027559 0.027559 0.2771 0.8294 0.4850 217 117 49
0.027559 -0.027559 0.043307 0.1356 0.6803 0.7203 217 117 49
0.027559 -0.019685 -0.051181 0.3267 0.8827 -0.3379 217 114 49
0.027559 -0.019685 -0.043307 0.3352 0.8886 -0.3130 217 114 48
0.027559 -0.019685 -0.035433 0.3419 0.8922 -0.2949 218 114 48
0.027559 -0.019685 -0.027559 0.3269 0.9114 -0.2499 218 114 47
0.027559 -0.019685 -0.019685 0.3216 0.9244 -0.2052 218 114 47
0.027559 -0.019685 -0.011811 0.3644 0.9257 -0.1017 218 114 47
0.027559 -0.019685 -0.003937 0.4012 0.9004 0.1684 218 114 47
0.027559 -0.019685 0.003937 0.3843 0.8791 0.2820 218 115 46
0.027559 -0.019685 0.011811 0.3572 0.8415 0.4054 217 115 47
0.027559 -0.019685 0.019685 0.3213 0.8072 0.4951 218 115 46
0.027559 -0.019685 0.027559 0.3003 0.7445 0.5963 218 115 46
0.027559 -0.019685 0.035433 0.2256 0.7044 0.6730 217 116 46
0.027559 -0.019685 0.043307 0.2006 0.5714 0.7957 218 116 46
0.027559 -0.019685 0.051181 0.1452 0.4930 0.8578 216 115 49
0.027559 -0.011811 -0.059055 0.3198 0.8711 -0.3726 217 114 51
0.027559 -0.011811 -0.051181 0.2961 0.8685 -0.3975 218 114 47
0.027559 -0.011811 -0.043307 0.3116 0.8783 -0.3627 218 114 47
0.027559 -0.011811 -0.035433 0.3155 0.8914 -0.3252 218 113 46
0.027559 -0.011811 -0.027559 0.2913 0.9218 -0.2559 218 114 46
0.027559 -0.011811 -0.019685 0.3153 0.9382 -0.1425 219 113 46
0.027559 -0.011811 -0.011811 0.3972 0.9094 0.1232 218 113 46
0.027559 -0.011811 -0.003937 0.4048 0.8747 0.2665 218 113 44
0.027559 -0.011811 0.003937 0.4035 0.8333 0.3778 219 114 44
0.027559 -0.011811 0.011811 0.3670 0.7719 0.5191 219 114 43
0.027559 -0.011811 0.019685 0.3293 0.6822 0.6528 218 114 44
0.027559 -0.011811 0.027559 0.2903 0.5884 0.7547 219 114 44
0.027559 -0.011811 0.035433 0.2084 0.4973 0.8422 219 114 45
0.027559 -0.011811 0.043307 0.1746 0.3988 0.9003 219 114 44
0.027559 -0.011811 0.051181 0.1119 0.3698 0.9223 217 115 46
0.027559 -0.003937 -0.059055 0.2336 0.8373 -0.4942 218 114 49
0.027559 -0.003937 -0.051181 0.2307 0.8369 -0.4964 219 113 47
0.027559 -0.003937 -0.043307 0.2568 0.8467 -0.4659 219 113 46
0.027559 -0.003937 -0.035433 0.2515 0.8727 -0.4185 219 113 46
0.027559 -0.003937 -0.027559 0.2513 0.9330 -0.2577 219 113 45
0.027559 -0.003937 -0.019685 0.2477 0.9533 -0.1727 220 113 45
0.027559 -0.003937 -0.011811 0.3231 0.9342 0.1510 219 112 43
0.027559 -0.003937 -0.003937 0.3215 0.8600 0.3963 220 113 44
0.027559 -0.003937 0.003937 0.3033 0.8063 0.5077 219 113 43
0.027559 -0.003937 0.011811 0.2885 0.6804 0.6737 219 114 43
0.027559 -0.003937 0.019685 0.2906 0.5647 0.7725 220 113 43
0.027559 -0.003937 0.027559 0.2741 0.4127 0.8686 219 114 43
0.027559 -0.003937 0.035433 0.1773 0.3069 0.9351 219 114 43
0.027559 -0.003937 0.043307 0.1335 0.2435 0.9607 218 114 44
0.027559 0.003937 -0.074803 0.0435 0.8004 -0.5979 218 115 49
0.027559 0.003937 -0.066929 0.0877 0.7590 -0.6451 218 115 48
0.027559 0.003937 -0.059055 0.1631 0.7792 -0.6051 219 114 46
0.027559 0.003937 -0.051181 0.1651 0.7683 -0.6184 220 113 46
0.027559 0.003937 -0.043307 0.1963 0.8049 -0.5599 220 113 45
0.027559 0.003937 -0.035433 0.1466 0.8719 -0.4673 221 113 45
0.027559 0.003937 -0.027559 0.1618 0.9381 -0.3063 220 112 43
0.027559 0.003937 -0.019685 0.2563 0.9209 0.2935 219 112 43
0.027559 0.003937 -0.011811 0.2500 0.8713 0.4224 220 114 44
0.027559 0.003937 -0.003937 0.2122 0.7422 0.6356 221 114 44
0.027559 0.003937 0.003937 0.1782 0.6331 0.7533 220 114 43
0.027559 0.003937 0.011811 0.0725 0.3778 0.9230 220 113 43
0.027559 0.003937 0.019685 0.0532 0.2930 0.9546 220 113 42
0.027559 0.003937 0.027559 0.1572 0.1672 0.9733 220 113 42
0.027559 0.003937 0.035433 0.1073 0.0805 0.9910 220 113 42
0.027559 0.003937 0.043307 0.0765 0.0287 0.9967 219 113 43
0.027559 0.011811 -0.074803 -0.0409 0.6092 -0.7920 218 114 48
0.027559 0.011811 -0.066929 0.0129 0.6145 -0.7888 219 114 47
0.027559 0.011811 -0.059055 -0.0367 0.6414 -0.7663 220 113 46
0.027559 0.011811 -0.051181 -0.1658 0.6069 -0.7773 220 113 46
0.027559 0.011811 -0.043307 -0.2807 0.5903 -0.7568 220 113 45
0.027559 0.011811 -0.035433 -0.3834 0.5468 -0.7443 221 113 45
0.027559 0.011811 -0.027559 0.1730 0.9466 -0.2721 221 113 44
0.027559 0.011811 -0.019685 0.1463 0.6641 0.7332 221 113 43
0.027559 0.011811 -0.011811 0.0807 0.5419 0.8366 221 113 43
0.027559 0.011811 -0.003937 0.0428 0.4578 0.8880 221 113 43
0.027559 0.011811 0.003937 -0.0007 0.2280 0.9737 221 113 42
0.027559 0.011811 0.011811 -0.1065 -0.0511 0.9930 221 114 42
0.027559 0.011811 0.019685 -0.1351 -0.1947 0.9715 220 113 43
0.027559 0.011811 0.027559 -0.0211 -0.0623 0.9978 221 113 42
0.027559 0.011811 0.035433 -0.0202 -0.0999 0.9948 220 113 43
0.027559 0.011811 0.043307 -0.0048 -0.1127 0.9936 219 114 44
0.027559 0.019685 -0.082677 -0.3016 0.4046 -0.8633 219 115 48
0.027559 0.019685 -0.074803 -0.3246 0.3398 -0.8827 219 115 47
0.027559 0.019685 -0.066929 -0.4052 0.2893 -0.8672 220 114 46
0.027559 0.019685 -0.059055 -0.3691 0.3124 -0.8753 221 113 45
0.027559 0.019685 -0.051181 -0.4238 0.2469 -0.8715 221 113 45
0.027559 0.019685 -0.043307 -0.4530 0.2386 -0.8590 221 113 44
0.027559 0.019685 -0.035433 -0.4513 0.2462 -0.8578 221 113 43
0.027559 0.019685 -0.027559 -0.8666 -0.1797 -0.4656 221 113 43
0.027559 0.019685 -0.019685 -0.0759 -0.0172 0.9970 221 113 43
0.027559 0.019685 -0.011811 -0.1297 -0.1066 0.9858 221 113 42
0.027559 0.019685 -0.003937 -0.0393 -0.1405 0.9893 221 113 43
0.027559 0.019685 0.003937 -0.0272 -0.4530 0.8911 221 113 42
0.027559 0.019685 0.011811 -0.0794 -0.4574 0.8857 221 113 42
0.027559 0.019685 0.019685 -0.1425 -0.4241 0.8943 221 114 42
0.027559 0.019685 0.027559 -0.1219 -0.3725 0.9200 221 113 42
0.027559 0.019685 0.035433 -0.1687 -0.3706 0.9133 219 113 43
0.027559 0.027559 -0.082677 -0.4930 0.1322 -0.8599 218 115 48
0.027559 0.027559 -0.074803 -0.5042 0.0423 -0.8625 219 114 46
0.027559 0.027559 -0.066929 -0.5310 -0.0089 -0.8473 220 114 46
0.027559 0.027559 -0.059055 -0.5322 -0.0542 -0.8449 220 113 45
0.027559 0.027559 -0.051181 -0.5364 -0.1121 -0.8365 221 113 44
0.027559 0.027559 -0.043307 -0.5596 -0.0897 -0.8239 221 113 43
0.027559 0.027559 -0.035433 -0.5767 -0.0848 -0.8126 221 113 43
0.027559 0.027559 -0.027559 -0.6730 -0.6930 -0.2584 221 113 43
0.027559 0.027559 -0.019685 -0.7198 -0.6937 0.0268 221 113 43
0.027559 0.027559 -0.011811 -0.2125 -0.5373 0.8162 221 113 42
0.027559 0.027559 -0.003937 -0.0325 -0.6708 0.7409 221 113 42
0.027559 0.027559 0.003937 -0.1373 -0.6346 0.7606 221 114 42
0.027559 0.027559 0.011811 -0.1577 -0.5796 0.7995 221 113 42
0.027559 0.027559 0.019685 -0.1788 -0.5428 0.8206 221 113 41
0.027559 0.027559 0.027559 -0.1506 -0.5143 0.8443 221 114 41
0.027559 0.027559 0.035433 -0.1757 -0.4981 0.8492 220 114 43
0.027559 0.035433 -0.090551 -0.4611 0.0310 -0.8868 218 115 49
0.027559 0.035433 -0.082677 -0.5873 -0.0562 -0.8074 219 114 47
0.027559 0.035433 -0.074803 -0.5766 -0.1116 -0.8094 219 114 46
0.027559 0.035433 -0.066929 -0.5799 -0.1757 -0.7955 220 113 46
0.027559 0.035433 -0.059055 -0.5826 -0.2501 -0.7733 220 113 45
0.027559 0.035433 -0.051181 -0.5824 -0.3035 -0.7541 220 113 44
0.027559 0.035433 -0.043307 -0.5887 -0.3317 -0.7372 221 113 44
0.027559 0.035433 -0.035433 -0.6264 -0.6579 -0.4181 221 113 43
0.027559 0.035433 -0.027559 -0.6467 -0.7387 -0.1903 221 113 43
0.027559 0.035433 -0.019685 -0.5438 -0.8391 0.0125 221 113 43
0.027559 0.035433 -0.011811 -0.1429 -0.8584 0.4926 221 113 42
0.027559 0.035433 -0.003937 -0.1371 -0.7795 0.6112 221 113 42
0.027559 0.035433 0.003937 -0.1920 -0.7084 0.6792 221 113 42
0.027559 0.035433 0.011811 -0.2080 -0.6406 0.7391 221 113 41
0.027559 0.035433 0.019685 -0.1712 -0.6028 0.7793 221 114 42
0.027559 0.035433 0.027559 -0.1782 -0.5943 0.7843 220 113 42
0.027559 0.043307 -0.098425 -0.5205 -0.0597 -0.8518 218 116 50
0.027559 0.043307 -0.090551 -0.5251 -0.0688 -0.8482 218 115 48
0.027559 0.043307 -0.082677 -0.6003 -0.1663 -0.7823 219 114 47
0.027559 0.043307 -0.074803 -0.6152 -0.2443 -0.7495 220 113 46
0.027559 0.043307 -0.066929 -0.6132 -0.3339 -0.7159 220 113 45
0.027559 0.043307 -0.059055 -0.6012 -0.3823 -0.7017 220 113 44
0.027559 0.043307 -0.051181 -0.5965 -0.4192 -0.6845 220 113 44
0.027559 0.043307 -0.043307 -0.6278 -0.4465 -0.6376 221 113 44
0.027559 0.043307 -0.035433 -0.5861 -0.7550 -0.2940 220 113 43
0.027559 0.043307 -0.027559 -0.5419 -0.8300 -0.1322 221 113 43
0.027559 0.043307 -0.019685 -0.4562 -0.8899 -0.0030 221 113 42
0.027559 0.043307 -0.011811 -0.3864 -0.9109 0.1449 220 113 42
0.027559 0.043307 -0.003937 -0.2347 -0.8222 0.5185 220 113 42
0.027559 0.043307 0.003937 -0.2595 -0.7698 0.5832 221 114 42
0.027559 0.043307 0.011811 -0.2574 -0.7172 0.6476 221 114 42
0.027559 0.043307 0.019685 -0.1762 -0.6748 0.7167 221 114 42
0.027559 0.043307 0.027559 -0.2133 -0.6476 0.7315 220 114 43
0.027559 0.051181 -0.098425 -0.5241 -0.1695 -0.8346 217 115 50
0.027559 0.051181 -0.090551 -0.5751 -0.2061 -0.7917 218 114 48
0.027559 0.051181 -0.082677 -0.6142 -0.2742 -0.7400 219 113 47
0.027559 0.051181 -0.074803 -0.5984 -0.3595 -0.7161 219 113 46
0.027559 0.051181 -0.066929 -0.6134 -0.4239 -0.6664 220 113 46
0.027559 0.051181 -0.059055 -0.6135 -0.4393 -0.6562 220 113 45
0.027559 0.051181 -0.051181 -0.6001 -0.5101 -0.6161 220 113 44
0.027559 0.051181 -0.043307 -0.5773 -0.7526 -0.3169 220 113 44
0.027559 0.051181 -0.035433 -0.5413 -0.8011 -0.2555 220 113 43
0.027559 0.051181 -0.027559 -0.5210 -0.8436 -0.1302 220 113 43
0.027559 0.051181 -0.019685 -0.4705 -0.8824 -0.0062 220 113 42
0.027559 0.051181 -0.011811 -0.4151 -0.8986 0.1422 220 113 43
0.027559 0.051181 -0.003937 -0.3137 -0.8532 0.4168 220 113 42
0.027559 0.051181 0.003937 -0.2984 -0.8025 0.5167 220 113 42
0.027559 0.051181 0.011811 -0.2491 -0.7645 0.5945 220 114 42
0.027559 0.051181 0.019685 -0.2319 -0.7545 0.6139 220 114 43
0.027559 0.051181 0.027559 -0.2193 -0.7131 0.6658 219 114 45
0.027559 0.059055 -0.106299 -0.5532 -0.2037 -0.8077 216 116 52
0.027559 0.059055 -0.098425 -0.5306 -0.2644 -0.8053 217 114 49
0.027559 0.059055 -0.090551 -0.5798 -0.2906 -0.7612 218 113 48
0.027559 0.059055 -0.082677 -0.5845 -0.3684 -0.7230 218 113 47
0.027559 0.059055 -0.074803 -0.5938 -0.4026 -0.6966 219 113 46
0.027559 0.059055 -0.066929 -0.6239 -0.4857 -0.6123 219 113 45
0.027559 0.059055 -0.059055 -0.6236 -0.5061 -0.5958 220 113 44
0.027559 0.059055 -0.051181 -0.6042 -0.5759 -0.5507 219 113 44
0.027559 0.059055 -0.043307 -0.5740 -0.7730 -0.2701 220 113 44
0.027559 0.059055 -0.035433 -0.5384 -0.8226 -0.1830 220 113 43
0.027559 0.059055 -0.027559 -0.4848 -0.8738 -0.0381 220 113 43
0.027559 0.059055 -0.019685 -0.4567 -0.8893 0.0223 220 113 43
0.027559 0.059055 -0.011811 -0.4294 -0.8797 0.2044 220 113 43
0.027559 0.059055 -0.003937 -0.3963 -0.8486 0.3505 220 114 42
0.027559 0.059055 0.003937 -0.2796 -0.8129 0.5109 220 114 43
0.027559 0.059055 0.011811 -0.2502 -0.7839 0.5682 219 114 42
0.027559 0.059055 0.019685 -0.2669 -0.7395 0.6180 219 114 44
0.027559 0.066929 -0.106299 -0.5344 -0.3912 -0.7492 215 116 51
0.027559 0.066929 -0.098425 -0.5534 -0.4379 -0.7085 216 114 50
0.027559 0.066929 -0.090551 -0.5880 -0.4662 -0.6610 217 114 49
0.027559 0.066929 -0.082677 -0.5968 -0.5239 -0.6078 218 113 48
0.027559 0.066929 -0.074803 -0.6165 -0.5280 -0.5841 219 113 47
0.027559 0.066929 -0.066929 -0.6278 -0.6133 -0.4794 219 113 46
0.027559 0.066929 -0.059055 -0.6466 -0.6712 -0.3625 219 113 44
0.027559 0.066929 -0.051181 -0.5667 -0.8151 -0.1200 219 113 44
0.027559 0.066929 -0.043307 -0.5513 -0.8342 -0.0165 219 113 44
0.027559 0.066929 -0.035433 -0.5224 -0.8527 0.0052 220 113 44
0.027559 0.066929 -0.027559 -0.5079 -0.8534 0.1174 219 114 43
0.027559 0.066929 -0.019685 -0.4805 -0.8482 0.2228 219 113 43
0.027559 0.066929 -0.011811 -0.4256 -0.8476 0.3170 220 113 43
0.027559 0.066929 -0.003937 -0.3402 -0.8379 0.4270 219 114 43
0.027559 0.066929 0.003937 -0.2631 -0.8195 0.5092 219 114 43
0.027559 0.066929 0.011811 -0.2776 -0.7882 0.5492 219 114 43
0.027559 0.066929 0.019685 -0.2714 -0.7806 0.5630 218 115 45
0.027559 0.074803 -0.098425 -0.5742 -0.5908 -0.5668 216 114 51
0.027559 0.074803 -0.090551 -0.6084 -0.6188 -0.4969 216 114 50
0.027559 0.074803 -0.082677 -0.6257 -0.6256 -0.4659 217 113 49
0.027559 0.074803 -0.074803 -0.6032 -0.6806 -0.4158 218 114 48
0.027559 0.074803 -0.066929 -0.6816 -0.6493 -0.3374 218 113 47
0.027559 0.074803 -0.059055 -0.6615 -0.7117 -0.2365 219 114 45
0.027559 0.074803 -0.051181 -0.5730 -0.8193 0.0214 219 113 45
0.027559 0.074803 -0.043307 -0.5681 -0.8214 0.0506 219 114 45
0.027559 0.074803 -0.035433 -0.5385 -0.8392 0.0763 219 113 44
0.027559 0.074803 -0.027559 -0.5137 -0.8527 0.0951 219 114 45
0.027559 0.074803 -0.019685 -0.4536 -0.8655 0.2123 219 114 45
0.027559 0.074803 -0.011811 -0.3649 -0.8881 0.2797 219 114 44
0.027559 0.074803 -0.003937 -0.3388 -0.8682 0.3626 219 114 44
0.027559 0.074803 0.003937 -0.3244 -0.8410 0.4330 218 114 44
0.027559 0.074803 0.011811 -0.2965 -0.8167 0.4950 217 114 45
0.027559 0.082677 -0.082677 -0.6113 -0.6333 -0.4746 217 115 50
0.027559 0.082677 -0.074803 -0.6153 -0.6551 -0.4384 217 113 49
0.027559 0.082677 -0.066929 -0.6412 -0.6848 -0.3464 217 114 50
0.027559 0.082677 -0.059055 -0.6072 -0.7805 -0.1486 218 114 47
0.027559 0.082677 -0.051181 -0.5862 -0.8102 0.0013 218 114 46
0.027559 0.082677 -0.043307 -0.5566 -0.8279 0.0698 218 114 46
0.027559 0.082677 -0.035433 -0.5402 -0.8357 0.0990 218 114 46
0.027559 0.082677 -0.027559 -0.5040 -0.8503 0.1516 218 114 46
0.027559 0.082677 -0.019685 -0.4174 -0.8770 0.2382 218 114 46
0.027559 0.082677 -0.011811 -0.4127 -0.8740 0.2565 218 115 46
0.027559 0.082677 -0.003937 -0.3963 -0.8643 0.3098 218 115 45
0.027559 0.082677 0.003937 -0.3864 -0.8393 0.3825 217 115 47
0.027559 0.082677 0.011811 -0.3703 -0.8280 0.4210 217 114 47
0.027559 0.090551 -0.066929 -0.6013 -0.7483 -0.2800 217 115 51
0.027559 0.090551 -0.059055 -0.5919 -0.7994 -0.1028 217 115 49
0.027559 0.090551 -0.051181 -0.5868 -0.8096 -0.0144 217 115 49
0.027559 0.090551 -0.043307 -0.5504 -0.8322 0.0671 217 114 49
0.027559 0.090551 -0.035433 -0.5266 -0.8421 0.1165 218 114 48
0.027559 0.090551 -0.027559 -0.4792 -0.8595 0.1780 217 115 47
0.027559 0.090551 -0.019685 -0.4502 -0.8706 0.1983 217 115 48
0.027559 0.090551 -0.011811 -0.4521 -0.8591 0.2398 218 115 48
0.027559 0.090551 -0.003937 -0.4269 -0.8543 0.2966 217 115 49
0.027559 0.090551 0.003937 -0.4160 -0.8278 0.3765 217 114 49
0.027559 0.098425 -0.043307 -0.5501 -0.8337 0.0482 217 114 52
0.027559 0.098425 -0.035433 -0.4818 -0.8679 0.1205 218 114 51
0.027559 0.098425 -0.027559 -0.4545 -0.8704 0.1894 216 114 53
0.035433 -0.035433 -0.027559 0.3215 0.9125 -0.2529 215 116 52
0.035433 -0.035433 -0.019685 0.3028 0.9413 -0.1491 213 116 52
0.035433 -0.035433 -0.011811 0.2447 0.9659 -0.0848 214 118 55
0.035433 -0.035433 -0.003937 0.2844 0.9561 0.0704 214 119 54
0.035433 -0.027559 -0.043307 0.3131 0.9066 -0.2830 216 114 50
0.035433 -0.027559 -0.035433 0.3255 0.9168 -0.2314 217 114 49
0.035433 -0.027559 -0.027559 0.3192 0.9274 -0.1951 217 114 49
0.035433 -0.027559 -0.019685 0.2974 0.9430 -0.1494 217 114 48
0.035433 -0.027559 -0.011811 0.2701 0.9591 -0.0845 217 114 49
0.035433 -0.027559 -0.003937 0.3413 0.9343 0.1032 217 115 48
0.035433 -0.027559 0.003937 0.3208 0.9188 0.2300 216 116 47
0.035433 -0.027559 0.011811 0.2904 0.9067 0.3060 217 116 49
0.035433 -0.019685 -0.051181 0.3358 0.8951 -0.2934 217 114 48
0.035433 -0.019685 -0.043307 0.3374 0.8924 -0.2996 218 114 48
0.035433 -0.019685 -0.035433 0.3469 0.9042 -0.2490 218 113 47
0.035433 -0.019685 -0.027559 0.3270 0.9227 -0.2040 218 113 47
0.035433 -0.019685 -0.019685 0.3095 0.9384 -0.1536 218 113 46
0.035433 -0.019685 -0.011811 0.3870 0.9183 0.0837 218 113 46
0.035433 -0.019685 -0.003937 0.3753 0.9089 0.1818 217 114 46
0.035433 -0.019685 0.003937 0.3681 0.8764 0.3105 218 114 46
0.035433 -0.019685 0.011811 0.3236 0.8512 0.4132 218 114 46
0.035433 -0.019685 0.019685 0.2894 0.8164 0.4997 217 115 46
0.035433 -0.019685 0.027559 0.2734 0.7686 0.5784 217 115 45
0.035433 -0.019685 0.035433 0.1984 0.7099 0.6758 218 115 45
0.035433 -0.019685 0.043307 0.1477 0.5864 0.7965 218 116 48
0.035433 -0.011811 -0.059055 0.3079 0.8890 -0.3389 217 113 49
0.035433 -0.011811 -0.051181 0.3104 0.8926 -0.3271 218 113 47
0.035433 -0.011811 -0.043307 0.3450 0.8894 -0.2999 219 113 46
0.035433 -0.011811 -0.035433 0.3445 0.9028 -0.2575 218 113 46
0.035433 -0.011811 -0.027559 0.3290 0.9257 -0.1868 218 113 46
0.035433 -0.011811 -0.019685 0.3265 0.9397 -0.1015 218 113 45
0.035433 -0.011811 -0.011811 0.4121 0.8963 0.1637 219 113 45
0.035433 -0.011811 -0.003937 0.4153 0.8678 0.2728 219 113 44
0.035433 -0.011811 0.003937 0.3801 0.8277 0.4129 219 113 43
0.035433 -0.011811 0.011811 0.3643 0.7743 0.5174 219 114 43
0.035433 -0.011811 0.019685 0.3249 0.7020 0.6338 219 114 44
0.035433 -0.011811 0.027559 0.2752 0.6605 0.6985 219 114 45
0.035433 -0.011811 0.035433 0.2109 0.5719 0.7927 219 114 45
0.035433 -0.011811 0.043307 0.1920 0.4641 0.8648 219 114 44
0.035433 -0.011811 0.051181 0.1326 0.4354 0.8904 216 116 46
0.035433 -0.003937 -0.066929 0.2825 0.8667 -0.4111 218 114 48
0.035433 -0.003937 -0.059055 0.2812 0.8563 -0.4332 218 113 47
0.035433 -0.003937 -0.051181 0.3074 0.8702 -0.3850 219 113 46
0.035433 -0.003937 -0.043307 0.3303 0.8743 -0.3556 219 113 46
0.035433 -0.003937 -0.035433 0.3244 0.9056 -0.2731 219 113 46
0.035433 -0.003937 -0.027559 0.2902 0.9388 -0.1858 219 112 44
0.035433 -0.003937 -0.019685 0.3353 0.9405 -0.0553 220 112 43
0.035433 -0.003937 -0.011811 0.3974 0.8904 0.2221 220 113 43
0.035433 -0.003937 -0.003937 0.4222 0.8270 0.3712 220 113 43
0.035433 -0.003937 0.003937 0.3985 0.7474 0.5316 220 113 43
0.035433 -0.003937 0.011811 0.3753 0.6194 0.6895 219 113 43
0.035433 -0.003937 0.019685 0.3349 0.5275 0.7808 219 113 42
0.035433 -0.003937 0.027559 0.2805 0.4886 0.8262 219 113 43
0.035433 -0.003937 0.035433 0.1834 0.4041 0.8962 219 113 42
0.035433 -0.003937 0.043307 0.1596 0.3131 0.9362 218 113 45
0.035433 0.003937 -0.074803 0.1857 0.7800 -0.5977 218 114 48
0.035433 0.003937 -0.066929 0.2041 0.7981 -0.5670 218 114 47
0.035433 0.003937 -0.059055 0.2159 0.8055 -0.5518 219 113 46
0.035433 0.003937 -0.051181 0.2515 0.8016 -0.5424 220 113 45
0.035433 0.003937 -0.043307 0.2469 0.8228 -0.5118 220 112 45
0.035433 0.003937 -0.035433 0.2136 0.8950 -0.3916 219 111 44
0.035433 0.003937 -0.027559 0.2672 0.9387 -0.2180 221 113 43
0.035433 0.003937 -0.019685 0.3120 0.9359 0.1635 220 113 42
0.035433 0.003937 -0.011811 0.3218 0.8869 0.3313 221 113 43
0.035433 0.003937 -0.003937 0.3145 0.7429 0.5909 221 113 43
0.035433 0.003937 0.003937 0.3561 0.6368 0.6838 220 113 42
0.035433 0.003937 0.011811 0.3454 0.4217 0.8384 220 113 42
0.035433 0.003937 0.019685 0.2661 0.3576 0.8951 220 113 42
0.035433 0.003937 0.027559 0.1992 0.2730 0.9412 220 113 42
0.035433 0.003937 0.035433 0.1393 0.1928 0.9713 220 113 42
0.035433 0.003937 0.043307 0.1168 0.1605 0.9801 219 113 44
0.035433 0.011811 -0.074803 0.0367 0.6818 -0.7306 219 114 47
0.035433 0.011811 -0.066929 0.1127 0.7063 -0.6988 220 114 46
0.035433 0.011811 -0.059055 0.0193 0.7043 -0.7096 220 113 46
0.035433 0.011811 -0.051181 -0.0735 0.7461 -0.6618 220 113 45
0.035433 0.011811 -0.043307 -0.2051 0.7034 -0.6806 221 113 44
0.035433 0.011811 -0.035433 -0.2078 0.7562 -0.6204 221 112 44
0.035433 0.011811 -0.027559 0.2797 0.9506 -0.1344 221 113 44
0.035433 0.011811 -0.019685 0.2512 0.7797 0.5735 221 113 42
0.035433 0.011811 -0.011811 0.1997 0.6891 0.6966 221 112 42
0.035433 0.011811 -0.003937 0.1669 0.5713 0.8036 221 113 42
0.035433 0.011811 0.003937 0.1709 0.3593 0.9174 221 113 42
0.035433 0.011811 0.011811 0.2450 0.2112 0.9462 221 113 42
0.035433 0.011811 0.019685 0.1714 0.1473 0.9741 220 113 42
0.035433 0.011811 0.027559 0.1044 0.0539 0.9931 221 113 42
0.035433 0.011811 0.035433 0.0637 -0.0057 0.9980 220 112 43
0.035433 0.019685 -0.082677 -0.1055 0.5346 -0.8385 218 115 47
0.035433 0.019685 -0.074803 -0.1511 0.5207 -0.8403 219 114 47
0.035433 0.019685 -0.066929 -0.1835 0.5121 -0.8391 220 113 45
0.035433 0.019685 -0.059055 -0.2627 0.4484 -0.8544 220 113 45
0.035433 0.019685 -0.051181 -0.3150 0.4587 -0.8309 221 113 44
0.035433 0.019685 -0.043307 -0.3390 0.4577 -0.8220 221 112 44
0.035433 0.019685 -0.035433 -0.3453 0.4912 -0.7997 221 113 43
0.035433 0.019685 -0.027559 -0.7895 0.4870 -0.3736 221 113 43
0.035433 0.019685 -0.019685 0.0514 0.4215 0.9054 221 113 43
0.035433 0.019685 -0.011811 0.0288 0.0542 0.9981 221 113 42
0.035433 0.019685 -0.003937 0.0216 -0.1806 0.9833 221 113 42
0.035433 0.019685 0.003937 -0.0465 -0.2554 0.9657 221 113 42
0.035433 0.019685 0.011811 0.0473 -0.0530 0.9975 221 113 42
0.035433 0.019685 0.019685 0.0138 -0.0749 0.9971 221 113 42
0.035433 0.019685 0.027559 0.0440 -0.1039 0.9936 221 113 41
0.035433 0.019685 0.035433 -0.0259 -0.1489 0.9885 220 113 43
0.035433 0.027559 -0.090551 -0.2921 0.2456 -0.9243 219 115 48
0.035433 0.027559 -0.082677 -0.3766 0.2483 -0.8925 219 114 48
0.035433 0.027559 -0.074803 -0.4419 0.1913 -0.8764 220 114 46
0.035433 0.027559 -0.066929 -0.4091 0.1483 -0.9003 220 113 45
0.035433 0.027559 -0.059055 -0.4494 0.0807 -0.8897 220 113 44
0.035433 0.027559 -0.051181 -0.4609 0.0722 -0.8845 221 113 44
0.035433 0.027559 -0.043307 -0.4777 0.0662 -0.8760 221 113 43
0.035433 0.027559 -0.035433 -0.5509 -0.0004 -0.8346 221 113 43
0.035433 0.027559 -0.027559 -0.7711 -0.5978 -0.2190 221 113 43
0.035433 0.027559 -0.019685 -0.5011 -0.8605 0.0922 221 113 42
0.035433 0.027559 -0.011811 0.0528 -0.6247 0.7791 221 113 42
0.035433 0.027559 -0.003937 0.0520 -0.5829 0.8109 221 113 42
0.035433 0.027559 0.003937 -0.0762 -0.5255 0.8474 221 113 42
0.035433 0.027559 0.011811 -0.1143 -0.4402 0.8906 221 114 42
0.035433 0.027559 0.019685 -0.1425 -0.3911 0.9092 221 113 41
0.035433 0.027559 0.027559 -0.0779 -0.3347 0.9391 221 113 42
0.035433 0.027559 0.035433 -0.0902 -0.3593 0.9289 220 114 43
0.035433 0.035433 -0.090551 -0.4134 0.0879 -0.9063 219 115 48
0.035433 0.035433 -0.082677 -0.4587 0.0022 -0.8886 219 114 46
0.035433 0.035433 -0.074803 -0.5283 -0.0806 -0.8452 219 113 46
0.035433 0.035433 -0.066929 -0.5039 -0.1414 -0.8521 220 113 45
0.035433 0.035433 -0.059055 -0.5460 -0.1672 -0.8209 220 113 44
0.035433 0.035433 -0.051181 -0.5466 -0.2277 -0.8059 220 113 43
0.035433 0.035433 -0.043307 -0.5716 -0.2445 -0.7832 221 113 43
0.035433 0.035433 -0.035433 -0.6071 -0.6959 -0.3836 221 113 43
0.035433 0.035433 -0.027559 -0.4594 -0.8870 -0.0461 221 113 42
0.035433 0.035433 -0.019685 -0.2861 -0.9368 0.2013 221 113 43
0.035433 0.035433 -0.011811 -0.0919 -0.7958 0.5985 221 113 42
0.035433 0.035433 -0.003937 -0.0805 -0.7256 0.6834 221 113 42
0.035433 0.035433 0.003937 -0.1509 -0.6329 0.7594 221 113 42
0.035433 0.035433 0.011811 -0.1726 -0.5699 0.8034 221 113 41
0.035433 0.035433 0.019685 -0.1176 -0.5330 0.8379 221 113 42
0.035433 0.035433 0.027559 -0.1419 -0.4886 0.8609 220 113 42
0.035433 0.043307 -0.098425 -0.4699 -0.0512 -0.8812 218 115 49
0.035433 0.043307 -0.090551 -0.4715 -0.0826 -0.8780 219 114 47
0.035433 0.043307 -0.082677 -0.4859 -0.0982 -0.8685 219 114 47
0.035433 0.043307 -0.074803 -0.5726 -0.2397 -0.7840 220 113 45
0.035433 0.043307 -0.066929 -0.5661 -0.2945 -0.7700 220 113 45
0.035433 0.043307 -0.059055 -0.5934 -0.3697 -0.7150 220 113 44
0.035433 0.043307 -0.051181 -0.5744 -0.3959 -0.7165 220 113 43
0.035433 0.043307 -0.043307 -0.6019 -0.4837 -0.6354 220 113 43
0.035433 0.043307 -0.035433 -0.5164 -0.8393 -0.1700 220 113 43
0.035433 0.043307 -0.027559 -0.3506 -0.9362 0.0262 221 113 43
0.035433 0.043307 -0.019685 -0.3320 -0.9301 0.1569 221 113 42
0.035433 0.043307 -0.011811 -0.3088 -0.9090 0.2800 221 113 42
0.035433 0.043307 -0.003937 -0.1718 -0.7805 0.6011 220 113 42
0.035433 0.043307 0.003937 -0.1986 -0.7014 0.6845 221 113 42
0.035433 0.043307 0.011811 -0.1948 -0.6402 0.7431 221 113 42
0.035433 0.043307 0.019685 -0.1486 -0.6105 0.7779 221 113 42
0.035433 0.043307 0.027559 -0.1818 -0.5764 0.7967 221 113 43
0.035433 0.051181 -0.098425 -0.4940 -0.1705 -0.8526 218 115 49
0.035433 0.051181 -0.090551 -0.5096 -0.2348 -0.8278 219 114 47
0.035433 0.051181 -0.082677 -0.5337 -0.2554 -0.8062 219 113 47
0.035433 0.051181 -0.074803 -0.5645 -0.3557 -0.7449 220 113 45
0.035433 0.051181 -0.066929 -0.5907 -0.4190 -0.6895 220 113 45
0.035433 0.051181 -0.059055 -0.5927 -0.4506 -0.6676 220 113 44
0.035433 0.051181 -0.051181 -0.5818 -0.5308 -0.6162 220 113 44
0.035433 0.051181 -0.043307 -0.5315 -0.8078 -0.2549 220 113 43
0.035433 0.051181 -0.035433 -0.4646 -0.8738 -0.1434 220 113 43
0.035433 0.051181 -0.027559 -0.4070 -0.9126 0.0385 220 113 43
0.035433 0.051181 -0.019685 -0.3828 -0.9166 0.1152 220 113 42
0.035433 0.051181 -0.011811 -0.3735 -0.9099 0.1804 221 113 42
0.035433 0.051181 -0.003937 -0.3237 -0.8566 0.4018 220 113 42
0.035433 0.051181 0.003937 -0.2318 -0.7730 0.5905 221 113 42
0.035433 0.051181 0.011811 -0.1891 -0.7117 0.6765 220 114 42
0.035433 0.051181 0.019685 -0.1748 -0.6901 0.7023 220 113 43
0.035433 0.051181 0.027559 -0.1891 -0.6600 0.7271 219 114 45
0.035433 0.059055 -0.106299 -0.4728 -0.2160 -0.8543 217 115 49
0.035433 0.059055 -0.098425 -0.5015 -0.2586 -0.8256 218 113 48
0.035433 0.059055 -0.090551 -0.5305 -0.3167 -0.7863 219 114 47
0.035433 0.059055 -0.082677 -0.5445 -0.3736 -0.7510 219 113 47
0.035433 0.059055 -0.074803 -0.5576 -0.4198 -0.7161 220 113 46
0.035433 0.059055 -0.066929 -0.5771 -0.4965 -0.6484 220 113 44
0.035433 0.059055 -0.059055 -0.5778 -0.5292 -0.6214 220 113 44
0.035433 0.059055 -0.051181 -0.5422 -0.6974 -0.4686 220 113 44
0.035433 0.059055 -0.043307 -0.5105 -0.8257 -0.2400 220 113 43
0.035433 0.059055 -0.035433 -0.4498 -0.8844 -0.1245 220 113 43
0.035433 0.059055 -0.027559 -0.4000 -0.9159 0.0322 220 113 43
0.035433 0.059055 -0.019685 -0.4118 -0.9039 0.1154 220 113 42
0.035433 0.059055 -0.011811 -0.3942 -0.8985 0.1930 220 113 42
0.035433 0.059055 -0.003937 -0.3627 -0.8666 0.3426 220 114 42
0.035433 0.059055 0.003937 -0.2208 -0.8269 0.5172 220 114 43
0.035433 0.059055 0.011811 -0.2313 -0.7807 0.5805 220 114 42
0.035433 0.059055 0.019685 -0.2343 -0.7467 0.6225 219 114 44
0.035433 0.066929 -0.106299 -0.4820 -0.3199 -0.8157 217 114 50
0.035433 0.066929 -0.098425 -0.5119 -0.3710 -0.7748 218 114 49
0.035433 0.066929 -0.090551 -0.5355 -0.4019 -0.7428 218 113 48
0.035433 0.066929 -0.082677 -0.5420 -0.4421 -0.7147 219 114 47
0.035433 0.066929 -0.074803 -0.5449 -0.4998 -0.6732 219 113 46
0.035433 0.066929 -0.066929 -0.5723 -0.5375 -0.6193 219 113 45
0.035433 0.066929 -0.059055 -0.5601 -0.6167 -0.5531 219 113 44
0.035433 0.066929 -0.051181 -0.5407 -0.8130 -0.2158 220 113 43
0.035433 0.066929 -0.043307 -0.5182 -0.8418 -0.1513 220 113 43
0.035433 0.066929 -0.035433 -0.4541 -0.8892 -0.0548 219 113 43
0.035433 0.066929 -0.027559 -0.4089 -0.9121 0.0305 220 113 43
0.035433 0.066929 -0.019685 -0.3795 -0.9061 0.1873 220 113 43
0.035433 0.066929 -0.011811 -0.3322 -0.8834 0.3305 220 113 43
0.035433 0.066929 -0.003937 -0.2739 -0.8539 0.4425 220 114 43
0.035433 0.066929 0.003937 -0.2228 -0.8198 0.5275 220 114 43
0.035433 0.066929 0.011811 -0.2527 -0.7672 0.5896 219 114 44
0.035433 0.066929 0.019685 -0.2492 -0.7679 0.5901 218 115 44
0.035433 0.074803 -0.114173 -0.5384 -0.5318 -0.6537 214 116 53
0.035433 0.074803 -0.106299 -0.5243 -0.5993 -0.6048 216 114 50
0.035433 0.074803 -0.098425 -0.5595 -0.5549 -0.6157 217 114 49
0.035433 0.074803 -0.090551 -0.5532 -0.6330 -0.5416 218 114 48
0.035433 0.074803 -0.082677 -0.5605 -0.6363 -0.5301 218 113 48
0.035433 0.074803 -0.074803 -0.5790 -0.6472 -0.4959 219 113 47
0.035433 0.074803 -0.066929 -0.5827 -0.6966 -0.4186 219 114 46
0.035433 0.074803 -0.059055 -0.5450 -0.8051 -0.2341 219 114 45
0.035433 0.074803 -0.051181 -0.5378 -0.8420 0.0427 219 113 44
0.035433 0.074803 -0.043307 -0.5087 -0.8588 0.0613 219 113 43
0.035433 0.074803 -0.035433 -0.4952 -0.8566 0.1449 219 113 44
0.035433 0.074803 -0.027559 -0.4597 -0.8663 0.1957 219 114 44
0.035433 0.074803 -0.019685 -0.3596 -0.8826 0.3028 219 114 43
0.035433 0.074803 -0.011811 -0.2860 -0.8852 0.3669 219 114 44
0.035433 0.074803 -0.003937 -0.2744 -0.8609 0.4284 219 114 44
0.035433 0.074803 0.003937 -0.2543 -0.8282 0.4995 219 114 44
0.035433 0.074803 0.011811 -0.2434 -0.8102 0.5333 218 114 45
0.035433 0.082677 -0.106299 -0.4992 -0.6866 -0.5285 216 114 53
0.035433 0.082677 -0.098425 -0.5519 -0.6765 -0.4876 216 114 51
0.035433 0.082677 -0.090551 -0.5480 -0.7106 -0.4413 217 114 48
0.035433 0.082677 -0.082677 -0.5485 -0.7128 -0.4372 218 113 48
0.035433 0.082677 -0.074803 -0.6074 -0.7115 -0.3533 218 114 47
0.035433 0.082677 -0.066929 -0.6071 -0.7156 -0.3454 219 114 46
0.035433 0.082677 -0.059055 -0.5661 -0.8229 -0.0484 219 114 45
0.035433 0.082677 -0.051181 -0.5391 -0.8419 0.0241 219 114 45
0.035433 0.082677 -0.043307 -0.5161 -0.8527 0.0817 219 114 46
0.035433 0.082677 -0.035433 -0.4935 -0.8615 0.1192 218 113 46
0.035433 0.082677 -0.027559 -0.4375 -0.8831 0.1693 219 113 45
0.035433 0.082677 -0.019685 -0.3448 -0.8994 0.2685 218 114 44
0.035433 0.082677 -0.011811 -0.3443 -0.8805 0.3258 218 114 45
0.035433 0.082677 -0.003937 -0.3146 -0.8736 0.3712 218 114 45
0.035433 0.082677 0.003937 -0.2961 -0.8494 0.4369 218 114 45
0.035433 0.082677 0.011811 -0.2843 -0.8240 0.4901 218 114 46
0.035433 0.090551 -0.090551 -0.5272 -0.7276 -0.4390 217 114 52
0.035433 0.090551 -0.082677 -0.5206 -0.7290 -0.4445 216 114 50
0.035433 0.090551 -0.074803 -0.5371 -0.7723 -0.3391 216 114 49
0.035433 0.090551 -0.066929 -0.5916 -0.7339 -0.3338 217 114 48
0.035433 0.090551 -0.059055 -0.5654 -0.8194 -0.0942 217 114 47
0.035433 0.090551 -0.051181 -0.5505 -0.8345 0.0249 218 114 47
0.035433 0.090551 -0.043307 -0.5338 -0.8409 0.0894 218 114 47
0.035433 0.090551 -0.035433 -0.4875 -0.8614 0.1430 218 114 47
0.035433 0.090551 -0.027559 -0.4114 -0.8892 0.2002 218 114 47
0.035433 0.090551 -0.019685 -0.3793 -0.8929 0.2426 217 115 46
0.035433 0.090551 -0.011811 -0.4033 -0.8705 0.2820 218 115 46
0.035433 0.090551 -0.003937 -0.3609 -0.8685 0.3396 217 115 46
0.035433 0.090551 0.003937 -0.3689 -0.8530 0.3691 215 114 48
0.035433 0.098425 -0.066929 -0.5106 -0.8512 -0.1216 217 115 50
0.035433 0.098425 -0.059055 -0.5322 -0.8464 -0.0201 216 115 49
0.035433 0.098425 -0.051181 -0.5182 -0.8542 0.0414 217 114 49
0.035433 0.098425 -0.043307 -0.4673 -0.8728 0.1407 216 115 49
0.035433 0.098425 -0.035433 -0.4355 -0.8867 0.1554 216 114 49
0.035433 0.098425 -0.027559 -0.4146 -0.8914 0.1832 217 114 49
0.035433 0.098425 -0.019685 -0.4220 -0.8811 0.2136 216 115 49
0.035433 0.098425 -0.011811 -0.4097 -0.8696 0.2756 216 115 49
0.035433 0.098425 -0.003937 -0.4247 -0.8502 0.3112 216 116 49
0.035433 0.098425 0.003937 -0.4263 -0.8318 0.3555 216 114 51
0.035433 0.106299 -0.051181 -0.4479 -0.8925 0.0536 217 116 54
0.035433 0.106299 -0.043307 -0.4228 -0.8934 0.1520 218 114 53
0.035433 0.106299 -0.035433 -0.4441 -0.8845 0.1431 218 114 53
0.035433 0.106299 -0.027559 -0.4087 -0.8980 0.1631 217 115 53
0.043307 -0.027559 -0.043307 0.3431 0.8969 -0.2790 215 115 51
0.043307 -0.027559 -0.035433 0.3417 0.9171 -0.2053 216 114 50
0.043307 -0.027559 -0.027559 0.3137 0.9399 -0.1346 218 114 50
0.043307 -0.027559 -0.019685 0.2993 0.9464 -0.1211 216 115 48
0.043307 -0.027559 -0.011811 0.3076 0.9513 -0.0191 215 115 50
0.043307 -0.027559 -0.003937 0.3071 0.9379 0.1612 215 116 50
0.043307 -0.019685 -0.051181 0.3382 0.9052 -0.2575 217 114 48
0.043307 -0.019685 -0.043307 0.3526 0.8965 -0.2680 217 114 48
0.043307 -0.019685 -0.035433 0.3469 0.9113 -0.2217 218 113 47
0.043307 -0.019685 -0.027559 0.3050 0.9377 -0.1665 217 114 47
0.043307 -0.019685 -0.019685 0.2981 0.9485 -0.1074 218 113 47
0.043307 -0.019685 -0.011811 0.3591 0.9287 0.0925 218 113 46
0.043307 -0.019685 -0.003937 0.3482 0.9233 0.1623 219 113 47
0.043307 -0.019685 0.003937 0.3201 0.8972 0.3042 217 114 46
0.043307 -0.019685 0.011811 0.3131 0.8659 0.3902 217 115 46
0.043307 -0.019685 0.019685 0.2335 0.8261 0.5129 217 115 47
0.043307 -0.011811 -0.059055 0.3319 0.8906 -0.3109 218 113 49
0.043307 -0.011811 -0.051181 0.3297 0.8951 -0.3000 218 113 47
0.043307 -0.011811 -0.043307 0.3436 0.8977 -0.2757 218 113 46
0.043307 -0.011811 -0.035433 0.3541 0.9052 -0.2350 219 113 45
0.043307 -0.011811 -0.027559 0.3392 0.9298 -0.1428 219 113 45
0.043307 -0.011811 -0.019685 0.3260 0.9425 -0.0739 219 113 45
0.043307 -0.011811 -0.011811 0.3967 0.8986 0.1876 219 113 44
0.043307 -0.011811 -0.003937 0.3806 0.8859 0.2651 219 113 44
0.043307 -0.011811 0.003937 0.3751 0.8396 0.3930 219 113 44
0.043307 -0.011811 0.011811 0.3666 0.7996 0.4756 219 113 44
0.043307 -0.011811 0.019685 0.3226 0.7552 0.5707 219 113 44
0.043307 -0.011811 0.027559 0.2692 0.7040 0.6572 219 113 46
0.043307 -0.011811 0.035433 0.2220 0.6008 0.7679 218 114 46
0.043307 -0.003937 -0.066929 0.3239 0.8950 -0.3067 218 114 49
0.043307 -0.003937 -0.059055 0.3314 0.8807 -0.3383 218 113 47
0.043307 -0.003937 -0.051181 0.3500 0.8872 -0.3007 219 112 46
0.043307 -0.003937 -0.043307 0.3800 0.8803 -0.2840 219 112 46
0.043307 -0.003937 -0.035433 0.3712 0.8972 -0.2393 218 112 45
0.043307 -0.003937 -0.027559 0.3579 0.9295 -0.0892 220 112 45
0.043307 -0.003937 -0.019685 0.4244 0.8982 0.1149 220 113 43
0.043307 -0.003937 -0.011811 0.4340 0.8532 0.2892 220 113 43
0.043307 -0.003937 -0.003937 0.4307 0.8048 0.4084 220 112 42
0.043307 -0.003937 0.003937 0.4121 0.7400 0.5316 220 113 42
0.043307 -0.003937 0.011811 0.3913 0.6620 0.6393 219 113 43
0.043307 -0.003937 0.019685 0.3143 0.6208 0.7182 219 113 42
0.043307 -0.003937 0.027559 0.2656 0.5744 0.7743 219 113 42
0.043307 -0.003937 0.035433 0.2010 0.4596 0.8651 219 113 43
0.043307 -0.003937 0.043307 0.1684 0.3904 0.9051 218 113 45
0.043307 0.003937 -0.074803 0.2715 0.8536 -0.4446 218 114 49
0.043307 0.003937 -0.066929 0.2776 0.8566 -0.4348 218 113 47
0.043307 0.003937 -0.059055 0.3152 0.8494 -0.4234 219 113 45
0.043307 0.003937 -0.051181 0.3420 0.8671 -0.3621 219 112 44
0.043307 0.003937 -0.043307 0.2893 0.8911 -0.3496 220 111 43
0.043307 0.003937 -0.035433 0.2133 0.9071 -0.3628 221 112 43
0.043307 0.003937 -0.027559 0.3700 0.9276 -0.0526 221 112 43
0.043307 0.003937 -0.019685 0.4035 0.8804 0.2492 221 113 42
0.043307 0.003937 -0.011811 0.4436 0.7767 0.4472 221 113 42
0.043307 0.003937 -0.003937 0.4343 0.7123 0.5514 220 113 42
0.043307 0.003937 0.003937 0.4405 0.5906 0.6761 221 113 42
0.043307 0.003937 0.011811 0.3689 0.5318 0.7623 220 113 42
0.043307 0.003937 0.019685 0.2990 0.4731 0.8287 220 112 42
0.043307 0.003937 0.027559 0.2335 0.3698 0.8993 220 112 42
0.043307 0.003937 0.035433 0.1688 0.3122 0.9349 220 112 42
0.043307 0.003937 0.043307 0.1371 0.2883 0.9477 218 113 43
0.043307 0.011811 -0.082677 0.1128 0.7797 -0.6159 218 115 48
0.043307 0.011811 -0.074803 0.1027 0.7511 -0.6522 219 114 47
0.043307 0.011811 -0.066929 0.0877 0.7536 -0.6514 220 113 46
0.043307 0.011811 -0.059055 0.0460 0.7692 -0.6374 220 113 45
0.043307 0.011811 -0.051181 0.0536 0.8423 -0.5363 220 112 44
0.043307 0.011811 -0.043307 -0.0743 0.8219 -0.5647 221 112 44
0.043307 0.011811 -0.035433 -0.0459 0.8733 -0.4850 221 112 43
0.043307 0.011811 -0.027559 0.0899 0.9771 -0.1928 221 112 43
0.043307 0.011811 -0.019685 0.3043 0.8448 0.4401 221 112 43
0.043307 0.011811 -0.011811 0.3993 0.6507 0.6459 221 112 42
0.043307 0.011811 -0.003937 0.4340 0.5836 0.6863 221 112 42
0.043307 0.011811 0.003937 0.3910 0.4123 0.8229 221 112 42
0.043307 0.011811 0.011811 0.3099 0.3394 0.8881 221 113 42
0.043307 0.011811 0.019685 0.2130 0.2602 0.9418 220 112 41
0.043307 0.011811 0.027559 0.1622 0.1617 0.9734 221 112 41
0.043307 0.011811 0.035433 0.1104 0.1313 0.9852 220 112 43
0.043307 0.019685 -0.082677 -0.0096 0.6443 -0.7647 219 114 47
0.043307 0.019685 -0.074803 -0.0483 0.6420 -0.7651 220 113 46
0.043307 0.019685 -0.066929 -0.0958 0.6657 -0.7400 220 112 45
0.043307 0.019685 -0.059055 -0.1578 0.6620 -0.7327 221 112 44
0.043307 0.019685 -0.051181 -0.1677 0.6797 -0.7141 221 113 44
0.043307 0.019685 -0.043307 -0.1638 0.7001 -0.6950 221 112 43
0.043307 0.019685 -0.035433 -0.1227 0.7636 -0.6339 221 112 43
0.043307 0.019685 -0.027559 -0.3085 0.9455 -0.1040 222 112 43
0.043307 0.019685 -0.019685 0.2873 0.7077 0.6454 222 112 43
0.043307 0.019685 -0.011811 0.1895 0.3251 0.9265 221 112 42
0.043307 0.019685 -0.003937 0.2724 0.3755 0.8859 221 112 42
0.043307 0.019685 0.003937 0.2656 0.1362 0.9544 221 113 42
0.043307 0.019685 0.011811 0.1953 0.1035 0.9753 221 113 42
0.043307 0.019685 0.019685 0.1126 0.0398 0.9928 221 113 41
0.043307 0.019685 0.027559 0.0984 -0.0437 0.9942 221 113 41
0.043307 0.019685 0.035433 0.0689 -0.0408 0.9968 219 113 42
0.043307 0.027559 -0.090551 -0.1351 0.4236 -0.8957 219 114 47
0.043307 0.027559 -0.082677 -0.2045 0.4388 -0.8750 219 113 47
0.043307 0.027559 -0.074803 -0.2370 0.4225 -0.8748 220 113 46
0.043307 0.027559 -0.066929 -0.2836 0.3975 -0.8727 220 113 44
0.043307 0.027559 -0.059055 -0.3475 0.3682 -0.8624 221 113 44
0.043307 0.027559 -0.051181 -0.3783 0.2838 -0.8811 221 113 43
0.043307 0.027559 -0.043307 -0.3385 0.3647 -0.8674 221 113 43
0.043307 0.027559 -0.035433 -0.5406 0.0909 -0.8363 221 112 42
0.043307 0.027559 -0.027559 -0.7501 -0.6309 0.1983 222 113 42
0.043307 0.027559 -0.019685 -0.4677 -0.8262 0.3140 221 113 42
0.043307 0.027559 -0.011811 0.1065 -0.4470 0.8882 221 113 42
0.043307 0.027559 -0.003937 0.0887 -0.3549 0.9307 221 113 42
0.043307 0.027559 0.003937 0.0267 -0.2083 0.9777 221 113 41
0.043307 0.027559 0.011811 0.0618 -0.1138 0.9916 221 113 41
0.043307 0.027559 0.019685 0.0094 -0.1413 0.9899 221 113 42
0.043307 0.027559 0.027559 0.0460 -0.1915 0.9804 220 114 42
0.043307 0.027559 0.035433 0.0375 -0.1717 0.9844 220 113 43
0.043307 0.035433 -0.098425 -0.2913 0.1577 -0.9435 219 114 48
0.043307 0.035433 -0.090551 -0.3284 0.1244 -0.9363 219 114 48
0.043307 0.035433 -0.082677 -0.3643 0.0713 -0.9285 219 113 46
0.043307 0.035433 -0.074803 -0.4206 0.0683 -0.9047 220 113 45
0.043307 0.035433 -0.066929 -0.4298 -0.0310 -0.9024 221 113 44
0.043307 0.035433 -0.059055 -0.4530 -0.0656 -0.8891 221 113 44
0.043307 0.035433 -0.051181 -0.4950 -0.1251 -0.8599 221 113 43
0.043307 0.035433 -0.043307 -0.4829 -0.0652 -0.8733 221 113 43
0.043307 0.035433 -0.035433 -0.5405 -0.8384 -0.0698 221 113 42
0.043307 0.035433 -0.027559 -0.2692 -0.9453 0.1841 221 113 42
0.043307 0.035433 -0.019685 -0.2329 -0.9250 0.3002 221 113 43
0.043307 0.035433 -0.011811 0.0106 -0.7024 0.7117 221 113 42
0.043307 0.035433 -0.003937 -0.0478 -0.6365 0.7698 221 113 42
0.043307 0.035433 0.003937 -0.1069 -0.5001 0.8594 221 113 42
0.043307 0.035433 0.011811 -0.0986 -0.3804 0.9196 221 113 42
0.043307 0.035433 0.019685 -0.0691 -0.3928 0.9170 221 113 42
0.043307 0.035433 0.027559 -0.0584 -0.3568 0.9324 220 114 42
0.043307 0.043307 -0.098425 -0.3773 -0.0032 -0.9261 218 115 49
0.043307 0.043307 -0.090551 -0.3891 -0.0581 -0.9194 219 114 47
0.043307 0.043307 -0.082677 -0.4012 -0.0841 -0.9121 220 113 46
0.043307 0.043307 -0.074803 -0.4875 -0.2053 -0.8486 220 113 45
0.043307 0.043307 -0.066929 -0.4968 -0.2663 -0.8260 220 113 45
0.043307 0.043307 -0.059055 -0.5182 -0.3189 -0.7936 220 113 44
0.043307 0.043307 -0.051181 -0.5186 -0.4069 -0.7520 220 112 43
0.043307 0.043307 -0.043307 -0.3443 -0.9118 -0.2239 220 113 43
0.043307 0.043307 -0.035433 -0.2941 -0.9548 0.0435 220 113 42
0.043307 0.043307 -0.027559 -0.2591 -0.9485 0.1821 221 113 42
0.043307 0.043307 -0.019685 -0.2668 -0.9372 0.2247 221 113 42
0.043307 0.043307 -0.011811 -0.2700 -0.8701 0.4125 221 113 42
0.043307 0.043307 -0.003937 -0.1061 -0.6851 0.7207 221 113 42
0.043307 0.043307 0.003937 -0.1500 -0.5959 0.7889 221 113 42
0.043307 0.043307 0.011811 -0.1571 -0.5485 0.8212 221 113 42
0.043307 0.043307 0.019685 -0.1260 -0.5322 0.8372 221 113 42
0.043307 0.043307 0.027559 -0.1357 -0.5091 0.8499 221 114 43
0.043307 0.051181 -0.106299 -0.4885 -0.0968 -0.8672 218 115 49
0.043307 0.051181 -0.098425 -0.4061 -0.1427 -0.9026 218 114 49
0.043307 0.051181 -0.090551 -0.4507 -0.1902 -0.8722 219 113 47
0.043307 0.051181 -0.082677 -0.4509 -0.2574 -0.8546 219 113 46
0.043307 0.051181 -0.074803 -0.5066 -0.3346 -0.7946 220 113 45
0.043307 0.051181 -0.066929 -0.5416 -0.4343 -0.7198 220 113 44
0.043307 0.051181 -0.059055 -0.5348 -0.4770 -0.6975 220 113 44
0.043307 0.051181 -0.051181 -0.5031 -0.6422 -0.5783 221 113 44
0.043307 0.051181 -0.043307 -0.3375 -0.9370 -0.0905 221 113 43
0.043307 0.051181 -0.035433 -0.2971 -0.9543 0.0324 220 113 43
0.043307 0.051181 -0.027559 -0.3111 -0.9430 0.1180 220 113 42
0.043307 0.051181 -0.019685 -0.3155 -0.9292 0.1923 220 113 42
0.043307 0.051181 -0.011811 -0.3201 -0.8945 0.3120 221 113 42
0.043307 0.051181 -0.003937 -0.3308 -0.8261 0.4561 221 113 42
0.043307 0.051181 0.003937 -0.1765 -0.7068 0.6850 221 113 42
0.043307 0.051181 0.011811 -0.1494 -0.6503 0.7449 221 114 42
0.043307 0.051181 0.019685 -0.1661 -0.6240 0.7635 220 113 42
0.043307 0.059055 -0.106299 -0.4672 -0.2355 -0.8522 217 114 48
0.043307 0.059055 -0.098425 -0.4705 -0.2830 -0.8358 218 114 48
0.043307 0.059055 -0.090551 -0.4767 -0.3300 -0.8147 219 113 47
0.043307 0.059055 -0.082677 -0.4911 -0.3745 -0.7865 219 113 46
0.043307 0.059055 -0.074803 -0.5106 -0.4392 -0.7392 220 113 45
0.043307 0.059055 -0.066929 -0.5454 -0.5058 -0.6684 220 113 44
0.043307 0.059055 -0.059055 -0.5297 -0.5858 -0.6134 220 113 43
0.043307 0.059055 -0.051181 -0.4088 -0.8792 -0.2447 220 113 43
0.043307 0.059055 -0.043307 -0.3988 -0.9147 -0.0657 220 113 43
0.043307 0.059055 -0.035433 -0.3651 -0.9307 0.0222 220 113 43
0.043307 0.059055 -0.027559 -0.3326 -0.9390 0.0872 220 113 43
0.043307 0.059055 -0.019685 -0.3262 -0.9298 0.1703 220 113 43
0.043307 0.059055 -0.011811 -0.3420 -0.8946 0.2877 220 113 43
0.043307 0.059055 -0.003937 -0.3011 -0.8388 0.4535 221 113 42
0.043307 0.059055 0.003937 -0.1628 -0.7860 0.5965 221 114 42
0.043307 0.059055 0.011811 -0.1870 -0.7223 0.6658 220 114 43
0.043307 0.059055 0.019685 -0.2015 -0.6782 0.7068 219 114 44
0.043307 0.066929 -0.114173 -0.5824 -0.2211 -0.7823 216 115 50
0.043307 0.066929 -0.106299 -0.4702 -0.3078 -0.8271 218 114 49
0.043307 0.066929 -0.098425 -0.4904 -0.3584 -0.7944 218 113 47
0.043307 0.066929 -0.090551 -0.5082 -0.4180 -0.7530 219 113 47
0.043307 0.066929 -0.082677 -0.5092 -0.4310 -0.7450 219 113 46
0.043307 0.066929 -0.074803 -0.5379 -0.4893 -0.6864 219 113 45
0.043307 0.066929 -0.066929 -0.5345 -0.5518 -0.6402 220 113 45
0.043307 0.066929 -0.059055 -0.5113 -0.6332 -0.5810 220 113 44
0.043307 0.066929 -0.051181 -0.4426 -0.8779 -0.1827 220 113 43
0.043307 0.066929 -0.043307 -0.3990 -0.9159 -0.0426 220 113 43
0.043307 0.066929 -0.035433 -0.3651 -0.9305 0.0307 220 113 43
0.043307 0.066929 -0.027559 -0.3456 -0.9374 0.0434 220 113 43
0.043307 0.066929 -0.019685 -0.3268 -0.9323 0.1552 220 113 43
0.043307 0.066929 -0.011811 -0.2867 -0.9086 0.3036 220 113 43
0.043307 0.066929 -0.003937 -0.2323 -0.8682 0.4384 220 114 42
0.043307 0.066929 0.003937 -0.2159 -0.8259 0.5208 220 114 43
0.043307 0.066929 0.011811 -0.2348 -0.7714 0.5915 219 114 44
0.043307 0.066929 0.019685 -0.2503 -0.7493 0.6131 218 115 45
0.043307 0.074803 -0.114173 -0.4674 -0.4017 -0.7875 216 115 50
0.043307 0.074803 -0.106299 -0.4846 -0.4966 -0.7201 217 114 49
0.043307 0.074803 -0.098425 -0.4879 -0.4896 -0.7227 218 114 48
0.043307 0.074803 -0.090551 -0.4966 -0.5200 -0.6950 218 114 47
0.043307 0.074803 -0.082677 -0.5026 -0.5120 -0.6966 219 113 46
0.043307 0.074803 -0.074803 -0.5338 -0.5746 -0.6204 219 113 45
0.043307 0.074803 -0.066929 -0.5233 -0.6307 -0.5730 219 113 45
0.043307 0.074803 -0.059055 -0.4967 -0.8117 -0.3073 220 114 43
0.043307 0.074803 -0.051181 -0.4726 -0.8684 -0.1501 220 113 43
0.043307 0.074803 -0.043307 -0.4379 -0.8978 -0.0470 219 113 43
0.043307 0.074803 -0.035433 -0.3758 -0.9220 0.0937 219 113 43
0.043307 0.074803 -0.027559 -0.3523 -0.9297 0.1079 219 113 43
0.043307 0.074803 -0.019685 -0.2773 -0.9209 0.2740 219 113 44
0.043307 0.074803 -0.011811 -0.2197 -0.9172 0.3324 219 114 43
0.043307 0.074803 -0.003937 -0.2390 -0.8550 0.4603 219 114 43
0.043307 0.074803 0.003937 -0.2469 -0.8205 0.5155 219 114 44
0.043307 0.074803 0.011811 -0.2057 -0.7760 0.5963 218 114 44
0.043307 0.082677 -0.114173 -0.4936 -0.6604 -0.5659 215 114 52
0.043307 0.082677 -0.106299 -0.5418 -0.6864 -0.4851 216 114 50
0.043307 0.082677 -0.098425 -0.5338 -0.6904 -0.4883 218 113 49
0.043307 0.082677 -0.090551 -0.5509 -0.7312 -0.4023 218 114 47
0.043307 0.082677 -0.082677 -0.5098 -0.7526 -0.4168 219 114 47
0.043307 0.082677 -0.074803 -0.5227 -0.7760 -0.3530 219 114 46
0.043307 0.082677 -0.066929 -0.5207 -0.7811 -0.3445 219 114 45
0.043307 0.082677 -0.059055 -0.4948 -0.8631 -0.1013 219 114 45
0.043307 0.082677 -0.051181 -0.4863 -0.8724 0.0491 219 113 44
0.043307 0.082677 -0.043307 -0.4466 -0.8839 0.1389 219 113 45
0.043307 0.082677 -0.035433 -0.3994 -0.8928 0.2082 219 113 44
0.043307 0.082677 -0.027559 -0.3435 -0.8997 0.2693 219 113 43
0.043307 0.082677 -0.019685 -0.2609 -0.9073 0.3298 218 114 44
0.043307 0.082677 -0.011811 -0.2599 -0.8877 0.3801 218 114 44
0.043307 0.082677 -0.003937 -0.2486 -0.8545 0.4561 218 115 44
0.043307 0.082677 0.003937 -0.2229 -0.8360 0.5014 218 114 45
0.043307 0.082677 0.011811 -0.2148 -0.8256 0.5218 217 114 47
0.043307 0.090551 -0.114173 -0.4701 -0.7214 -0.5085 215 115 54
0.043307 0.090551 -0.106299 -0.4990 -0.7131 -0.4924 216 114 50
0.043307 0.090551 -0.098425 -0.5033 -0.7425 -0.4420 217 114 49
0.043307 0.090551 -0.090551 -0.5280 -0.7627 -0.3734 218 114 50
0.043307 0.090551 -0.082677 -0.4988 -0.7790 -0.3800 218 114 48
0.043307 0.090551 -0.074803 -0.5361 -0.7826 -0.3164 218 114 47
0.043307 0.090551 -0.066929 -0.4673 -0.8758 -0.1209 218 114 47
0.043307 0.090551 -0.059055 -0.4690 -0.8809 -0.0637 218 114 46
0.043307 0.090551 -0.051181 -0.4852 -0.8725 0.0580 219 114 47
0.043307 0.090551 -0.043307 -0.4502 -0.8904 0.0668 219 114 46
0.043307 0.090551 -0.035433 -0.3946 -0.9013 0.1789 218 114 46
0.043307 0.090551 -0.027559 -0.3460 -0.9079 0.2367 218 114 45
0.043307 0.090551 -0.019685 -0.3261 -0.9048 0.2740 218 115 45
0.043307 0.090551 -0.011811 -0.3221 -0.8906 0.3210 217 114 45
0.043307 0.090551 -0.003937 -0.2719 -0.8717 0.4076 217 115 46
0.043307 0.090551 0.003937 -0.2761 -0.8404 0.4665 216 114 47
0.043307 0.098425 -0.098425 -0.4764 -0.7685 -0.4272 216 115 53
0.043307 0.098425 -0.090551 -0.4841 -0.7867 -0.3830 216 115 51
0.043307 0.098425 -0.082677 -0.4885 -0.8101 -0.3241 217 114 49
0.043307 0.098425 -0.074803 -0.5192 -0.8206 -0.2390 217 115 50
0.043307 0.098425 -0.066929 -0.4857 -0.8687 -0.0969 218 115 48
0.043307 0.098425 -0.059055 -0.4687 -0.8831 0.0209 218 115 47
0.043307 0.098425 -0.051181 -0.4646 -0.8852 0.0221 218 114 48
0.043307 0.098425 -0.043307 -0.4361 -0.8935 0.1067 218 114 48
0.043307 0.098425 -0.035433 -0.3756 -0.9122 0.1636 217 114 47
0.043307 0.098425 -0.027559 -0.3875 -0.8975 0.2104 217 115 47
0.043307 0.098425 -0.019685 -0.3795 -0.8912 0.2484 217 115 47
0.043307 0.098425 -0.011811 -0.3642 -0.8855 0.2884 217 115 47
0.043307 0.098425 -0.003937 -0.3646 -0.8664 0.3413 215 115 47
0.043307 0.098425 0.003937 -0.3581 -0.8603 0.3628 214 115 48
0.043307 0.106299 -0.074803 -0.4631 -0.8643 -0.1962 216 115 52
0.043307 0.106299 -0.066929 -0.4543 -0.8875 -0.0773 215 115 52
0.043307 0.106299 -0.059055 -0.4629 -0.8864 0.0016 216 115 51
0.043307 0.106299 -0.051181 -0.4118 -0.9016 0.1324 216 115 51
0.043307 0.106299 -0.043307 -0.3337 -0.9270 0.1713 216 115 50
0.043307 0.106299 -0.035433 -0.3780 -0.9101 0.1697 215 115 50
0.043307 0.106299 -0.027559 -0.3780 -0.8996 0.2189 215 115 50
0.043307 0.106299 -0.019685 -0.3874 -0.8887 0.2453 216 115 50
0.043307 0.106299 -0.011811 -0.4061 -0.8698 0.2803 216 114 50
0.043307 0.106299 -0.003937 -0.3855 -0.8645 0.3225 215 115 52
0.051181 -0.027559 -0.027559 0.2489 0.9525 -0.1754 216 116 54
0.051181 -0.027559 -0.019685 0.2931 0.9549 -0.0481 216 116 53
0.051181 -0.019685 -0.051181 0.3295 0.9130 -0.2407 218 114 48
0.051181 -0.019685 -0.043307 0.3308 0.9231 -0.1962 217 114 48
0.051181 -0.019685 -0.035433 0.3516 0.9182 -0.1824 216 114 49
0.051181 -0.019685 -0.027559 0.3033 0.9447 -0.1250 217 114 48
0.051181 -0.019685 -0.019685 0.3241 0.9445 -0.0537 219 112 48
0.051181 -0.019685 -0.011811 0.3565 0.9257 0.1268 219 113 49
0.051181 -0.019685 0.003937 0.2586 0.9073 0.3317 218 114 48
0.051181 -0.011811 -0.059055 0.3370 0.8989 -0.2800 219 113 48
0.051181 -0.011811 -0.051181 0.3482 0.8997 -0.2634 218 112 47
0.051181 -0.011811 -0.043307 0.3487 0.9075 -0.2344 219 112 46
0.051181 -0.011811 -0.035433 0.3456 0.9186 -0.1916 219 112 46
0.051181 -0.011811 -0.027559 0.3346 0.9374 -0.0961 218 113 45
0.051181 -0.011811 -0.019685 0.3400 0.9401 -0.0264 219 113 45
0.051181 -0.011811 -0.011811 0.3514 0.9149 0.1987 219 112 45
0.051181 -0.011811 -0.003937 0.3517 0.8884 0.2952 219 113 44
0.051181 -0.011811 0.003937 0.3489 0.8624 0.3668 219 113 45
0.051181 -0.011811 0.011811 0.3095 0.8262 0.4708 219 112 44
0.051181 -0.011811 0.019685 0.3057 0.7514 0.5848 219 113 45
0.051181 -0.003937 -0.066929 0.3462 0.8905 -0.2952 218 113 49
0.051181 -0.003937 -0.059055 0.3423 0.8922 -0.2946 218 112 47
0.051181 -0.003937 -0.051181 0.3603 0.8943 -0.2654 219 112 46
0.051181 -0.003937 -0.043307 0.3695 0.8964 -0.2446 219 112 44
0.051181 -0.003937 -0.035433 0.3862 0.8992 -0.2058 220 112 45
0.051181 -0.003937 -0.027559 0.3436 0.9378 -0.0491 220 112 43
0.051181 -0.003937 -0.019685 0.4268 0.8798 0.2093 220 112 43
0.051181 -0.003937 -0.011811 0.4249 0.8520 0.3060 220 113 43
0.051181 -0.003937 -0.003937 0.4095 0.8189 0.4022 220 113 43
0.051181 -0.003937 0.003937 0.3914 0.7819 0.4852 220 112 43
0.051181 -0.003937 0.011811 0.3327 0.7294 0.5977 219 113 43
0.051181 -0.003937 0.019685 0.3137 0.6546 0.6878 220 113 43
0.051181 -0.003937 0.027559 0.2452 0.6159 0.7487 220 113 43
0.051181 -0.003937 0.035433 0.2160 0.5092 0.8331 219 113 42
0.051181 -0.003937 0.043307 0.1631 0.4569 0.8745 218 114 44
0.051181 0.003937 -0.074803 0.3328 0.8699 -0.3639 218 114 49
0.051181 0.003937 -0.066929 0.3335 0.8693 -0.3649 218 113 47
0.051181 0.003937 -0.059055 0.3597 0.8704 -0.3362 218 111 44
0.051181 0.003937 -0.051181 0.3867 0.8757 -0.2893 219 111 44
0.051181 0.003937 -0.043307 0.3393 0.9062 -0.2523 221 112 44
0.051181 0.003937 -0.035433 0.2885 0.9244 -0.2496 221 112 43
0.051181 0.003937 -0.027559 0.4089 0.9126 -0.0054 220 112 43
0.051181 0.003937 -0.019685 0.4583 0.8227 0.3364 221 112 42
0.051181 0.003937 -0.011811 0.4817 0.7661 0.4256 221 112 42
0.051181 0.003937 -0.003937 0.4637 0.7298 0.5024 220 112 42
0.051181 0.003937 0.003937 0.4400 0.6618 0.6070 221 112 42
0.051181 0.003937 0.011811 0.3451 0.6194 0.7052 220 113 42
0.051181 0.003937 0.019685 0.2886 0.5350 0.7941 220 112 42
0.051181 0.003937 0.027559 0.2261 0.4606 0.8583 220 112 42
0.051181 0.003937 0.035433 0.1789 0.3816 0.9069 219 112 43
0.051181 0.003937 0.043307 0.1701 0.3922 0.9040 218 114 45
0.051181 0.011811 -0.082677 0.2209 0.7784 -0.5876 218 114 47
0.051181 0.011811 -0.074803 0.1826 0.7820 -0.5959 219 113 47
0.051181 0.011811 -0.066929 0.1878 0.8061 -0.5612 219 112 45
0.051181 0.011811 -0.059055 0.1645 0.8299 -0.5331 220 112 44
0.051181 0.011811 -0.051181 0.1398 0.8690 -0.4747 221 113 43
0.051181 0.011811 -0.043307 0.0886 0.8854 -0.4564 221 112 43
0.051181 0.011811 -0.035433 0.1397 0.9389 -0.3144 221 112 43
0.051181 0.011811 -0.027559 0.4034 0.9020 0.1535 221 112 42
0.051181 0.011811 -0.019685 0.5021 0.7257 0.4703 221 112 42
0.051181 0.011811 -0.011811 0.5034 0.6373 0.5835 221 112 42
0.051181 0.011811 -0.003937 0.4782 0.6343 0.6074 221 112 42
0.051181 0.011811 0.003937 0.4290 0.5266 0.7339 221 112 42
0.051181 0.011811 0.011811 0.3378 0.4673 0.8170 221 112 42
0.051181 0.011811 0.019685 0.2370 0.3825 0.8930 220 112 41
0.051181 0.011811 0.027559 0.1843 0.3213 0.9289 221 112 41
0.051181 0.011811 0.035433 0.1283 0.2387 0.9626 219 112 43
0.051181 0.019685 -0.090551 0.0356 0.6884 -0.7244 219 114 48
0.051181 0.019685 -0.082677 0.0291 0.7004 -0.7132 219 113 47
0.051181 0.019685 -0.074803 -0.0013 0.7310 -0.6824 220 112 45
0.051181 0.019685 -0.066929 -0.0330 0.7267 -0.6861 220 113 45
0.051181 0.019685 -0.059055 -0.0742 0.7694 -0.6344 221 112 44
0.051181 0.019685 -0.051181 -0.1194 0.7457 -0.6555 221 112 43
0.051181 0.019685 -0.043307 -0.0994 0.7935 -0.6003 221 112 43
0.051181 0.019685 -0.035433 -0.0638 0.8193 -0.5698 222 112 42
0.051181 0.019685 -0.027559 0.2775 0.8896 0.3629 222 112 42
0.051181 0.019685 -0.019685 0.4866 0.6210 0.6145 222 112 42
0.051181 0.019685 -0.011811 0.4689 0.4190 0.7776 221 112 42
0.051181 0.019685 -0.003937 0.4425 0.4060 0.7996 221 112 42
0.051181 0.019685 0.003937 0.3190 0.2793 0.9057 221 112 42
0.051181 0.019685 0.011811 0.2399 0.1827 0.9534 221 112 41
0.051181 0.019685 0.019685 0.1687 0.1202 0.9783 221 112 41
0.051181 0.019685 0.027559 0.1613 0.0706 0.9844 220 113 41
0.051181 0.019685 0.035433 0.1288 0.0587 0.9899 220 113 42
0.051181 0.027559 -0.090551 -0.0325 0.5581 -0.8292 219 114 47
0.051181 0.027559 -0.082677 -0.1282 0.5399 -0.8319 219 113 46
0.051181 0.027559 -0.074803 -0.1343 0.5922 -0.7945 220 112 45
0.051181 0.027559 -0.066929 -0.1604 0.5511 -0.8189 220 112 45
0.051181 0.027559 -0.059055 -0.1255 0.6018 -0.7888 221 113 44
0.051181 0.027559 -0.051181 -0.2031 0.5494 -0.8105 221 112 43
0.051181 0.027559 -0.043307 -0.2092 0.6442 -0.7357 221 112 43
0.051181 0.027559 -0.035433 -0.5101 0.5255 -0.6809 222 112 42
0.051181 0.027559 -0.027559 -0.4995 -0.5331 0.6828 222 112 42
0.051181 0.027559 -0.019685 -0.0426 -0.1157 0.9924 222 112 42
0.051181 0.027559 -0.011811 0.3543 0.1083 0.9289 221 112 42
0.051181 0.027559 -0.003937 0.3156 0.0544 0.9473 221 112 42
0.051181 0.027559 0.003937 0.2004 0.0169 0.9796 221 113 42
0.051181 0.027559 0.011811 0.1274 -0.0131 0.9918 221 113 41
0.051181 0.027559 0.019685 0.0943 -0.0666 0.9933 221 113 41
0.051181 0.027559 0.027559 0.0943 -0.1228 0.9879 220 113 42
0.051181 0.035433 -0.098425 -0.1682 0.3333 -0.9277 219 114 48
0.051181 0.035433 -0.090551 -0.1423 0.3530 -0.9247 219 113 47
0.051181 0.035433 -0.082677 -0.2676 0.2546 -0.9293 220 113 46
0.051181 0.035433 -0.074803 -0.2933 0.2520 -0.9222 220 113 45
0.051181 0.035433 -0.066929 -0.3598 0.1858 -0.9144 220 112 44
0.051181 0.035433 -0.059055 -0.3861 0.0839 -0.9186 221 113 43
0.051181 0.035433 -0.051181 -0.3919 0.0447 -0.9189 221 113 43
0.051181 0.035433 -0.043307 -0.4652 -0.0165 -0.8850 221 113 43
0.051181 0.035433 -0.035433 -0.2523 -0.9625 0.1000 221 113 42
0.051181 0.035433 -0.027559 -0.1934 -0.9262 0.3236 221 113 42
0.051181 0.035433 -0.019685 -0.2139 -0.8964 0.3882 221 113 42
0.051181 0.035433 -0.011811 -0.2126 -0.7233 0.6570 221 113 42
0.051181 0.035433 -0.003937 0.0478 -0.3963 0.9169 221 113 42
0.051181 0.035433 0.003937 0.0774 -0.1816 0.9803 221 113 41
0.051181 0.035433 0.011811 0.0372 -0.2317 0.9721 221 113 41
0.051181 0.035433 0.019685 0.0844 -0.2428 0.9664 221 113 42
0.051181 0.035433 0.027559 0.0358 -0.2423 0.9695 221 113 42
0.051181 0.043307 -0.098425 -0.3004 0.0393 -0.9530 219 114 48
0.051181 0.043307 -0.090551 -0.2977 0.0505 -0.9533 219 113 46
0.051181 0.043307 -0.082677 -0.3377 0.0066 -0.9412 220 113 46
0.051181 0.043307 -0.074803 -0.3706 -0.1127 -0.9219 220 113 45
0.051181 0.043307 -0.066929 -0.4620 -0.2307 -0.8564 221 113 44
0.051181 0.043307 -0.059055 -0.4483 -0.2157 -0.8675 221 113 44
0.051181 0.043307 -0.051181 -0.3775 -0.6106 -0.6962 221 113 43
0.051181 0.043307 -0.043307 -0.2115 -0.9764 0.0427 221 113 43
0.051181 0.043307 -0.035433 -0.1933 -0.9742 0.1162 221 113 42
0.051181 0.043307 -0.027559 -0.2145 -0.9371 0.2753 221 113 42
0.051181 0.043307 -0.019685 -0.2537 -0.9097 0.3288 221 113 42
0.051181 0.043307 -0.011811 -0.2401 -0.8204 0.5190 221 113 42
0.051181 0.043307 -0.003937 -0.0221 -0.5854 0.8104 221 113 42
0.051181 0.043307 0.003937 -0.1009 -0.4920 0.8647 221 113 42
0.051181 0.043307 0.011811 -0.0626 -0.4332 0.8991 221 113 41
0.051181 0.043307 0.019685 -0.0280 -0.3958 0.9179 221 114 42
0.051181 0.043307 0.027559 -0.0394 -0.3745 0.9264 219 114 44
0.051181 0.051181 -0.106299 -0.3264 -0.0922 -0.9407 219 114 49
0.051181 0.051181 -0.098425 -0.3332 -0.1358 -0.9330 219 114 47
0.051181 0.051181 -0.090551 -0.3863 -0.1626 -0.9079 219 113 46
0.051181 0.051181 -0.082677 -0.3760 -0.2169 -0.9009 219 113 45
0.051181 0.051181 -0.074803 -0.4117 -0.2518 -0.8759 220 113 45
0.051181 0.051181 -0.066929 -0.4906 -0.4083 -0.7698 220 113 44
0.051181 0.051181 -0.059055 -0.4750 -0.5386 -0.6959 220 113 43
0.051181 0.051181 -0.051181 -0.3026 -0.8005 -0.5174 221 113 43
0.051181 0.051181 -0.043307 -0.2711 -0.9625 0.0101 221 113 43
0.051181 0.051181 -0.035433 -0.2530 -0.9648 0.0718 221 113 43
0.051181 0.051181 -0.027559 -0.2471 -0.9416 0.2285 221 113 42
0.051181 0.051181 -0.019685 -0.2683 -0.9200 0.2855 221 113 42
0.051181 0.051181 -0.011811 -0.2628 -0.8537 0.4496 221 112 42
0.051181 0.051181 -0.003937 -0.2893 -0.7810 0.5534 221 113 42
0.051181 0.051181 0.003937 -0.1429 -0.6248 0.7676 221 113 42
0.051181 0.051181 0.011811 -0.1304 -0.5874 0.7987 221 114 41
0.051181 0.051181 0.019685 -0.1610 -0.5489 0.8202 220 115 43
0.051181 0.059055 -0.106299 -0.3848 -0.2184 -0.8968 218 114 48
0.051181 0.059055 -0.098425 -0.4075 -0.2733 -0.8713 219 113 47
0.051181 0.059055 -0.090551 -0.4190 -0.3403 -0.8418 219 113 46
0.051181 0.059055 -0.082677 -0.4317 -0.3805 -0.8179 220 113 46
0.051181 0.059055 -0.074803 -0.4372 -0.4455 -0.7812 220 113 45
0.051181 0.059055 -0.066929 -0.4827 -0.5909 -0.6464 220 113 44
0.051181 0.059055 -0.059055 -0.4074 -0.7270 -0.5527 220 113 43
0.051181 0.059055 -0.051181 -0.2845 -0.9562 -0.0692 220 113 43
0.051181 0.059055 -0.043307 -0.2980 -0.9545 0.0095 221 113 43
0.051181 0.059055 -0.035433 -0.2951 -0.9515 0.0865 221 113 43
0.051181 0.059055 -0.027559 -0.3225 -0.9338 0.1552 221 113 43
0.051181 0.059055 -0.019685 -0.3073 -0.9152 0.2606 221 113 42
0.051181 0.059055 -0.011811 -0.2839 -0.8700 0.4031 221 113 42
0.051181 0.059055 -0.003937 -0.2529 -0.8047 0.5371 221 113 42
0.051181 0.059055 0.003937 -0.1329 -0.7256 0.6751 221 114 43
0.051181 0.059055 0.011811 -0.1718 -0.6461 0.7437 221 114 42
0.051181 0.059055 0.019685 -0.1929 -0.6018 0.7750 217 117 46
0.051181 0.066929 -0.114173 -0.5733 -0.2319 -0.7858 218 115 50
0.051181 0.066929 -0.106299 -0.4352 -0.3211 -0.8411 218 114 48
0.051181 0.066929 -0.098425 -0.4825 -0.3533 -0.8014 218 113 47
0.051181 0.066929 -0.090551 -0.4762 -0.4245 -0.7701 219 113 46
0.051181 0.066929 -0.082677 -0.4357 -0.4647 -0.7709 219 113 46
0.051181 0.066929 -0.074803 -0.4349 -0.5325 -0.7261 220 113 45
0.051181 0.066929 -0.066929 -0.4252 -0.6614 -0.6178 220 113 44
0.051181 0.066929 -0.059055 -0.4096 -0.7286 -0.5490 220 113 43
0.051181 0.066929 -0.051181 -0.3369 -0.9405 -0.0446 220 113 43
0.051181 0.066929 -0.043307 -0.3158 -0.9485 0.0258 221 113 43
0.051181 0.066929 -0.035433 -0.3210 -0.9434 0.0829 220 113 43
0.051181 0.066929 -0.027559 -0.3284 -0.9360 0.1270 220 113 43
0.051181 0.066929 -0.019685 -0.2800 -0.9299 0.2385 220 113 43
0.051181 0.066929 -0.011811 -0.2065 -0.9018 0.3797 220 113 43
0.051181 0.066929 -0.003937 -0.2003 -0.8596 0.4700 220 114 43
0.051181 0.066929 0.003937 -0.1949 -0.7779 0.5974 220 114 43
0.051181 0.066929 0.011811 -0.2005 -0.7145 0.6703 219 115 43
0.051181 0.066929 0.019685 -0.2059 -0.6891 0.6948 215 120 47
0.051181 0.074803 -0.114173 -0.4652 -0.3852 -0.7970 217 114 49
0.051181 0.074803 -0.106299 -0.4506 -0.4377 -0.7781 218 114 48
0.051181 0.074803 -0.098425 -0.4664 -0.4527 -0.7600 218 113 46
0.051181 0.074803 -0.090551 -0.4724 -0.5028 -0.7239 219 113 46
0.051181 0.074803 -0.082677 -0.4706 -0.5436 -0.6950 220 113 45
0.051181 0.074803 -0.074803 -0.4507 -0.6002 -0.6608 220 113 45
0.051181 0.074803 -0.066929 -0.4539 -0.6528 -0.6065 220 113 44
0.051181 0.074803 -0.059055 -0.4120 -0.8646 -0.2876 220 113 43
0.051181 0.074803 -0.051181 -0.3524 -0.9323 -0.0814 220 113 43
0.051181 0.074803 -0.043307 -0.3178 -0.9480 -0.0145 220 113 43
0.051181 0.074803 -0.035433 -0.3159 -0.9477 0.0454 220 113 43
0.051181 0.074803 -0.027559 -0.3064 -0.9451 0.1136 220 113 43
0.051181 0.074803 -0.019685 -0.2296 -0.9326 0.2785 220 113 43
0.051181 0.074803 -0.011811 -0.2070 -0.9155 0.3450 219 114 43
0.051181 0.074803 -0.003937 -0.2193 -0.8844 0.4120 219 114 43
0.051181 0.074803 0.003937 -0.2177 -0.8205 0.5286 219 114 44
0.051181 0.074803 0.011811 -0.2112 -0.7676 0.6051 218 114 44
0.051181 0.082677 -0.114173 -0.4729 -0.6729 -0.5689 216 114 51
0.051181 0.082677 -0.106299 -0.4873 -0.6481 -0.5853 217 114 48
0.051181 0.082677 -0.098425 -0.4967 -0.6000 -0.6271 218 114 48
0.051181 0.082677 -0.090551 -0.4669 -0.7104 -0.5266 219 113 47
0.051181 0.082677 -0.082677 -0.4700 -0.6815 -0.5609 219 113 45
0.051181 0.082677 -0.074803 -0.4447 -0.7274 -0.5226 219 114 45
0.051181 0.082677 -0.066929 -0.4680 -0.7157 -0.5184 219 114 45
0.051181 0.082677 -0.059055 -0.4246 -0.8978 -0.1173 219 113 45
0.051181 0.082677 -0.051181 -0.3984 -0.9172 -0.0113 219 113 44
0.051181 0.082677 -0.043307 -0.3523 -0.9357 0.0193 219 114 44
0.051181 0.082677 -0.035433 -0.3117 -0.9431 0.1158 219 113 44
0.051181 0.082677 -0.027559 -0.2464 -0.9456 0.2124 219 113 43
0.051181 0.082677 -0.019685 -0.2029 -0.9209 0.3328 219 114 43
0.051181 0.082677 -0.011811 -0.2215 -0.8957 0.3855 219 114 43
0.051181 0.082677 -0.003937 -0.2057 -0.8574 0.4717 218 114 44
0.051181 0.082677 0.003937 -0.1940 -0.8303 0.5225 218 114 45
0.051181 0.082677 0.011811 -0.2101 -0.8004 0.5615 216 115 46
0.051181 0.090551 -0.114173 -0.4888 -0.7237 -0.4872 215 114 52
0.051181 0.090551 -0.106299 -0.5016 -0.7396 -0.4489 217 114 49
0.051181 0.090551 -0.098425 -0.4896 -0.7722 -0.4050 218 114 48
0.051181 0.090551 -0.090551 -0.4781 -0.7880 -0.3880 218 114 47
0.051181 0.090551 -0.082677 -0.4885 -0.7943 -0.3612 219 114 47
0.051181 0.090551 -0.074803 -0.4601 -0.8380 -0.2933 219 114 46
0.051181 0.090551 -0.066929 -0.4318 -0.8983 -0.0811 219 114 46
0.051181 0.090551 -0.059055 -0.4017 -0.9150 0.0384 219 114 46
0.051181 0.090551 -0.051181 -0.3891 -0.9148 0.1083 219 114 45
0.051181 0.090551 -0.043307 -0.3821 -0.9159 0.1234 219 114 45
0.051181 0.090551 -0.035433 -0.3119 -0.9235 0.2233 219 114 44
0.051181 0.090551 -0.027559 -0.2453 -0.9259 0.2872 218 114 45
0.051181 0.090551 -0.019685 -0.2605 -0.9090 0.3253 218 114 44
0.051181 0.090551 -0.011811 -0.2233 -0.8869 0.4045 218 114 45
0.051181 0.090551 -0.003937 -0.2137 -0.8685 0.4473 217 114 45
0.051181 0.090551 0.003937 -0.2318 -0.8297 0.5078 215 114 47
0.051181 0.098425 -0.114173 -0.4448 -0.7275 -0.5225 215 115 53
0.051181 0.098425 -0.106299 -0.4662 -0.7649 -0.4445 215 114 52
0.051181 0.098425 -0.098425 -0.4841 -0.7751 -0.4061 216 115 50
0.051181 0.098425 -0.090551 -0.4535 -0.8157 -0.3591 217 115 49
0.051181 0.098425 -0.082677 -0.4397 -0.8480 -0.2960 217 116 49
0.051181 0.098425 -0.074803 -0.4353 -0.8696 -0.2329 218 114 47
0.051181 0.098425 -0.066929 -0.4278 -0.9015 -0.0648 218 114 47
0.051181 0.098425 -0.059055 -0.3915 -0.9196 0.0342 218 114 47
0.051181 0.098425 -0.051181 -0.3716 -0.9235 0.0947 218 114 47
0.051181 0.098425 -0.043307 -0.3122 -0.9403 0.1357 218 114 46
0.051181 0.098425 -0.035433 -0.3176 -0.9319 0.1752 217 115 46
0.051181 0.098425 -0.027559 -0.3084 -0.9284 0.2075 217 114 46
0.051181 0.098425 -0.019685 -0.3133 -0.9067 0.2822 217 115 46
0.051181 0.098425 -0.011811 -0.2679 -0.8927 0.3624 217 115 47
0.051181 0.098425 -0.003937 -0.2887 -0.8732 0.3927 216 114 47
0.051181 0.098425 0.003937 -0.2703 -0.8569 0.4389 214 115 49
0.051181 0.106299 -0.106299 -0.4144 -0.8100 -0.4149 215 116 55
0.051181 0.106299 -0.098425 -0.4582 -0.7984 -0.3907 216 115 53
0.051181 0.106299 -0.090551 -0.4914 -0.8106 -0.3186 215 116 53
0.051181 0.106299 -0.082677 -0.4463 -0.8515 -0.2753 216 115 51
0.051181 0.106299 -0.074803 -0.4199 -0.8859 -0.1971 216 116 50
0.051181 0.106299 -0.066929 -0.4009 -0.9152 -0.0419 217 115 49
0.051181 0.106299 -0.059055 -0.3793 -0.9253 -0.0002 217 115 49
0.051181 0.106299 -0.051181 -0.3328 -0.9369 0.1073 217 115 49
0.051181 0.106299 -0.043307 -0.2951 -0.9421 0.1593 217 114 47
0.051181 0.106299 -0.035433 -0.3234 -0.9324 0.1613 216 115 48
0.051181 0.106299 -0.027559 -0.3195 -0.9274 0.1947 216 115 47
0.051181 0.106299 -0.019685 -0.3349 -0.9025 0.2707 215 115 48
0.051181 0.106299 -0.011811 -0.3452 -0.8905 0.2964 214 115 49
0.051181 0.106299 -0.003937 -0.3458 -0.8788 0.3288 213 114 50
0.051181 0.114173 -0.066929 -0.4402 -0.8907 -0.1134 217 116 52
0.051181 0.114173 -0.043307 -0.3412 -0.9332 0.1132 215 116 52
0.051181 0.114173 -0.035433 -0.3463 -0.9232 0.1666 215 115 51
0.051181 0.114173 -0.027559 -0.3372 -0.9214 0.1932 216 116 52
0.051181 0.114173 -0.019685 -0.3430 -0.9057 0.2492 215 115 52
0.051181 0.114173 -0.011811 -0.3555 -0.8775 0.3218 216 114 52
0.051181 0.114173 -0.003937 -0.3547 -0.8679 0.3477 217 114 52
0.059055 -0.019685 -0.051181 0.3506 0.8886 -0.2959 217 114 50
0.059055 -0.019685 -0.043307 0.3370 0.9211 -0.1950 217 113 49
0.059055 -0.019685 -0.035433 0.3177 0.9353 -0.1558 217 115 47
0.059055 -0.019685 -0.027559 0.2885 0.9540 -0.0811 215 115 49
0.059055 -0.011811 -0.059055 0.3144 0.9167 -0.2465 217 113 48
0.059055 -0.011811 -0.051181 0.3224 0.9184 -0.2294 217 112 48
0.059055 -0.011811 -0.043307 0.3377 0.9183 -0.2064 217 112 47
0.059055 -0.011811 -0.035433 0.3490 0.9214 -0.1711 218 112 46
0.059055 -0.011811 -0.027559 0.3277 0.9411 -0.0828 218 113 46
0.059055 -0.011811 -0.019685 0.3507 0.9351 0.0507 218 113 46
0.059055 -0.011811 -0.011811 0.3333 0.9183 0.2137 218 113 45
0.059055 -0.011811 -0.003937 0.3314 0.8936 0.3028 218 113 45
0.059055 -0.011811 0.003937 0.3056 0.8584 0.4120 218 113 47
0.059055 -0.003937 -0.066929 0.3324 0.8975 -0.2899 218 112 48
0.059055 -0.003937 -0.059055 0.3481 0.8974 -0.2713 218 112 46
0.059055 -0.003937 -0.051181 0.3650 0.8944 -0.2585 219 111 45
0.059055 -0.003937 -0.043307 0.3757 0.8998 -0.2218 219 111 44
0.059055 -0.003937 -0.035433 0.3689 0.9130 -0.1744 220 112 44
0.059055 -0.003937 -0.027559 0.3615 0.9323 -0.0087 220 112 43
0.059055 -0.003937 -0.019685 0.3855 0.8936 0.2298 219 112 43
0.059055 -0.003937 -0.011811 0.3784 0.8722 0.3101 220 112 43
0.059055 -0.003937 -0.003937 0.3804 0.8392 0.3885 220 112 44
0.059055 -0.003937 0.003937 0.3800 0.7980 0.4679 220 113 44
0.059055 -0.003937 0.011811 0.3331 0.7433 0.5802 219 113 44
0.059055 -0.003937 0.019685 0.2915 0.7068 0.6446 219 113 44
0.059055 -0.003937 0.027559 0.1837 0.6152 0.7667 220 113 44
0.059055 -0.003937 0.035433 0.1692 0.5075 0.8449 219 114 44
0.059055 0.003937 -0.074803 0.3231 0.8828 -0.3410 219 113 48
0.059055 0.003937 -0.066929 0.3503 0.8728 -0.3399 218 111 45
0.059055 0.003937 -0.059055 0.3535 0.8846 -0.3043 219 111 45
0.059055 0.003937 -0.051181 0.3391 0.9044 -0.2591 220 112 45
0.059055 0.003937 -0.043307 0.2893 0.9301 -0.2265 220 112 44
0.059055 0.003937 -0.035433 0.3000 0.9420 -0.1507 220 111 43
0.059055 0.003937 -0.027559 0.4339 0.8986 0.0651 220 112 43
0.059055 0.003937 -0.019685 0.4513 0.8282 0.3323 220 112 42
0.059055 0.003937 -0.011811 0.4341 0.8042 0.4060 220 112 42
0.059055 0.003937 -0.003937 0.4265 0.7713 0.4724 221 112 42
0.059055 0.003937 0.003937 0.4113 0.6989 0.5851 220 112 42
0.059055 0.003937 0.011811 0.3651 0.6545 0.6620 220 112 42
0.059055 0.003937 0.019685 0.2857 0.5951 0.7511 219 113 43
0.059055 0.003937 0.027559 0.2192 0.5250 0.8224 220 113 42
0.059055 0.003937 0.035433 0.1799 0.4594 0.8698 220 112 43
0.059055 0.011811 -0.082677 0.2410 0.8274 -0.5072 218 114 47
0.059055 0.011811 -0.074803 0.2520 0.8578 -0.4480 218 111 45
0.059055 0.011811 -0.066929 0.2466 0.8806 -0.4047 220 113 45
0.059055 0.011811 -0.059055 0.2569 0.9164 -0.3070 220 112 43
0.059055 0.011811 -0.051181 0.2894 0.9287 -0.2321 221 112 43
0.059055 0.011811 -0.043307 0.2982 0.9299 -0.2153 221 111 43
0.059055 0.011811 -0.035433 0.3485 0.9270 -0.1384 221 112 42
0.059055 0.011811 -0.027559 0.4758 0.8687 0.1379 221 112 42
0.059055 0.011811 -0.019685 0.5212 0.7334 0.4365 221 111 41
0.059055 0.011811 -0.011811 0.5073 0.6920 0.5137 221 112 41
0.059055 0.011811 -0.003937 0.4697 0.6790 0.5642 221 112 42
0.059055 0.011811 0.003937 0.4095 0.6083 0.6799 221 112 42
0.059055 0.011811 0.011811 0.3419 0.5578 0.7563 221 112 42
0.059055 0.011811 0.019685 0.2510 0.5052 0.8257 220 112 41
0.059055 0.011811 0.027559 0.2023 0.3925 0.8972 220 112 41
0.059055 0.011811 0.035433 0.1565 0.3349 0.9292 219 112 43
0.059055 0.019685 -0.090551 0.1265 0.7305 -0.6711 219 114 48
0.059055 0.019685 -0.082677 0.1235 0.7756 -0.6191 220 113 47
0.059055 0.019685 -0.074803 0.0863 0.7926 -0.6036 221 112 45
0.059055 0.019685 -0.066929 0.0833 0.8152 -0.5731 221 112 44
0.059055 0.019685 -0.059055 0.0401 0.8105 -0.5844 221 112 43
0.059055 0.019685 -0.051181 0.0675 0.8789 -0.4723 221 112 43
0.059055 0.019685 -0.043307 0.1998 0.8998 -0.3878 222 112 42
0.059055 0.019685 -0.035433 0.3968 0.9100 -0.1202 222 112 42
0.059055 0.019685 -0.027559 0.5920 0.7342 0.3323 222 111 42
0.059055 0.019685 -0.019685 0.5630 0.6304 0.5345 221 111 42
0.059055 0.019685 -0.011811 0.5134 0.5634 0.6473 221 111 42
0.059055 0.019685 -0.003937 0.4777 0.5531 0.6826 221 112 42
0.059055 0.019685 0.003937 0.3781 0.4463 0.8110 221 112 41
0.059055 0.019685 0.011811 0.3203 0.3882 0.8641 221 112 41
0.059055 0.019685 0.019685 0.2254 0.3149 0.9220 221 112 41
0.059055 0.019685 0.027559 0.1774 0.2301 0.9569 221 112 41
0.059055 0.019685 0.035433 0.1729 0.2202 0.9600 220 113 43
0.059055 0.027559 -0.090551 0.0443 0.6200 -0.7833 219 113 47
0.059055 0.027559 -0.082677 -0.0319 0.6309 -0.7752 220 113 46
0.059055 0.027559 -0.074803 -0.0404 0.6849 -0.7276 221 112 45
0.059055 0.027559 -0.066929 -0.0371 0.7040 -0.7093 221 112 45
0.059055 0.027559 -0.059055 -0.0341 0.7266 -0.6862 221 112 44
0.059055 0.027559 -0.051181 -0.0783 0.7222 -0.6872 221 112 43
0.059055 0.027559 -0.043307 -0.0913 0.7694 -0.6322 221 112 42
0.059055 0.027559 -0.035433 0.5020 0.7704 0.3930 222 112 42
0.059055 0.027559 -0.027559 0.4875 0.5377 0.6879 221 112 42
0.059055 0.027559 -0.019685 0.4453 0.3668 0.8168 221 112 42
0.059055 0.027559 -0.011811 0.4148 0.2466 0.8759 221 112 42
0.059055 0.027559 -0.003937 0.3564 0.1691 0.9189 221 112 42
0.059055 0.027559 0.003937 0.2695 0.1354 0.9534 221 112 42
0.059055 0.027559 0.011811 0.2084 0.0885 0.9740 221 112 41
0.059055 0.027559 0.019685 0.1473 0.0345 0.9885 221 112 41
0.059055 0.027559 0.027559 0.1424 -0.0023 0.9898 220 112 41
0.059055 0.035433 -0.098425 -0.0247 0.4371 -0.8991 219 114 48
0.059055 0.035433 -0.090551 -0.0551 0.4752 -0.8782 220 113 46
0.059055 0.035433 -0.082677 -0.0430 0.5367 -0.8427 220 113 45
0.059055 0.035433 -0.074803 -0.1190 0.5049 -0.8549 220 113 45
0.059055 0.035433 -0.066929 -0.1574 0.4805 -0.8627 221 112 44
0.059055 0.035433 -0.059055 -0.2867 0.3666 -0.8851 220 112 43
0.059055 0.035433 -0.051181 -0.2856 0.4470 -0.8477 221 112 43
0.059055 0.035433 -0.043307 -0.3589 0.1480 -0.9216 221 112 43
0.059055 0.035433 -0.035433 0.0122 -0.4891 0.8721 221 112 42
0.059055 0.035433 -0.027559 0.2866 -0.1667 0.9434 221 112 42
0.059055 0.035433 -0.019685 0.2725 -0.1959 0.9420 221 112 41
0.059055 0.035433 -0.011811 0.1769 -0.2984 0.9379 221 112 41
0.059055 0.035433 -0.003937 0.2610 -0.0583 0.9636 221 112 42
0.059055 0.035433 0.003937 0.1783 -0.0669 0.9817 221 113 41
0.059055 0.035433 0.011811 0.1142 -0.1327 0.9846 221 113 41
0.059055 0.035433 0.019685 0.1286 -0.1880 0.9737 220 113 41
0.059055 0.035433 0.027559 0.0850 -0.1847 0.9791 220 114 42
0.059055 0.043307 -0.106299 -0.0762 0.2041 -0.9760 219 115 50
0.059055 0.043307 -0.098425 -0.1837 0.1110 -0.9767 219 114 48
0.059055 0.043307 -0.090551 -0.2139 0.1568 -0.9642 219 113 46
0.059055 0.043307 -0.082677 -0.1922 0.1681 -0.9669 220 113 45
0.059055 0.043307 -0.074803 -0.2864 0.0239 -0.9578 220 113 45
0.059055 0.043307 -0.066929 -0.3547 -0.1277 -0.9262 220 113 44
0.059055 0.043307 -0.059055 -0.3701 -0.4840 -0.7930 221 113 43
0.059055 0.043307 -0.051181 -0.1905 -0.7415 -0.6434 221 113 43
0.059055 0.043307 -0.043307 -0.1084 -0.9879 0.1106 221 113 43
0.059055 0.043307 -0.035433 -0.1304 -0.9588 0.2523 221 113 42
0.059055 0.043307 -0.027559 -0.1662 -0.8779 0.4490 221 113 42
0.059055 0.043307 -0.019685 -0.1461 -0.7534 0.6411 221 113 42
0.059055 0.043307 -0.011811 -0.0225 -0.5231 0.8520 221 113 41
0.059055 0.043307 -0.003937 0.1083 -0.2751 0.9553 221 113 41
0.059055 0.043307 0.003937 0.0872 -0.2597 0.9618 221 113 41
0.059055 0.043307 0.011811 0.0599 -0.3024 0.9513 221 114 42
0.059055 0.043307 0.019685 0.0541 -0.3167 0.9470 219 115 43
0.059055 0.043307 0.027559 0.0228 -0.2746 0.9613 212 123 51
0.059055 0.051181 -0.106299 -0.2633 -0.0868 -0.9608 219 115 49
0.059055 0.051181 -0.098425 -0.2631 -0.0864 -0.9609 219 114 47
0.059055 0.051181 -0.090551 -0.3255 -0.1529 -0.9331 219 113 46
0.059055 0.051181 -0.082677 -0.2832 -0.1725 -0.9434 219 113 45
0.059055 0.051181 -0.074803 -0.3084 -0.2609 -0.9148 220 113 45
0.059055 0.051181 -0.066929 -0.2878 -0.6326 -0.7190 220 113 44
0.059055 0.051181 -0.059055 -0.2699 -0.7359 -0.6209 221 113 43
0.059055 0.051181 -0.051181 -0.1590 -0.9417 -0.2966 221 113 43
0.059055 0.051181 -0.043307 -0.1978 -0.9789 0.0507 221 113 43
0.059055 0.051181 -0.035433 -0.1847 -0.9591 0.2145 221 113 42
0.059055 0.051181 -0.027559 -0.2124 -0.9047 0.3694 221 113 42
0.059055 0.051181 -0.019685 -0.1956 -0.8477 0.4931 221 113 42
0.059055 0.051181 -0.011811 -0.1877 -0.7464 0.6385 221 113 42
0.059055 0.051181 -0.003937 -0.2248 -0.6447 0.7307 221 113 41
0.059055 0.051181 0.003937 -0.0475 -0.4977 0.8661 221 114 41
0.059055 0.051181 0.011811 -0.0684 -0.4772 0.8761 219 116 42
0.059055 0.051181 0.019685 -0.0899 -0.4374 0.8947 209 126 52
0.059055 0.059055 -0.114173 -0.3851 -0.1688 -0.9073 218 115 50
0.059055 0.059055 -0.106299 -0.3489 -0.2252 -0.9097 218 114 48
0.059055 0.059055 -0.098425 -0.3451 -0.2551 -0.9033 219 113 47
0.059055 0.059055 -0.090551 -0.3826 -0.2973 -0.8748 220 113 46
0.059055 0.059055 -0.082677 -0.3665 -0.3543 -0.8603 220 113 46
0.059055 0.059055 -0.074803 -0.3394 -0.5653 -0.7518 220 113 45
0.059055 0.059055 -0.066929 -0.2588 -0.7245 -0.6388 220 113 44
0.059055 0.059055 -0.059055 -0.2995 -0.8021 -0.5167 220 113 43
0.059055 0.059055 -0.051181 -0.2082 -0.9778 -0.0236 221 113 43
0.059055 0.059055 -0.043307 -0.2463 -0.9661 0.0777 220 113 43
0.059055 0.059055 -0.035433 -0.2277 -0.9575 0.1768 221 113 43
0.059055 0.059055 -0.027559 -0.2476 -0.9310 0.2681 221 113 43
0.059055 0.059055 -0.019685 -0.2171 -0.8672 0.4482 221 113 43
0.059055 0.059055 -0.011811 -0.2302 -0.8220 0.5209 221 113 42
0.059055 0.059055 -0.003937 -0.1698 -0.7402 0.6506 221 113 42
0.059055 0.059055 0.003937 -0.1095 -0.6685 0.7356 219 115 43
0.059055 0.059055 0.011811 -0.1554 -0.6072 0.7792 214 123 53
0.059055 0.059055 0.019685 -0.1560 -0.5803 0.7993 210 127 53
0.059055 0.066929 -0.114173 -0.3873 -0.3081 -0.8689 218 114 49
0.059055 0.066929 -0.106299 -0.3824 -0.3534 -0.8537 218 113 48
0.059055 0.066929 -0.098425 -0.4008 -0.3819 -0.8327 219 113 46
0.059055 0.066929 -0.090551 -0.4223 -0.4428 -0.7910 219 113 46
0.059055 0.066929 -0.082677 -0.3788 -0.5234 -0.7632 220 113 45
0.059055 0.066929 -0.074803 -0.3338 -0.6571 -0.6758 220 113 45
0.059055 0.066929 -0.066929 -0.3285 -0.7547 -0.5679 220 113 44
0.059055 0.066929 -0.059055 -0.3155 -0.8385 -0.4444 220 113 43
0.059055 0.066929 -0.051181 -0.2675 -0.9635 -0.0084 221 113 43
0.059055 0.066929 -0.043307 -0.2753 -0.9600 0.0505 220 113 43
0.059055 0.066929 -0.035433 -0.2517 -0.9571 0.1437 220 113 43
0.059055 0.066929 -0.027559 -0.2890 -0.9430 0.1651 221 113 43
0.059055 0.066929 -0.019685 -0.2262 -0.9167 0.3293 221 113 43
0.059055 0.066929 -0.011811 -0.1890 -0.8725 0.4506 221 113 43
0.059055 0.066929 -0.003937 -0.1524 -0.7989 0.5819 220 114 43
0.059055 0.066929 0.003937 -0.1514 -0.7099 0.6878 216 119 47
0.059055 0.066929 0.011811 -0.1743 -0.6466 0.7426 209 126 56
0.059055 0.074803 -0.114173 -0.4242 -0.4083 -0.8083 217 114 49
0.059055 0.074803 -0.106299 -0.4282 -0.4529 -0.7820 218 113 47
0.059055 0.074803 -0.098425 -0.4123 -0.4983 -0.7627 219 113 46
0.059055 0.074803 -0.090551 -0.4205 -0.5433 -0.7267 219 113 46
0.059055 0.074803 -0.082677 -0.3894 -0.6057 -0.6939 219 113 45
0.059055 0.074803 -0.074803 -0.3524 -0.6786 -0.6445 220 113 44
0.059055 0.074803 -0.066929 -0.3249 -0.7929 -0.5155 220 113 44
0.059055 0.074803 -0.059055 -0.2872 -0.9440 -0.1624 220 113 43
0.059055 0.074803 -0.051181 -0.2837 -0.9583 -0.0345 220 113 43
0.059055 0.074803 -0.043307 -0.2890 -0.9566 0.0364 220 113 43
0.059055 0.074803 -0.035433 -0.2675 -0.9587 0.0962 220 113 43
0.059055 0.074803 -0.027559 -0.2828 -0.9424 0.1787 220 113 43
0.059055 0.074803 -0.019685 -0.1956 -0.9227 0.3323 220 113 43
0.059055 0.074803 -0.011811 -0.2064 -0.8808 0.4262 220 114 44
0.059055 0.074803 -0.003937 -0.1992 -0.8396 0.5054 219 114 44
0.059055 0.074803 0.003937 -0.1844 -0.7674 0.6141 217 117 44
0.059055 0.074803 0.011811 -0.1843 -0.7170 0.6723 213 121 49
0.059055 0.082677 -0.114173 -0.4548 -0.5594 -0.6930 217 114 49
0.059055 0.082677 -0.106299 -0.4451 -0.5894 -0.6742 217 114 48
0.059055 0.082677 -0.098425 -0.4486 -0.6130 -0.6503 218 114 46
0.059055 0.082677 -0.090551 -0.4582 -0.6234 -0.6336 219 114 45
0.059055 0.082677 -0.082677 -0.4071 -0.6363 -0.6553 219 114 45
0.059055 0.082677 -0.074803 -0.3700 -0.7215 -0.5853 220 113 45
0.059055 0.082677 -0.066929 -0.3415 -0.8072 -0.4815 220 113 44
0.059055 0.082677 -0.059055 -0.3391 -0.9215 -0.1891 219 114 44
0.059055 0.082677 -0.051181 -0.3178 -0.9463 -0.0599 220 113 44
0.059055 0.082677 -0.043307 -0.3004 -0.9538 -0.0015 219 113 44
0.059055 0.082677 -0.035433 -0.2665 -0.9571 0.1135 220 113 43
0.059055 0.082677 -0.027559 -0.1885 -0.9542 0.2321 219 114 43
0.059055 0.082677 -0.019685 -0.1798 -0.9442 0.2760 219 114 43
0.059055 0.082677 -0.011811 -0.2110 -0.9036 0.3729 219 114 43
0.059055 0.082677 -0.003937 -0.1722 -0.8820 0.4387 218 114 44
0.059055 0.082677 0.003937 -0.1794 -0.8052 0.5652 217 114 45
0.059055 0.082677 0.011811 -0.2163 -0.7979 0.5626 216 116 47
0.059055 0.090551 -0.114173 -0.4488 -0.7426 -0.4971 217 114 49
0.059055 0.090551 -0.106299 -0.4687 -0.7486 -0.4690 218 114 49
0.059055 0.090551 -0.098425 -0.4433 -0.8030 -0.3984 219 114 47
0.059055 0.090551 -0.090551 -0.4197 -0.8072 -0.4150 219 114 47
0.059055 0.090551 -0.082677 -0.4231 -0.8071 -0.4119 219 114 47
0.059055 0.090551 -0.074803 -0.4361 -0.8603 -0.2639 220 113 47
0.059055 0.090551 -0.066929 -0.3515 -0.9307 -0.1012 219 114 45
0.059055 0.090551 -0.059055 -0.3190 -0.9475 0.0203 219 114 44
0.059055 0.090551 -0.051181 -0.2964 -0.9537 0.0515 219 114 44
0.059055 0.090551 -0.043307 -0.2745 -0.9468 0.1681 219 114 45
0.059055 0.090551 -0.035433 -0.2265 -0.9472 0.2269 219 113 44
0.059055 0.090551 -0.027559 -0.1759 -0.9376 0.3000 219 114 44
0.059055 0.090551 -0.019685 -0.1758 -0.9270 0.3315 218 114 44
0.059055 0.090551 -0.011811 -0.1825 -0.8849 0.4285 218 114 45
0.059055 0.090551 -0.003937 -0.1922 -0.8705 0.4530 217 114 45
0.059055 0.090551 0.003937 -0.2080 -0.7902 0.5764 215 115 47
0.059055 0.098425 -0.114173 -0.4217 -0.7743 -0.4719 215 116 51
0.059055 0.098425 -0.106299 -0.4353 -0.7759 -0.4565 216 114 49
0.059055 0.098425 -0.098425 -0.4312 -0.8078 -0.4019 217 115 49
0.059055 0.098425 -0.090551 -0.4305 -0.8344 -0.3442 218 115 49
0.059055 0.098425 -0.082677 -0.4155 -0.8633 -0.2866 218 114 46
0.059055 0.098425 -0.074803 -0.3887 -0.8931 -0.2267 218 114 48
0.059055 0.098425 -0.066929 -0.3414 -0.9372 -0.0721 218 114 46
0.059055 0.098425 -0.059055 -0.3352 -0.9401 0.0621 218 114 46
0.059055 0.098425 -0.051181 -0.3136 -0.9377 0.1499 218 114 46
0.059055 0.098425 -0.043307 -0.2327 -0.9510 0.2034 218 114 46
0.059055 0.098425 -0.035433 -0.2171 -0.9499 0.2249 218 114 45
0.059055 0.098425 -0.027559 -0.2157 -0.9358 0.2787 217 114 46
0.059055 0.098425 -0.019685 -0.1996 -0.9112 0.3604 217 115 46
0.059055 0.098425 -0.011811 -0.2093 -0.8823 0.4216 216 114 46
0.059055 0.098425 -0.003937 -0.2014 -0.8617 0.4657 216 115 46
0.059055 0.098425 0.003937 -0.1993 -0.8489 0.4896 214 116 48
0.059055 0.106299 -0.106299 -0.4504 -0.7969 -0.4026 216 115 53
0.059055 0.106299 -0.098425 -0.4395 -0.8196 -0.3675 216 116 52
0.059055 0.106299 -0.090551 -0.4276 -0.8414 -0.3303 217 115 51
0.059055 0.106299 -0.082677 -0.4188 -0.8679 -0.2672 217 115 49
0.059055 0.106299 -0.074803 -0.3920 -0.9096 -0.1379 217 115 48
0.059055 0.106299 -0.066929 -0.3511 -0.9345 -0.0582 217 115 48
0.059055 0.106299 -0.059055 -0.3400 -0.9404 -0.0116 217 115 47
0.059055 0.106299 -0.051181 -0.2767 -0.9528 0.1251 217 115 47
0.059055 0.106299 -0.043307 -0.2564 -0.9538 0.1566 217 114 47
0.059055 0.106299 -0.035433 -0.2689 -0.9454 0.1841 216 115 47
0.059055 0.106299 -0.027559 -0.2609 -0.9376 0.2298 216 115 47
0.059055 0.106299 -0.019685 -0.2715 -0.9223 0.2751 215 115 47
0.059055 0.106299 -0.011811 -0.2903 -0.8913 0.3484 215 115 48
0.059055 0.106299 -0.003937 -0.2468 -0.8825 0.4005 213 114 49
0.059055 0.114173 -0.098425 -0.4209 -0.8074 -0.4135 219 115 55
0.059055 0.114173 -0.090551 -0.4106 -0.8687 -0.2772 215 116 55
0.059055 0.114173 -0.082677 -0.4171 -0.8828 -0.2159 216 116 54
0.059055 0.114173 -0.074803 -0.3949 -0.9022 -0.1733 215 116 53
0.059055 0.114173 -0.066929 -0.3614 -0.9270 -0.0998 216 115 51
0.059055 0.114173 -0.059055 -0.3256 -0.9442 -0.0489 216 116 50
0.059055 0.114173 -0.051181 -0.3187 -0.9448 0.0757 216 115 49
0.059055 0.114173 -0.043307 -0.3147 -0.9438 0.1014 215 115 50
0.059055 0.114173 -0.035433 -0.2917 -0.9431 0.1596 215 115 50
0.059055 0.114173 -0.027559 -0.3005 -0.9329 0.1983 214 115 50
0.059055 0.114173 -0.019685 -0.3077 -0.9146 0.2623 214 115 50
0.059055 0.114173 -0.011811 -0.3103 -0.8946 0.3216 213 114 50
0.059055 0.114173 -0.003937 -0.3283 -0.8909 0.3138 214 114 51
0.066929 -0.011811 -0.059055 0.3280 0.9173 -0.2257 216 113 50
0.066929 -0.011811 -0.051181 0.3204 0.9308 -0.1760 217 112 48
0.066929 -0.011811 -0.043307 0.3252 0.9338 -0.1491 218 112 49
0.066929 -0.011811 -0.035433 0.3332 0.9319 -0.1435 219 112 47
0.066929 -0.011811 -0.027559 0.3288 0.9440 -0.0275 218 113 47
0.066929 -0.011811 -0.019685 0.3211 0.9385 0.1271 218 115 47
0.066929 -0.011811 -0.011811 0.3176 0.9152 0.2481 217 115 49
0.066929 -0.003937 -0.066929 0.3427 0.8959 -0.2827 218 112 47
0.066929 -0.003937 -0.059055 0.3454 0.9045 -0.2503 219 112 46
0.066929 -0.003937 -0.051181 0.3540 0.9094 -0.2183 219 112 45
0.066929 -0.003937 -0.043307 0.3698 0.9105 -0.1849 219 112 45
0.066929 -0.003937 -0.035433 0.3647 0.9199 -0.1441 220 112 45
0.066929 -0.003937 -0.027559 0.3507 0.9363 0.0197 220 112 44
0.066929 -0.003937 -0.019685 0.3854 0.9004 0.2019 219 111 43
0.066929 -0.003937 -0.011811 0.3700 0.8760 0.3095 220 112 45
0.066929 -0.003937 -0.003937 0.3879 0.8434 0.3718 219 113 45
0.066929 -0.003937 0.003937 0.3309 0.8106 0.4832 219 113 46
0.066929 0.003937 -0.074803 0.3340 0.8819 -0.3325 218 112 48
0.066929 0.003937 -0.066929 0.3452 0.8770 -0.3342 219 111 46
0.066929 0.003937 -0.059055 0.3741 0.8843 -0.2794 219 112 45
0.066929 0.003937 -0.051181 0.3461 0.9111 -0.2237 219 112 44
0.066929 0.003937 -0.043307 0.3028 0.9381 -0.1680 220 111 44
0.066929 0.003937 -0.035433 0.3222 0.9393 -0.1182 220 111 43
0.066929 0.003937 -0.027559 0.4558 0.8727 0.1748 220 111 43
0.066929 0.003937 -0.019685 0.4184 0.8554 0.3054 220 111 42
0.066929 0.003937 -0.011811 0.4264 0.8210 0.3796 220 111 43
0.066929 0.003937 -0.003937 0.4099 0.8000 0.4382 220 111 43
0.066929 0.003937 0.003937 0.3949 0.7396 0.5450 221 112 43
0.066929 0.003937 0.011811 0.3442 0.6944 0.6319 220 112 43
0.066929 0.003937 0.019685 0.2656 0.6429 0.7185 219 113 43
0.066929 0.003937 0.027559 0.2138 0.5542 0.8045 220 113 42
0.066929 0.011811 -0.082677 0.2916 0.8620 -0.4147 218 111 46
0.066929 0.011811 -0.074803 0.2988 0.8793 -0.3709 219 112 47
0.066929 0.011811 -0.066929 0.3000 0.8968 -0.3252 220 112 44
0.066929 0.011811 -0.059055 0.3071 0.9197 -0.2447 220 111 44
0.066929 0.011811 -0.051181 0.3368 0.9234 -0.1841 221 112 43
0.066929 0.011811 -0.043307 0.3217 0.9339 -0.1561 221 111 43
0.066929 0.011811 -0.035433 0.3637 0.9269 -0.0930 221 111 42
0.066929 0.011811 -0.027559 0.4404 0.8748 0.2019 221 111 42
0.066929 0.011811 -0.019685 0.4923 0.7759 0.3944 221 111 42
0.066929 0.011811 -0.011811 0.4844 0.7244 0.4905 221 112 41
0.066929 0.011811 -0.003937 0.4523 0.7144 0.5338 221 112 42
0.066929 0.011811 0.003937 0.3884 0.6569 0.6463 221 112 41
0.066929 0.011811 0.011811 0.3142 0.6046 0.7319 221 112 41
0.066929 0.011811 0.019685 0.2367 0.5613 0.7930 220 112 42
0.066929 0.011811 0.027559 0.2240 0.4505 0.8642 220 113 42
0.066929 0.011811 0.035433 0.1736 0.3963 0.9016 219 113 44
0.066929 0.019685 -0.090551 0.2231 0.7848 -0.5782 219 113 48
0.066929 0.019685 -0.082677 0.1764 0.8239 -0.5386 219 113 46
0.066929 0.019685 -0.074803 0.1985 0.8508 -0.4866 220 112 43
0.066929 0.019685 -0.066929 0.2332 0.8807 -0.4122 221 111 43
0.066929 0.019685 -0.059055 0.3202 0.8863 -0.3346 221 111 44
0.066929 0.019685 -0.051181 0.3484 0.9101 -0.2243 221 111 43
0.066929 0.019685 -0.043307 0.3777 0.9201 -0.1035 221 111 42
0.066929 0.019685 -0.035433 0.4995 0.8594 0.1095 222 111 42
0.066929 0.019685 -0.027559 0.5204 0.8107 0.2683 222 111 42
0.066929 0.019685 -0.019685 0.5106 0.7733 0.3760 221 111 42
0.066929 0.019685 -0.011811 0.5231 0.6649 0.5332 221 111 42
0.066929 0.019685 -0.003937 0.4747 0.6197 0.6251 221 111 41
0.066929 0.019685 0.003937 0.3937 0.5701 0.7211 221 112 40
0.066929 0.019685 0.011811 0.3075 0.5179 0.7983 221 112 41
0.066929 0.019685 0.019685 0.2101 0.4388 0.8737 221 112 41
0.066929 0.019685 0.027559 0.1992 0.3204 0.9261 220 112 42
0.066929 0.019685 0.035433 0.1726 0.3227 0.9306 219 113 44
0.066929 0.027559 -0.090551 0.1173 0.6606 -0.7415 219 113 47
0.066929 0.027559 -0.082677 0.0388 0.6825 -0.7299 220 112 45
0.066929 0.027559 -0.074803 0.0545 0.7678 -0.6384 221 112 45
0.066929 0.027559 -0.066929 0.0281 0.7466 -0.6646 221 112 45
0.066929 0.027559 -0.059055 0.0755 0.7951 -0.6018 221 112 44
0.066929 0.027559 -0.051181 0.3649 0.8859 -0.2862 221 112 43
0.066929 0.027559 -0.043307 0.4778 0.8727 -0.1006 222 112 43
0.066929 0.027559 -0.035433 0.6170 0.6192 0.4857 221 112 42
0.066929 0.027559 -0.027559 0.5621 0.5860 0.5836 221 112 42
0.066929 0.027559 -0.019685 0.4898 0.5669 0.6624 221 111 42
0.066929 0.027559 -0.011811 0.5503 0.4191 0.7221 221 112 41
0.066929 0.027559 -0.003937 0.4375 0.3429 0.8313 221 111 41
0.066929 0.027559 0.003937 0.3577 0.3479 0.8666 220 112 42
0.066929 0.027559 0.011811 0.2304 0.2218 0.9475 221 112 41
0.066929 0.027559 0.019685 0.1994 0.1396 0.9699 221 112 41
0.066929 0.027559 0.027559 0.1688 0.1130 0.9792 220 112 41
0.066929 0.035433 -0.098425 0.0638 0.5186 -0.8527 219 114 48
0.066929 0.035433 -0.090551 0.0280 0.5137 -0.8575 220 113 46
0.066929 0.035433 -0.082677 0.0292 0.6030 -0.7972 220 113 45
0.066929 0.035433 -0.074803 -0.0063 0.6321 -0.7749 220 112 45
0.066929 0.035433 -0.066929 -0.0649 0.5857 -0.8079 221 112 44
0.066929 0.035433 -0.059055 -0.0870 0.5877 -0.8044 221 112 43
0.066929 0.035433 -0.051181 0.3926 0.8729 -0.2896 221 112 43
0.066929 0.035433 -0.043307 0.6778 0.5970 0.4291 222 112 43
0.066929 0.035433 -0.035433 0.5795 0.2401 0.7788 221 112 43
0.066929 0.035433 -0.027559 0.4851 0.1269 0.8652 221 112 42
0.066929 0.035433 -0.019685 0.3478 0.0029 0.9376 221 112 42
0.066929 0.035433 -0.011811 0.1973 -0.1325 0.9713 221 112 41
0.066929 0.035433 -0.003937 0.3082 0.0358 0.9506 221 112 41
0.066929 0.035433 0.003937 0.2432 0.0348 0.9694 221 112 41
0.066929 0.035433 0.011811 0.1624 -0.0675 0.9844 221 112 41
0.066929 0.035433 0.019685 0.1436 -0.1433 0.9792 221 113 41
0.066929 0.035433 0.027559 0.1481 -0.1256 0.9810 220 114 43
0.066929 0.043307 -0.106299 0.0742 0.2869 -0.9551 219 114 49
0.066929 0.043307 -0.098425 -0.0176 0.3692 -0.9292 219 114 48
0.066929 0.043307 -0.090551 -0.0440 0.3488 -0.9362 219 113 46
0.066929 0.043307 -0.082677 -0.0415 0.3821 -0.9232 220 113 45
0.066929 0.043307 -0.074803 -0.0751 0.3673 -0.9271 220 113 45
0.066929 0.043307 -0.066929 -0.2969 0.1010 -0.9495 221 113 44
0.066929 0.043307 -0.059055 -0.2910 -0.2429 -0.9254 221 113 43
0.066929 0.043307 -0.051181 -0.1789 -0.5531 -0.8137 221 113 43
0.066929 0.043307 -0.043307 -0.0234 -0.8865 0.4621 221 113 43
0.066929 0.043307 -0.035433 0.2704 -0.4873 0.8303 221 112 43
0.066929 0.043307 -0.027559 0.1975 -0.4202 0.8857 221 112 42
0.066929 0.043307 -0.019685 0.1907 -0.4180 0.8882 221 113 42
0.066929 0.043307 -0.011811 0.1881 -0.3551 0.9157 221 112 41
0.066929 0.043307 -0.003937 0.2354 -0.1325 0.9628 221 113 41
0.066929 0.043307 0.003937 0.1619 -0.1739 0.9714 220 113 41
0.066929 0.043307 0.011811 0.1259 -0.2262 0.9659 220 114 41
0.066929 0.043307 0.019685 0.1072 -0.2257 0.9683 213 121 47
0.066929 0.051181 -0.106299 -0.1548 0.0991 -0.9830 218 114 49
0.066929 0.051181 -0.098425 -0.1876 0.0493 -0.9810 219 113 47
0.066929 0.051181 -0.090551 -0.1884 -0.0091 -0.9820 219 113 46
0.066929 0.051181 -0.082677 -0.1965 -0.0882 -0.9765 220 113 45
0.066929 0.051181 -0.074803 -0.1300 -0.3819 -0.9150 220 113 45
0.066929 0.051181 -0.066929 -0.1336 -0.6307 -0.7644 220 113 44
0.066929 0.051181 -0.059055 -0.1555 -0.7337 -0.6614 220 113 43
0.066929 0.051181 -0.051181 -0.0860 -0.9572 -0.2762 221 113 43
0.066929 0.051181 -0.043307 -0.1106 -0.9730 0.2026 221 113 43
0.066929 0.051181 -0.035433 -0.0735 -0.9012 0.4272 221 113 43
0.066929 0.051181 -0.027559 -0.1008 -0.8089 0.5793 221 113 43
0.066929 0.051181 -0.019685 -0.0499 -0.6913 0.7209 221 113 42
0.066929 0.051181 -0.011811 0.0160 -0.5051 0.8629 221 113 41
0.066929 0.051181 -0.003937 -0.0418 -0.4457 0.8942 221 114 42
0.066929 0.051181 0.003937 0.0626 -0.4285 0.9014 216 120 46
0.066929 0.051181 0.011811 0.0464 -0.3626 0.9308 213 123 49
0.066929 0.051181 0.019685 0.0051 -0.3141 0.9494 209 126 53
0.066929 0.059055 -0.114173 -0.2998 -0.1612 -0.9403 218 115 49
0.066929 0.059055 -0.106299 -0.2419 -0.2112 -0.9470 219 113 47
0.066929 0.059055 -0.098425 -0.2621 -0.2525 -0.9314 219 113 46
0.066929 0.059055 -0.090551 -0.2679 -0.2985 -0.9161 220 113 46
0.066929 0.059055 -0.082677 -0.2559 -0.4651 -0.8475 220 113 45
0.066929 0.059055 -0.074803 -0.1595 -0.6724 -0.7228 220 113 45
0.066929 0.059055 -0.066929 -0.1853 -0.7151 -0.6740 221 113 44
0.066929 0.059055 -0.059055 -0.1519 -0.8437 -0.5149 220 113 43
0.066929 0.059055 -0.051181 -0.1502 -0.9869 0.0584 221 113 43
0.066929 0.059055 -0.043307 -0.1412 -0.9672 0.2110 221 113 43
0.066929 0.059055 -0.035433 -0.1497 -0.9303 0.3350 221 113 43
0.066929 0.059055 -0.027559 -0.1495 -0.8541 0.4981 221 113 43
0.066929 0.059055 -0.019685 -0.1557 -0.7861 0.5982 221 113 42
0.066929 0.059055 -0.011811 -0.1605 -0.7328 0.6612 221 113 42
0.066929 0.059055 -0.003937 -0.1118 -0.6815 0.7232 217 116 43
0.066929 0.059055 0.003937 -0.0664 -0.6025 0.7954 210 126 53
0.066929 0.059055 0.011811 -0.0947 -0.5280 0.8439 210 126 53
0.066929 0.059055 0.019685 -0.1303 -0.5494 0.8253 209 126 53
0.066929 0.066929 -0.114173 -0.3228 -0.3205 -0.8906 217 114 49
0.066929 0.066929 -0.106299 -0.3228 -0.3540 -0.8778 219 113 47
0.066929 0.066929 -0.098425 -0.3558 -0.4230 -0.8334 219 113 46
0.066929 0.066929 -0.090551 -0.2950 -0.5797 -0.7595 220 113 46
0.066929 0.066929 -0.082677 -0.2598 -0.6649 -0.7003 220 113 45
0.066929 0.066929 -0.074803 -0.2303 -0.7334 -0.6396 220 113 44
0.066929 0.066929 -0.066929 -0.2336 -0.7547 -0.6131 220 113 45
0.066929 0.066929 -0.059055 -0.1576 -0.9618 -0.2239 220 113 43
0.066929 0.066929 -0.051181 -0.2069 -0.9749 0.0825 221 113 43
0.066929 0.066929 -0.043307 -0.1935 -0.9656 0.1737 220 113 43
0.066929 0.066929 -0.035433 -0.2066 -0.9416 0.2660 221 113 43
0.066929 0.066929 -0.027559 -0.2125 -0.9227 0.3216 221 113 43
0.066929 0.066929 -0.019685 -0.1686 -0.8852 0.4335 220 113 43
0.066929 0.066929 -0.011811 -0.1005 -0.8137 0.5725 220 116 46
0.066929 0.066929 -0.003937 -0.1362 -0.7552 0.6412 212 124 55
0.066929 0.066929 0.003937 -0.1559 -0.6863 0.7104 211 126 53
0.066929 0.066929 0.011811 -0.1163 -0.6753 0.7283 210 126 54
0.066929 0.074803 -0.122047 -0.4609 -0.3826 -0.8008 217 116 49
0.066929 0.074803 -0.114173 -0.3991 -0.4362 -0.8065 217 114 48
0.066929 0.074803 -0.106299 -0.3966 -0.4989 -0.7706 218 113 47
0.066929 0.074803 -0.098425 -0.3502 -0.5506 -0.7578 219 113 46
0.066929 0.074803 -0.090551 -0.3130 -0.6526 -0.6900 219 113 45
0.066929 0.074803 -0.082677 -0.2976 -0.6955 -0.6539 220 113 45
0.066929 0.074803 -0.074803 -0.2636 -0.7404 -0.6183 220 113 45
0.066929 0.074803 -0.066929 -0.2511 -0.7874 -0.5629 221 113 45
0.066929 0.074803 -0.059055 -0.2008 -0.9709 -0.1302 220 113 44
0.066929 0.074803 -0.051181 -0.2514 -0.9678 0.0112 220 113 43
0.066929 0.074803 -0.043307 -0.2213 -0.9706 0.0942 220 113 43
0.066929 0.074803 -0.035433 -0.2441 -0.9555 0.1655 220 113 43
0.066929 0.074803 -0.027559 -0.2292 -0.9254 0.3019 220 113 43
0.066929 0.074803 -0.019685 -0.1546 -0.9075 0.3906 219 114 43
0.066929 0.074803 -0.011811 -0.1616 -0.8414 0.5158 215 119 47
0.066929 0.074803 -0.003937 -0.1566 -0.7778 0.6088 210 124 54
0.066929 0.074803 0.003937 -0.1585 -0.7436 0.6495 210 126 53
0.066929 0.074803 0.011811 -0.1344 -0.7192 0.6817 210 126 55
0.066929 0.082677 -0.122047 -0.4352 -0.5870 -0.6827 217 115 48
0.066929 0.082677 -0.114173 -0.4409 -0.5671 -0.6957 217 114 48
0.066929 0.082677 -0.106299 -0.4013 -0.5930 -0.6981 218 113 47
0.066929 0.082677 -0.098425 -0.3899 -0.6330 -0.6688 219 114 46
0.066929 0.082677 -0.090551 -0.3739 -0.6859 -0.6243 219 113 45
0.066929 0.082677 -0.082677 -0.3220 -0.7367 -0.5946 220 114 45
0.066929 0.082677 -0.074803 -0.2761 -0.7868 -0.5520 220 114 45
0.066929 0.082677 -0.066929 -0.2205 -0.9023 -0.3704 220 113 44
0.066929 0.082677 -0.059055 -0.2356 -0.9555 -0.1777 220 113 44
0.066929 0.082677 -0.051181 -0.2613 -0.9653 -0.0032 220 113 44
0.066929 0.082677 -0.043307 -0.2609 -0.9618 0.0830 220 113 44
0.066929 0.082677 -0.035433 -0.2472 -0.9538 0.1710 220 113 44
0.066929 0.082677 -0.027559 -0.1867 -0.9292 0.3190 220 113 43
0.066929 0.082677 -0.019685 -0.1726 -0.9187 0.3552 219 114 43
0.066929 0.082677 -0.011811 -0.1885 -0.8623 0.4701 218 116 44
0.066929 0.082677 -0.003937 -0.1563 -0.8225 0.5469 215 118 45
0.066929 0.082677 0.003937 -0.1933 -0.7855 0.5879 208 126 55
0.066929 0.090551 -0.114173 -0.4067 -0.7471 -0.5257 217 114 48
0.066929 0.090551 -0.106299 -0.3997 -0.7314 -0.5525 218 114 47
0.066929 0.090551 -0.098425 -0.3903 -0.7502 -0.5338 219 114 47
0.066929 0.090551 -0.090551 -0.3522 -0.8299 -0.4328 219 113 47
0.066929 0.090551 -0.082677 -0.3723 -0.8402 -0.3944 219 114 46
0.066929 0.090551 -0.074803 -0.3600 -0.8524 -0.3793 219 114 45
0.066929 0.090551 -0.066929 -0.3092 -0.9203 -0.2396 219 114 45
0.066929 0.090551 -0.059055 -0.2688 -0.9611 -0.0628 219 114 45
0.066929 0.090551 -0.051181 -0.2568 -0.9665 0.0024 219 114 45
0.066929 0.090551 -0.043307 -0.1989 -0.9748 0.1014 218 114 44
0.066929 0.090551 -0.035433 -0.1596 -0.9717 0.1743 219 113 44
0.066929 0.090551 -0.027559 -0.1565 -0.9538 0.2566 218 114 44
0.066929 0.090551 -0.019685 -0.1781 -0.9271 0.3299 218 114 44
0.066929 0.090551 -0.011811 -0.1673 -0.8877 0.4289 218 115 45
0.066929 0.090551 -0.003937 -0.1981 -0.8507 0.4869 218 115 46
0.066929 0.090551 0.003937 -0.2244 -0.7959 0.5623 213 122 53
0.066929 0.098425 -0.114173 -0.3872 -0.7920 -0.4721 215 116 50
0.066929 0.098425 -0.106299 -0.3798 -0.8088 -0.4490 218 115 49
0.066929 0.098425 -0.098425 -0.4075 -0.8326 -0.3751 218 115 48
0.066929 0.098425 -0.090551 -0.3901 -0.8694 -0.3032 219 114 48
0.066929 0.098425 -0.082677 -0.3597 -0.9004 -0.2446 218 114 47
0.066929 0.098425 -0.074803 -0.3166 -0.9395 -0.1308 219 114 45
0.066929 0.098425 -0.066929 -0.2985 -0.9540 -0.0286 218 114 45
0.066929 0.098425 -0.059055 -0.2775 -0.9579 0.0740 218 114 45
0.066929 0.098425 -0.051181 -0.2069 -0.9620 0.1779 218 114 45
0.066929 0.098425 -0.043307 -0.1473 -0.9566 0.2515 218 114 45
0.066929 0.098425 -0.035433 -0.1316 -0.9546 0.2673 218 114 44
0.066929 0.098425 -0.027559 -0.1319 -0.9281 0.3483 217 114 45
0.066929 0.098425 -0.019685 -0.1439 -0.9124 0.3832 217 115 46
0.066929 0.098425 -0.011811 -0.1705 -0.8702 0.4623 216 115 46
0.066929 0.098425 -0.003937 -0.1876 -0.8452 0.5004 216 115 46
0.066929 0.106299 -0.106299 -0.3873 -0.8074 -0.4450 216 115 51
0.066929 0.106299 -0.098425 -0.4010 -0.8409 -0.3635 217 116 50
0.066929 0.106299 -0.090551 -0.3736 -0.8716 -0.3173 218 115 50
0.066929 0.106299 -0.082677 -0.3605 -0.8867 -0.2896 218 115 49
0.066929 0.106299 -0.074803 -0.3368 -0.9338 -0.1212 217 115 48
0.066929 0.106299 -0.066929 -0.3240 -0.9437 -0.0670 218 115 47
0.066929 0.106299 -0.059055 -0.2956 -0.9552 -0.0144 217 115 47
0.066929 0.106299 -0.051181 -0.2336 -0.9628 0.1361 217 114 46
0.066929 0.106299 -0.043307 -0.2122 -0.9622 0.1710 217 114 46
0.066929 0.106299 -0.035433 -0.1721 -0.9582 0.2285 216 114 47
0.066929 0.106299 -0.027559 -0.1554 -0.9441 0.2908 216 115 47
0.066929 0.106299 -0.019685 -0.1759 -0.9242 0.3389 215 115 47
0.066929 0.106299 -0.011811 -0.1838 -0.8931 0.4106 214 115 47
0.066929 0.106299 -0.003937 -0.1951 -0.8646 0.4630 215 114 48
0.066929 0.114173 -0.106299 -0.3661 -0.7942 -0.4849 207 125 60
0.066929 0.114173 -0.098425 -0.3924 -0.8701 -0.2982 214 117 56
0.066929 0.114173 -0.090551 -0.3621 -0.8928 -0.2681 216 116 54
0.066929 0.114173 -0.082677 -0.3654 -0.9118 -0.1876 216 116 52
0.066929 0.114173 -0.074803 -0.3540 -0.9197 -0.1696 216 115 51
0.066929 0.114173 -0.066929 -0.3129 -0.9460 -0.0841 216 116 51
0.066929 0.114173 -0.059055 -0.2394 -0.9707 -0.0212 216 115 49
0.066929 0.114173 -0.051181 -0.2578 -0.9642 0.0616 215 115 49
0.066929 0.114173 -0.043307 -0.2586 -0.9600 0.1077 215 115 48
0.066929 0.114173 -0.035433 -0.2367 -0.9546 0.1808 215 115 48
0.066929 0.114173 -0.027559 -0.2464 -0.9402 0.2353 214 115 48
0.066929 0.114173 -0.019685 -0.2490 -0.9287 0.2749 213 115 49
0.066929 0.114173 -0.011811 -0.2177 -0.9104 0.3517 214 114 50
0.066929 0.122047 -0.051181 -0.2810 -0.9594 -0.0247 215 116 54
0.066929 0.122047 -0.035433 -0.2883 -0.9437 0.1622 216 116 51
0.066929 0.122047 -0.027559 -0.2922 -0.9257 0.2403 214 115 51
0.066929 0.122047 -0.019685 -0.3131 -0.9144 0.2564 216 115 52
0.074803 -0.011811 -0.051181 0.3447 0.9177 -0.1974 216 114 51
0.074803 -0.011811 -0.043307 0.3346 0.9232 -0.1890 216 113 51
0.074803 -0.011811 -0.035433 0.2982 0.9511 -0.0802 216 114 53
0.074803 -0.003937 -0.066929 0.3336 0.9127 -0.2360 217 113 49
0.074803 -0.003937 -0.059055 0.3702 0.9026 -0.2198 217 112 47
0.074803 -0.003937 -0.051181 0.3685 0.9113 -0.1835 219 111 48
0.074803 -0.003937 -0.043307 0.3551 0.9208 -0.1611 219 111 46
0.074803 -0.003937 -0.035433 0.3374 0.9376 -0.0841 219 111 47
0.074803 -0.003937 -0.027559 0.3522 0.9266 0.1321 220 111 46
0.074803 -0.003937 -0.019685 0.3800 0.8856 0.2670 218 113 46
0.074803 0.003937 -0.074803 0.3385 0.8789 -0.3361 220 112 47
0.074803 0.003937 -0.066929 0.3564 0.8871 -0.2933 219 112 45
0.074803 0.003937 -0.059055 0.3709 0.8964 -0.2428 220 112 45
0.074803 0.003937 -0.051181 0.2930 0.9404 -0.1729 220 111 44
0.074803 0.003937 -0.043307 0.2774 0.9537 -0.1161 220 111 44
0.074803 0.003937 -0.035433 0.2944 0.9549 -0.0389 220 111 44
0.074803 0.003937 -0.027559 0.3467 0.9285 0.1328 220 111 44
0.074803 0.003937 -0.019685 0.4129 0.8518 0.3225 220 111 43
0.074803 0.003937 -0.011811 0.3931 0.8298 0.3962 221 111 44
0.074803 0.003937 -0.003937 0.4102 0.8009 0.4362 221 111 43
0.074803 0.003937 0.003937 0.3712 0.7566 0.5383 220 113 44
0.074803 0.003937 0.011811 0.3297 0.7114 0.6207 220 113 44
0.074803 0.011811 -0.082677 0.3346 0.8781 -0.3419 219 113 48
0.074803 0.011811 -0.074803 0.3371 0.8774 -0.3415 220 112 46
0.074803 0.011811 -0.066929 0.3117 0.9093 -0.2756 220 112 44
0.074803 0.011811 -0.059055 0.3112 0.9231 -0.2261 221 111 44
0.074803 0.011811 -0.051181 0.3186 0.9305 -0.1810 221 111 43
0.074803 0.011811 -0.043307 0.3415 0.9334 -0.1105 221 111 43
0.074803 0.011811 -0.035433 0.3450 0.9365 -0.0632 221 111 42
0.074803 0.011811 -0.027559 0.4336 0.8778 0.2036 221 111 42
0.074803 0.011811 -0.019685 0.4674 0.7887 0.3994 221 111 42
0.074803 0.011811 -0.011811 0.4513 0.7551 0.4756 220 111 42
0.074803 0.011811 -0.003937 0.4419 0.7471 0.4965 221 111 42
0.074803 0.011811 0.003937 0.3618 0.6895 0.6275 221 112 42
0.074803 0.011811 0.011811 0.2995 0.6556 0.6931 220 112 42
0.074803 0.011811 0.019685 0.2382 0.5735 0.7838 221 113 41
0.074803 0.011811 0.027559 0.2337 0.4504 0.8617 220 113 41
0.074803 0.011811 0.035433 0.1505 0.4044 0.9021 220 114 45
0.074803 0.019685 -0.090551 0.2853 0.7786 -0.5589 219 112 47
0.074803 0.019685 -0.082677 0.3040 0.8196 -0.4856 219 112 46
0.074803 0.019685 -0.074803 0.3116 0.8798 -0.3589 221 112 44
0.074803 0.019685 -0.066929 0.3050 0.9050 -0.2967 221 111 43
0.074803 0.019685 -0.059055 0.3548 0.9135 -0.1989 220 111 43
0.074803 0.019685 -0.051181 0.3746 0.9130 -0.1619 221 111 42
0.074803 0.019685 -0.043307 0.4213 0.9017 -0.0971 221 111 42
0.074803 0.019685 -0.035433 0.5091 0.8456 0.1606 221 111 42
0.074803 0.019685 -0.027559 0.5084 0.8127 0.2846 221 111 42
0.074803 0.019685 -0.019685 0.4858 0.8054 0.3395 221 111 42
0.074803 0.019685 -0.011811 0.4857 0.7035 0.5189 221 111 42
0.074803 0.019685 -0.003937 0.4725 0.6610 0.5829 221 111 41
0.074803 0.019685 0.003937 0.3362 0.6240 0.7054 221 112 41
0.074803 0.019685 0.011811 0.2846 0.5660 0.7737 221 112 41
0.074803 0.019685 0.019685 0.2367 0.4544 0.8588 220 112 42
0.074803 0.019685 0.027559 0.2190 0.3726 0.9018 219 112 43
0.074803 0.027559 -0.098425 0.2728 0.7071 -0.6524 220 114 48
0.074803 0.027559 -0.090551 0.2214 0.7372 -0.6384 219 113 46
0.074803 0.027559 -0.082677 0.2416 0.8145 -0.5274 220 112 45
0.074803 0.027559 -0.074803 0.2866 0.8649 -0.4120 220 112 44
0.074803 0.027559 -0.066929 0.2985 0.8702 -0.3919 221 111 44
0.074803 0.027559 -0.059055 0.4353 0.8689 -0.2357 221 111 43
0.074803 0.027559 -0.051181 0.4848 0.8571 -0.1741 221 111 42
0.074803 0.027559 -0.043307 0.4927 0.8577 -0.1474 221 111 42
0.074803 0.027559 -0.035433 0.5927 0.7454 0.3051 221 111 42
0.074803 0.027559 -0.027559 0.5904 0.6735 0.4448 221 111 41
0.074803 0.027559 -0.019685 0.5395 0.6663 0.5148 221 111 42
0.074803 0.027559 -0.011811 0.4778 0.6394 0.6023 221 111 41
0.074803 0.027559 -0.003937 0.4481 0.5506 0.7043 220 112 41
0.074803 0.027559 0.003937 0.3479 0.5138 0.7842 221 112 41
0.074803 0.027559 0.011811 0.2813 0.4528 0.8461 221 112 41
0.074803 0.027559 0.019685 0.2635 0.3228 0.9091 221 112 42
0.074803 0.027559 0.027559 0.2194 0.2615 0.9399 221 112 41
0.074803 0.035433 -0.098425 0.1344 0.5620 -0.8161 219 113 48
0.074803 0.035433 -0.090551 0.1220 0.6033 -0.7881 220 113 46
0.074803 0.035433 -0.082677 0.1492 0.6996 -0.6988 220 112 45
0.074803 0.035433 -0.074803 0.1262 0.7159 -0.6867 221 112 44
0.074803 0.035433 -0.066929 0.2848 0.8272 -0.4844 221 112 44
0.074803 0.035433 -0.059055 0.4725 0.8210 -0.3204 221 112 43
0.074803 0.035433 -0.051181 0.5663 0.8187 -0.0953 221 112 43
0.074803 0.035433 -0.043307 0.6819 0.4855 0.5472 221 111 43
0.074803 0.035433 -0.035433 0.6269 0.4676 0.6231 221 112 43
0.074803 0.035433 -0.027559 0.5294 0.3191 0.7860 221 112 42
0.074803 0.035433 -0.019685 0.4805 0.2995 0.8243 221 111 41
0.074803 0.035433 -0.011811 0.3833 0.2336 0.8936 221 112 41
0.074803 0.035433 -0.003937 0.3884 0.1924 0.9012 221 111 41
0.074803 0.035433 0.003937 0.2734 0.1129 0.9552 221 112 41
0.074803 0.035433 0.011811 0.2286 0.0298 0.9731 221 112 41
0.074803 0.035433 0.019685 0.2125 -0.0007 0.9772 220 114 41
0.074803 0.035433 0.027559 0.1761 0.0612 0.9825 208 122 49
0.074803 0.043307 -0.106299 0.0664 0.4228 -0.9038 219 114 49
0.074803 0.043307 -0.098425 0.0980 0.4631 -0.8808 219 113 47
0.074803 0.043307 -0.090551 0.0546 0.4984 -0.8652 220 113 46
0.074803 0.043307 -0.082677 0.0610 0.5388 -0.8402 220 113 45
0.074803 0.043307 -0.074803 0.0417 0.5206 -0.8528 221 113 45
0.074803 0.043307 -0.066929 0.0017 0.4870 -0.8734 221 113 44
0.074803 0.043307 -0.059055 0.4836 0.7578 -0.4381 221 112 43
0.074803 0.043307 -0.051181 0.6986 0.7103 -0.0860 221 112 43
0.074803 0.043307 -0.043307 0.5692 -0.1246 0.8127 221 112 42
0.074803 0.043307 -0.035433 0.5264 -0.0374 0.8494 221 112 42
0.074803 0.043307 -0.027559 0.3981 -0.1702 0.9014 221 112 42
0.074803 0.043307 -0.019685 0.3646 -0.1978 0.9099 221 112 42
0.074803 0.043307 -0.011811 0.3047 -0.2031 0.9305 221 112 42
0.074803 0.043307 -0.003937 0.2581 -0.0828 0.9626 221 113 41
0.074803 0.043307 0.003937 0.1810 -0.1704 0.9686 221 113 41
0.074803 0.043307 0.011811 0.1772 -0.2042 0.9627 216 118 43
0.074803 0.043307 0.019685 0.1579 -0.1604 0.9743 209 124 49
0.074803 0.051181 -0.106299 -0.0123 0.2393 -0.9709 218 113 49
0.074803 0.051181 -0.098425 0.0012 0.2770 -0.9609 219 113 47
0.074803 0.051181 -0.090551 -0.0284 0.2378 -0.9709 219 113 46
0.074803 0.051181 -0.082677 -0.0815 -0.0325 -0.9961 220 113 46
0.074803 0.051181 -0.074803 -0.0426 -0.3673 -0.9291 220 113 45
0.074803 0.051181 -0.066929 -0.0110 -0.5631 -0.8263 220 113 44
0.074803 0.051181 -0.059055 -0.0584 -0.6283 -0.7758 221 113 43
0.074803 0.051181 -0.051181 0.2300 -0.8438 0.4848 221 113 43
0.074803 0.051181 -0.043307 0.1786 -0.7160 0.6748 221 113 43
0.074803 0.051181 -0.035433 0.3177 -0.4982 0.8068 221 112 43
0.074803 0.051181 -0.027559 0.2396 -0.4908 0.8377 221 113 42
0.074803 0.051181 -0.019685 0.2590 -0.3805 0.8878 221 113 42
0.074803 0.051181 -0.011811 0.1734 -0.3813 0.9081 221 113 41
0.074803 0.051181 -0.003937 0.1003 -0.3280 0.9393 219 115 42
0.074803 0.051181 0.003937 0.1247 -0.3439 0.9307 213 122 48
0.074803 0.051181 0.011811 0.1300 -0.2462 0.9605 210 125 51
0.074803 0.051181 0.019685 0.0770 -0.2093 0.9748 210 125 54
0.074803 0.059055 -0.114173 -0.1762 -0.0538 -0.9829 219 114 48
0.074803 0.059055 -0.106299 -0.1732 -0.1728 -0.9696 219 113 48
0.074803 0.059055 -0.098425 -0.1320 -0.1782 -0.9751 219 113 46
0.074803 0.059055 -0.090551 -0.1380 -0.4570 -0.8787 220 113 46
0.074803 0.059055 -0.082677 -0.0397 -0.5951 -0.8027 220 113 46
0.074803 0.059055 -0.074803 -0.0541 -0.6436 -0.7634 220 113 45
0.074803 0.059055 -0.066929 -0.0704 -0.6883 -0.7220 220 113 44
0.074803 0.059055 -0.059055 -0.0753 -0.7537 -0.6529 221 113 44
0.074803 0.059055 -0.051181 -0.0255 -0.9521 0.3048 221 113 43
0.074803 0.059055 -0.043307 -0.0508 -0.9144 0.4015 221 113 43
0.074803 0.059055 -0.035433 -0.0069 -0.7943 0.6075 221 113 43
0.074803 0.059055 -0.027559 -0.0774 -0.7834 0.6167 221 113 43
0.074803 0.059055 -0.019685 0.0107 -0.6374 0.7705 221 114 42
0.074803 0.059055 -0.011811 0.0032 -0.6059 0.7956 219 115 43
0.074803 0.059055 -0.003937 0.0219 -0.5365 0.8436 211 125 51
0.074803 0.059055 0.003937 -0.0009 -0.4694 0.8830 211 126 52
0.074803 0.059055 0.011811 -0.0567 -0.4667 0.8826 210 126 53
0.074803 0.059055 0.019685 -0.0818 -0.4381 0.8952 209 127 54
0.074803 0.066929 -0.114173 -0.2690 -0.3273 -0.9058 218 114 49
0.074803 0.066929 -0.106299 -0.2831 -0.3916 -0.8755 219 113 47
0.074803 0.066929 -0.098425 -0.1954 -0.5493 -0.8125 219 113 46
0.074803 0.066929 -0.090551 -0.1887 -0.6533 -0.7332 220 113 45
0.074803 0.066929 -0.082677 -0.1595 -0.6838 -0.7120 220 113 45
0.074803 0.066929 -0.074803 -0.1405 -0.7211 -0.6784 221 113 45
0.074803 0.066929 -0.066929 -0.1414 -0.7558 -0.6393 220 113 44
0.074803 0.066929 -0.059055 -0.0724 -0.9940 -0.0824 221 113 43
0.074803 0.066929 -0.051181 -0.1019 -0.9688 0.2259 221 113 43
0.074803 0.066929 -0.043307 -0.0947 -0.9400 0.3277 221 113 43
0.074803 0.066929 -0.035433 -0.1036 -0.8963 0.4311 220 113 43
0.074803 0.066929 -0.027559 -0.1744 -0.8885 0.4245 221 113 43
0.074803 0.066929 -0.019685 -0.1119 -0.8159 0.5673 215 119 48
0.074803 0.066929 -0.011811 -0.0546 -0.7510 0.6580 210 126 53
0.074803 0.066929 -0.003937 -0.0872 -0.6966 0.7121 211 125 53
0.074803 0.066929 0.003937 -0.1276 -0.6831 0.7191 211 126 54
0.074803 0.066929 0.011811 -0.1083 -0.6852 0.7202 210 126 54
0.074803 0.074803 -0.122047 -0.3049 -0.4622 -0.8327 218 115 49
0.074803 0.074803 -0.114173 -0.3541 -0.5058 -0.7866 217 113 47
0.074803 0.074803 -0.106299 -0.3684 -0.5801 -0.7265 218 113 47
0.074803 0.074803 -0.098425 -0.2553 -0.6794 -0.6879 219 113 46
0.074803 0.074803 -0.090551 -0.2600 -0.7149 -0.6491 220 114 45
0.074803 0.074803 -0.082677 -0.2125 -0.7433 -0.6343 221 113 45
0.074803 0.074803 -0.074803 -0.1739 -0.7841 -0.5957 220 113 45
0.074803 0.074803 -0.066929 -0.1974 -0.7984 -0.5688 221 113 44
0.074803 0.074803 -0.059055 -0.1715 -0.9790 -0.1099 221 113 44
0.074803 0.074803 -0.051181 -0.1621 -0.9810 0.1062 221 113 44
0.074803 0.074803 -0.043307 -0.1721 -0.9693 0.1757 220 113 43
0.074803 0.074803 -0.035433 -0.1891 -0.9435 0.2721 221 113 43
0.074803 0.074803 -0.027559 -0.1659 -0.9083 0.3841 220 113 42
0.074803 0.074803 -0.019685 -0.0865 -0.8611 0.5010 210 125 55
0.074803 0.074803 -0.011811 -0.1275 -0.8263 0.5485 211 126 53
0.074803 0.074803 -0.003937 -0.1148 -0.7854 0.6082 211 126 54
0.074803 0.074803 0.003937 -0.1067 -0.7614 0.6394 210 126 55
0.074803 0.074803 0.011811 -0.0925 -0.7801 0.6188 208 126 56
0.074803 0.082677 -0.122047 -0.3826 -0.6168 -0.6879 216 115 49
0.074803 0.082677 -0.114173 -0.3593 -0.6361 -0.6828 217 113 47
0.074803 0.082677 -0.106299 -0.3253 -0.6813 -0.6558 218 113 47
0.074803 0.082677 -0.098425 -0.3042 -0.7403 -0.5995 219 114 46
0.074803 0.082677 -0.090551 -0.2781 -0.7772 -0.5644 219 114 46
0.074803 0.082677 -0.082677 -0.2552 -0.7715 -0.5828 220 113 45
0.074803 0.082677 -0.074803 -0.2221 -0.8107 -0.5418 220 114 45
0.074803 0.082677 -0.066929 -0.2037 -0.9513 -0.2315 220 113 45
0.074803 0.082677 -0.059055 -0.2091 -0.9755 -0.0691 220 113 44
0.074803 0.082677 -0.051181 -0.2026 -0.9757 0.0834 220 113 44
0.074803 0.082677 -0.043307 -0.2416 -0.9621 0.1265 220 113 44
0.074803 0.082677 -0.035433 -0.2133 -0.9429 0.2559 219 114 43
0.074803 0.082677 -0.027559 -0.1497 -0.9139 0.3772 216 118 46
0.074803 0.082677 -0.019685 -0.1340 -0.8910 0.4339 212 123 50
0.074803 0.082677 -0.011811 -0.1544 -0.8584 0.4892 210 127 53
0.074803 0.082677 -0.003937 -0.1201 -0.8395 0.5299 210 127 54
0.074803 0.082677 0.003937 -0.1346 -0.8057 0.5768 207 126 56
0.074803 0.090551 -0.114173 -0.2784 -0.7856 -0.5526 217 114 47
0.074803 0.090551 -0.106299 -0.3422 -0.7575 -0.5559 218 113 47
0.074803 0.090551 -0.098425 -0.3318 -0.7868 -0.5205 219 114 47
0.074803 0.090551 -0.090551 -0.2911 -0.8055 -0.5162 219 114 46
0.074803 0.090551 -0.082677 -0.2689 -0.8312 -0.4866 219 114 45
0.074803 0.090551 -0.074803 -0.2660 -0.8642 -0.4271 219 114 45
0.074803 0.090551 -0.066929 -0.2525 -0.9514 -0.1763 219 114 45
0.074803 0.090551 -0.059055 -0.2129 -0.9760 -0.0470 219 114 45
0.074803 0.090551 -0.051181 -0.2054 -0.9785 0.0203 219 114 44
0.074803 0.090551 -0.043307 -0.1865 -0.9694 0.1598 219 113 44
0.074803 0.090551 -0.035433 -0.1545 -0.9532 0.2601 219 114 44
0.074803 0.090551 -0.027559 -0.1495 -0.9302 0.3352 218 115 44
0.074803 0.090551 -0.019685 -0.1746 -0.9009 0.3974 216 116 44
0.074803 0.090551 -0.011811 -0.1911 -0.8766 0.4416 211 126 55
0.074803 0.090551 -0.003937 -0.1873 -0.8386 0.5115 209 127 54
0.074803 0.090551 0.003937 -0.2002 -0.8036 0.5605 206 127 56
0.074803 0.098425 -0.114173 -0.2771 -0.8148 -0.5091 217 115 49
0.074803 0.098425 -0.106299 -0.3263 -0.8386 -0.4362 218 114 48
0.074803 0.098425 -0.098425 -0.3431 -0.8766 -0.3374 219 114 48
0.074803 0.098425 -0.090551 -0.3326 -0.8927 -0.3042 219 114 47
0.074803 0.098425 -0.082677 -0.3059 -0.9233 -0.2323 218 115 46
0.074803 0.098425 -0.074803 -0.2632 -0.9611 -0.0833 219 114 46
0.074803 0.098425 -0.066929 -0.2213 -0.9751 -0.0175 219 114 46
0.074803 0.098425 -0.059055 -0.2102 -0.9771 0.0324 218 114 45
0.074803 0.098425 -0.051181 -0.1694 -0.9787 0.1157 219 114 46
0.074803 0.098425 -0.043307 -0.0927 -0.9691 0.2287 218 114 45
0.074803 0.098425 -0.035433 -0.1300 -0.9654 0.2259 217 114 45
0.074803 0.098425 -0.027559 -0.1405 -0.9436 0.2999 217 115 45
0.074803 0.098425 -0.019685 -0.1502 -0.9219 0.3570 216 115 46
0.074803 0.098425 -0.011811 -0.2055 -0.8792 0.4298 213 119 48
0.074803 0.098425 -0.003937 -0.2253 -0.8340 0.5036 212 123 52
0.074803 0.106299 -0.106299 -0.3212 -0.8302 -0.4556 217 115 50
0.074803 0.106299 -0.098425 -0.2854 -0.8824 -0.3739 218 115 50
0.074803 0.106299 -0.090551 -0.3065 -0.9155 -0.2607 218 115 48
0.074803 0.106299 -0.082677 -0.3041 -0.9293 -0.2097 218 115 48
0.074803 0.106299 -0.074803 -0.3117 -0.9442 -0.1061 217 115 47
0.074803 0.106299 -0.066929 -0.2603 -0.9645 -0.0455 217 115 47
0.074803 0.106299 -0.059055 -0.2395 -0.9707 0.0188 217 114 45
0.074803 0.106299 -0.051181 -0.1558 -0.9756 0.1545 217 114 46
0.074803 0.106299 -0.043307 -0.1278 -0.9651 0.2286 217 114 46
0.074803 0.106299 -0.035433 -0.1100 -0.9559 0.2722 216 115 46
0.074803 0.106299 -0.027559 -0.1231 -0.9272 0.3538 216 115 46
0.074803 0.106299 -0.019685 -0.1373 -0.8980 0.4180 215 115 46
0.074803 0.106299 -0.011811 -0.1553 -0.8816 0.4457 215 115 46
0.074803 0.106299 -0.003937 -0.1668 -0.8614 0.4797 215 116 48
0.074803 0.114173 -0.106299 -0.2784 -0.8335 -0.4772 203 127 60
0.074803 0.114173 -0.098425 -0.2968 -0.9144 -0.2753 207 126 60
0.074803 0.114173 -0.090551 -0.3340 -0.9139 -0.2306 217 115 52
0.074803 0.114173 -0.082677 -0.3353 -0.9219 -0.1943 216 116 50
0.074803 0.114173 -0.074803 -0.3326 -0.9329 -0.1384 216 115 50
0.074803 0.114173 -0.066929 -0.2854 -0.9537 -0.0953 216 115 49
0.074803 0.114173 -0.059055 -0.2095 -0.9777 0.0142 216 115 49
0.074803 0.114173 -0.051181 -0.2002 -0.9786 0.0478 215 115 48
0.074803 0.114173 -0.043307 -0.1894 -0.9666 0.1724 215 115 48
0.074803 0.114173 -0.035433 -0.1725 -0.9603 0.2192 215 115 48
0.074803 0.114173 -0.027559 -0.1570 -0.9445 0.2887 215 115 48
0.074803 0.114173 -0.019685 -0.1507 -0.9254 0.3477 213 115 48
0.074803 0.114173 -0.011811 -0.1901 -0.9018 0.3882 214 115 48
0.074803 0.122047 -0.098425 -0.2956 -0.9069 -0.3003 203 128 64
0.074803 0.122047 -0.090551 -0.3550 -0.9174 -0.1798 212 121 57
0.074803 0.122047 -0.082677 -0.3399 -0.9176 -0.2061 216 116 55
0.074803 0.122047 -0.074803 -0.2954 -0.9458 -0.1349 216 116 53
0.074803 0.122047 -0.066929 -0.2285 -0.9715 -0.0630 215 116 52
0.074803 0.122047 -0.059055 -0.2649 -0.9636 -0.0364 214 116 53
0.074803 0.122047 -0.051181 -0.2424 -0.9702 0.0034 214 116 52
0.074803 0.122047 -0.043307 -0.2532 -0.9647 0.0731 213 116 51
0.074803 0.122047 -0.035433 -0.2924 -0.9455 0.1436 212 116 51
0.074803 0.122047 -0.027559 -0.2699 -0.9357 0.2272 213 115 50
0.082677 -0.003937 -0.066929 0.3573 0.9013 -0.2451 217 114 50
0.082677 -0.003937 -0.059055 0.3684 0.9052 -0.2121 218 112 49
0.082677 -0.003937 -0.051181 0.3835 0.9061 -0.1787 219 112 47
0.082677 -0.003937 -0.043307 0.3367 0.9303 -0.1453 218 111 48
0.082677 -0.003937 -0.035433 0.3324 0.9404 -0.0714 217 113 48
0.082677 0.003937 -0.074803 0.3494 0.8836 -0.3117 219 112 46
0.082677 0.003937 -0.066929 0.3515 0.8951 -0.2743 219 112 45
0.082677 0.003937 -0.059055 0.3111 0.9287 -0.2016 219 112 45
0.082677 0.003937 -0.051181 0.2948 0.9430 -0.1546 220 111 46
0.082677 0.003937 -0.043307 0.2610 0.9609 -0.0929 220 111 46
0.082677 0.003937 -0.035433 0.3047 0.9517 -0.0372 219 111 45
0.082677 0.003937 -0.027559 0.3232 0.9357 0.1414 220 111 46
0.082677 0.003937 -0.019685 0.3974 0.8599 0.3203 220 110 46
0.082677 0.003937 -0.011811 0.3637 0.8390 0.4047 220 111 46
0.082677 0.011811 -0.082677 0.3624 0.8515 -0.3790 219 112 46
0.082677 0.011811 -0.074803 0.3477 0.8947 -0.2803 219 111 45
0.082677 0.011811 -0.066929 0.3337 0.9114 -0.2408 220 111 45
0.082677 0.011811 -0.059055 0.3035 0.9348 -0.1847 220 111 43
0.082677 0.011811 -0.051181 0.3137 0.9366 -0.1562 221 111 43
0.082677 0.011811 -0.043307 0.3296 0.9417 -0.0672 221 111 43
0.082677 0.011811 -0.035433 0.4099 0.9023 0.1337 221 111 43
0.082677 0.011811 -0.027559 0.3949 0.8987 0.1906 221 111 43
0.082677 0.011811 -0.019685 0.4630 0.7980 0.3858 220 111 44
0.082677 0.011811 -0.011811 0.4428 0.7820 0.4385 220 111 43
0.082677 0.011811 -0.003937 0.4091 0.7554 0.5119 220 112 43
0.082677 0.011811 0.003937 0.4050 0.7035 0.5841 221 112 43
0.082677 0.011811 0.011811 0.3151 0.6698 0.6724 220 112 43
0.082677 0.011811 0.019685 0.2296 0.6016 0.7651 220 113 44
0.082677 0.019685 -0.090551 0.3864 0.7783 -0.4950 219 111 47
0.082677 0.019685 -0.082677 0.3908 0.8000 -0.4553 219 111 47
0.082677 0.019685 -0.074803 0.3492 0.9036 -0.2481 220 111 45
0.082677 0.019685 -0.066929 0.3769 0.8992 -0.2223 221 111 44
0.082677 0.019685 -0.059055 0.3765 0.9091 -0.1782 220 111 44
0.082677 0.019685 -0.051181 0.3958 0.9036 -0.1637 220 111 43
0.082677 0.019685 -0.043307 0.3998 0.9127 -0.0844 221 111 42
0.082677 0.019685 -0.035433 0.5007 0.8462 0.1823 221 111 42
0.082677 0.019685 -0.027559 0.4524 0.8531 0.2598 221 111 42
0.082677 0.019685 -0.019685 0.4236 0.8383 0.3431 221 111 41
0.082677 0.019685 -0.011811 0.4399 0.7286 0.5250 220 111 42
0.082677 0.019685 -0.003937 0.3829 0.7049 0.5971 220 111 42
0.082677 0.019685 0.003937 0.3725 0.6576 0.6549 220 112 42
0.082677 0.019685 0.011811 0.3261 0.5940 0.7354 220 112 42
0.082677 0.019685 0.019685 0.2628 0.5099 0.8191 220 113 43
0.082677 0.019685 0.027559 0.2506 0.4026 0.8804 221 112 43
0.082677 0.019685 0.035433 0.2138 0.4028 0.8899 219 113 46
0.082677 0.027559 -0.098425 0.4060 0.7038 -0.5830 219 113 49
0.082677 0.027559 -0.090551 0.3459 0.7606 -0.5494 219 112 47
0.082677 0.027559 -0.082677 0.3823 0.7985 -0.4649 220 112 45
0.082677 0.027559 -0.074803 0.4170 0.8504 -0.3208 221 111 44
0.082677 0.027559 -0.066929 0.4499 0.8419 -0.2980 221 111 44
0.082677 0.027559 -0.059055 0.5059 0.8412 -0.1910 221 111 43
0.082677 0.027559 -0.051181 0.5227 0.8351 -0.1713 221 111 42
0.082677 0.027559 -0.043307 0.6080 0.7760 0.1680 221 111 42
0.082677 0.027559 -0.035433 0.5628 0.7785 0.2779 221 111 42
0.082677 0.027559 -0.027559 0.5170 0.7805 0.3515 221 111 42
0.082677 0.027559 -0.019685 0.4558 0.7808 0.4273 221 111 41
0.082677 0.027559 -0.011811 0.4707 0.6889 0.5512 221 111 41
0.082677 0.027559 -0.003937 0.3902 0.6262 0.6749 221 111 41
0.082677 0.027559 0.003937 0.3701 0.5771 0.7280 221 112 40
0.082677 0.027559 0.011811 0.3124 0.5104 0.8012 221 112 42
0.082677 0.027559 0.019685 0.2832 0.3879 0.8771 221 112 42
0.082677 0.027559 0.027559 0.2698 0.3054 0.9132 219 111 44
0.082677 0.035433 -0.098425 0.2021 0.6258 -0.7534 220 112 48
0.082677 0.035433 -0.090551 0.2266 0.6553 -0.7205 220 112 46
0.082677 0.035433 -0.082677 0.3724 0.7605 -0.5320 220 112 45
0.082677 0.035433 -0.074803 0.4918 0.7897 -0.3668 221 112 44
0.082677 0.035433 -0.066929 0.5191 0.7825 -0.3438 221 112 44
0.082677 0.035433 -0.059055 0.5086 0.8294 -0.2312 221 112 43
0.082677 0.035433 -0.051181 0.5812 0.8094 -0.0840 221 112 43
0.082677 0.035433 -0.043307 0.6588 0.5343 0.5296 221 112 43
0.082677 0.035433 -0.035433 0.6384 0.5095 0.5769 221 111 42
0.082677 0.035433 -0.027559 0.5912 0.4871 0.6429 221 111 42
0.082677 0.035433 -0.019685 0.5289 0.4933 0.6906 220 111 42
0.082677 0.035433 -0.011811 0.4958 0.4523 0.7414 221 111 41
0.082677 0.035433 -0.003937 0.4517 0.4390 0.7767 221 112 40
0.082677 0.035433 0.003937 0.3404 0.4261 0.8382 221 112 40
0.082677 0.035433 0.011811 0.2856 0.2933 0.9124 221 112 41
0.082677 0.035433 0.019685 0.2855 0.2194 0.9329 220 113 42
0.082677 0.035433 0.027559 0.2037 0.2011 0.9582 213 119 49
0.082677 0.043307 -0.106299 0.1839 0.4702 -0.8632 219 114 50
0.082677 0.043307 -0.098425 0.1365 0.5212 -0.8425 219 113 47
0.082677 0.043307 -0.090551 0.1340 0.5359 -0.8336 220 112 46
0.082677 0.043307 -0.082677 0.3304 0.6758 -0.6589 220 112 45
0.082677 0.043307 -0.074803 0.5381 0.7348 -0.4129 221 112 45
0.082677 0.043307 -0.066929 0.5870 0.7304 -0.3491 221 112 44
0.082677 0.043307 -0.059055 0.6152 0.7391 -0.2744 221 112 43
0.082677 0.043307 -0.051181 0.6801 0.7270 -0.0943 221 112 43
0.082677 0.043307 -0.043307 0.7169 0.2856 0.6359 221 112 43
0.082677 0.043307 -0.035433 0.6391 0.2528 0.7264 221 112 42
0.082677 0.043307 -0.027559 0.4707 0.0164 0.8821 221 112 42
0.082677 0.043307 -0.019685 0.4790 0.0848 0.8737 221 112 42
0.082677 0.043307 -0.011811 0.3880 0.0297 0.9212 221 112 42
0.082677 0.043307 -0.003937 0.2124 -0.1149 0.9704 221 113 41
0.082677 0.043307 0.003937 0.2159 -0.1333 0.9673 220 113 41
0.082677 0.043307 0.011811 0.1990 -0.1181 0.9729 209 122 46
0.082677 0.043307 0.019685 0.1570 -0.0208 0.9874 207 125 51
0.082677 0.051181 -0.106299 0.0785 0.3486 -0.9340 219 113 48
0.082677 0.051181 -0.098425 0.0536 0.3632 -0.9302 220 113 47
0.082677 0.051181 -0.090551 0.0432 0.3759 -0.9257 220 113 46
0.082677 0.051181 -0.082677 0.0848 0.2607 -0.9617 221 112 46
0.082677 0.051181 -0.074803 0.5036 0.5981 -0.6234 220 113 45
0.082677 0.051181 -0.066929 0.5436 0.5844 -0.6024 221 112 44
0.082677 0.051181 -0.059055 0.9348 0.3305 -0.1297 221 112 44
0.082677 0.051181 -0.051181 0.6467 -0.1715 0.7432 221 113 43
0.082677 0.051181 -0.043307 0.4858 -0.3320 0.8086 221 112 43
0.082677 0.051181 -0.035433 0.4549 -0.2859 0.8434 221 112 42
0.082677 0.051181 -0.027559 0.3682 -0.2983 0.8806 221 113 42
0.082677 0.051181 -0.019685 0.2968 -0.2677 0.9167 220 113 42
0.082677 0.051181 -0.011811 0.1971 -0.3048 0.9318 220 114 42
0.082677 0.051181 -0.003937 0.1565 -0.2675 0.9508 211 123 48
0.082677 0.051181 0.003937 0.2147 -0.2754 0.9371 210 124 49
0.082677 0.051181 0.011811 0.1639 -0.2121 0.9634 210 124 51
0.082677 0.051181 0.019685 0.1886 -0.1525 0.9701 209 126 53
0.082677 0.059055 -0.114173 0.0033 0.1769 -0.9842 219 113 49
0.082677 0.059055 -0.106299 0.0186 0.1453 -0.9892 219 113 47
0.082677 0.059055 -0.098425 -0.0062 -0.1645 -0.9864 219 113 46
0.082677 0.059055 -0.090551 -0.0146 -0.3982 -0.9172 220 113 46
0.082677 0.059055 -0.082677 0.0582 -0.5072 -0.8599 220 113 46
0.082677 0.059055 -0.074803 0.0563 -0.5444 -0.8369 221 113 45
0.082677 0.059055 -0.066929 0.0412 -0.5763 -0.8162 220 113 45
0.082677 0.059055 -0.059055 0.5835 -0.7091 -0.3959 221 113 44
0.082677 0.059055 -0.051181 0.3559 -0.6498 0.6717 221 113 43
0.082677 0.059055 -0.043307 0.2921 -0.6330 0.7169 221 113 43
0.082677 0.059055 -0.035433 0.2845 -0.5394 0.7926 220 113 43
0.082677 0.059055 -0.027559 0.2030 -0.5564 0.8057 221 113 42
0.082677 0.059055 -0.019685 0.1501 -0.4931 0.8569 217 118 46
0.082677 0.059055 -0.011811 0.1024 -0.5129 0.8523 211 125 51
0.082677 0.059055 -0.003937 0.1277 -0.4001 0.9075 211 125 52
0.082677 0.059055 0.003937 0.0878 -0.3676 0.9258 211 126 53
0.082677 0.059055 0.011811 0.0983 -0.2793 0.9552 210 126 53
0.082677 0.066929 -0.114173 -0.1960 -0.3300 -0.9234 218 113 48
0.082677 0.066929 -0.106299 -0.1315 -0.5448 -0.8282 219 113 46
0.082677 0.066929 -0.098425 -0.0483 -0.6295 -0.7755 219 113 46
0.082677 0.066929 -0.090551 -0.0892 -0.6419 -0.7616 220 113 46
0.082677 0.066929 -0.082677 -0.0923 -0.6871 -0.7207 220 113 45
0.082677 0.066929 -0.074803 -0.0728 -0.7130 -0.6974 221 113 44
0.082677 0.066929 -0.066929 -0.0427 -0.7536 -0.6560 221 113 44
0.082677 0.066929 -0.059055 0.0957 -0.9889 0.1135 221 113 43
0.082677 0.066929 -0.051181 0.0752 -0.8754 0.4775 221 113 43
0.082677 0.066929 -0.043307 0.0493 -0.8064 0.5893 221 113 43
0.082677 0.066929 -0.035433 0.0572 -0.7303 0.6807 220 113 43
0.082677 0.066929 -0.027559 -0.0621 -0.7571 0.6503 215 119 45
0.082677 0.066929 -0.019685 0.0270 -0.6938 0.7197 210 125 52
0.082677 0.066929 -0.011811 -0.0307 -0.7136 0.6999 211 125 53
0.082677 0.066929 -0.003937 -0.0792 -0.6695 0.7385 211 126 53
0.082677 0.066929 0.003937 -0.0965 -0.6450 0.7581 211 126 54
0.082677 0.066929 0.011811 -0.1185 -0.5398 0.8334 210 125 55
0.082677 0.074803 -0.122047 -0.2153 -0.5554 -0.8032 217 114 49
0.082677 0.074803 -0.114173 -0.2619 -0.6024 -0.7540 218 113 48
0.082677 0.074803 -0.106299 -0.1972 -0.7246 -0.6603 218 113 47
0.082677 0.074803 -0.098425 -0.2091 -0.7063 -0.6764 219 113 46
0.082677 0.074803 -0.090551 -0.1830 -0.7486 -0.6372 220 114 46
0.082677 0.074803 -0.082677 -0.1603 -0.7561 -0.6345 220 113 45
0.082677 0.074803 -0.074803 -0.1179 -0.7860 -0.6069 221 113 45
0.082677 0.074803 -0.066929 -0.1206 -0.8610 -0.4941 221 113 44
0.082677 0.074803 -0.059055 -0.0466 -0.9989 0.0092 221 113 44
0.082677 0.074803 -0.051181 -0.1359 -0.9714 0.1946 221 113 43
0.082677 0.074803 -0.043307 -0.1030 -0.9422 0.3188 221 113 43
0.082677 0.074803 -0.035433 -0.1060 -0.8978 0.4275 215 119 49
0.082677 0.074803 -0.027559 -0.0698 -0.8544 0.5149 210 126 53
0.082677 0.074803 -0.019685 -0.0319 -0.8347 0.5498 210 125 53
0.082677 0.074803 -0.011811 -0.0844 -0.8164 0.5712 211 126 54
0.082677 0.074803 -0.003937 -0.0872 -0.8264 0.5563 210 126 55
0.082677 0.074803 0.003937 -0.0956 -0.7695 0.6314 209 125 55
0.082677 0.074803 0.011811 -0.1321 -0.7489 0.6494 207 126 56
0.082677 0.082677 -0.114173 -0.2583 -0.7034 -0.6622 217 113 47
0.082677 0.082677 -0.106299 -0.2231 -0.7583 -0.6126 218 113 46
0.082677 0.082677 -0.098425 -0.2281 -0.7673 -0.5993 219 114 46
0.082677 0.082677 -0.090551 -0.2244 -0.8017 -0.5540 220 114 46
0.082677 0.082677 -0.082677 -0.2439 -0.8189 -0.5195 220 114 45
0.082677 0.082677 -0.074803 -0.2093 -0.8383 -0.5034 220 114 45
0.082677 0.082677 -0.066929 -0.1785 -0.9645 -0.1948 220 113 44
0.082677 0.082677 -0.059055 -0.1475 -0.9879 -0.0488 220 113 45
0.082677 0.082677 -0.051181 -0.2076 -0.9674 0.1447 220 113 44
0.082677 0.082677 -0.043307 -0.1874 -0.9626 0.1957 220 114 44
0.082677 0.082677 -0.035433 -0.1477 -0.9353 0.3216 210 125 56
0.082677 0.082677 -0.027559 -0.0778 -0.8901 0.4492 210 126 53
0.082677 0.082677 -0.019685 -0.1011 -0.9016 0.4207 210 126 54
0.082677 0.082677 -0.011811 -0.0959 -0.8795 0.4661 209 127 54
0.082677 0.082677 -0.003937 -0.0915 -0.8527 0.5142 209 127 55
0.082677 0.082677 0.003937 -0.1491 -0.7747 0.6146 206 126 55
0.082677 0.090551 -0.114173 -0.1536 -0.8327 -0.5319 217 114 47
0.082677 0.090551 -0.106299 -0.1560 -0.8408 -0.5185 218 114 47
0.082677 0.090551 -0.098425 -0.2099 -0.8367 -0.5059 219 114 46
0.082677 0.090551 -0.090551 -0.2494 -0.8330 -0.4938 220 114 47
0.082677 0.090551 -0.082677 -0.2391 -0.8669 -0.4374 219 114 45
0.082677 0.090551 -0.074803 -0.2375 -0.9073 -0.3471 220 114 45
0.082677 0.090551 -0.066929 -0.2337 -0.9614 -0.1450 219 114 45
0.082677 0.090551 -0.059055 -0.1945 -0.9809 0.0006 219 114 45
0.082677 0.090551 -0.051181 -0.2123 -0.9675 0.1372 219 114 45
0.082677 0.090551 -0.043307 -0.1432 -0.9578 0.2491 219 114 43
0.082677 0.090551 -0.035433 -0.1197 -0.9470 0.2982 213 121 48
0.082677 0.090551 -0.027559 -0.1255 -0.9344 0.3334 209 127 54
0.082677 0.090551 -0.019685 -0.1398 -0.9089 0.3928 209 127 54
0.082677 0.090551 -0.011811 -0.1209 -0.9022 0.4140 208 126 55
0.082677 0.090551 -0.003937 -0.1432 -0.8552 0.4981 207 126 55
0.082677 0.090551 0.003937 -0.1974 -0.7999 0.5667 206 127 57
0.082677 0.098425 -0.114173 -0.2034 -0.8378 -0.5066 216 115 49
0.082677 0.098425 -0.106299 -0.1727 -0.8867 -0.4289 218 114 47
0.082677 0.098425 -0.098425 -0.1930 -0.9101 -0.3668 219 114 46
0.082677 0.098425 -0.090551 -0.2311 -0.9136 -0.3345 219 114 47
0.082677 0.098425 -0.082677 -0.2358 -0.9213 -0.3091 219 114 46
0.082677 0.098425 -0.074803 -0.2310 -0.9564 -0.1787 219 114 46
0.082677 0.098425 -0.066929 -0.1958 -0.9802 -0.0305 219 114 46
0.082677 0.098425 -0.059055 -0.1880 -0.9820 -0.0180 218 114 45
0.082677 0.098425 -0.051181 -0.1311 -0.9776 0.1645 218 114 45
0.082677 0.098425 -0.043307 -0.1019 -0.9727 0.2087 218 114 46
0.082677 0.098425 -0.035433 -0.1362 -0.9583 0.2511 217 115 46
0.082677 0.098425 -0.027559 -0.1479 -0.9453 0.2907 213 124 55
0.082677 0.098425 -0.019685 -0.1461 -0.9049 0.3998 209 127 55
0.082677 0.098425 -0.011811 -0.2160 -0.8780 0.4272 206 127 55
0.082677 0.098425 -0.003937 -0.2007 -0.8391 0.5057 205 127 57
0.082677 0.106299 -0.106299 -0.2390 -0.8600 -0.4509 217 114 49
0.082677 0.106299 -0.098425 -0.2136 -0.9106 -0.3537 218 115 49
0.082677 0.106299 -0.090551 -0.2424 -0.9372 -0.2509 218 115 48
0.082677 0.106299 -0.082677 -0.2498 -0.9564 -0.1514 218 115 48
0.082677 0.106299 -0.074803 -0.2348 -0.9683 -0.0853 218 115 47
0.082677 0.106299 -0.066929 -0.1927 -0.9812 -0.0074 217 115 46
0.082677 0.106299 -0.059055 -0.1611 -0.9858 0.0468 217 114 46
0.082677 0.106299 -0.051181 -0.1000 -0.9690 0.2260 218 114 45
0.082677 0.106299 -0.043307 -0.1079 -0.9654 0.2374 217 115 45
0.082677 0.106299 -0.035433 -0.1015 -0.9427 0.3179 216 115 46
0.082677 0.106299 -0.027559 -0.1330 -0.9136 0.3842 214 117 45
0.082677 0.106299 -0.019685 -0.1629 -0.9005 0.4031 215 121 49
0.082677 0.106299 -0.011811 -0.2107 -0.8020 0.5589 204 127 58
0.082677 0.106299 -0.003937 -0.1529 -0.7503 0.6431 200 129 58
0.082677 0.114173 -0.106299 -0.1970 -0.8753 -0.4417 203 128 60
0.082677 0.114173 -0.098425 -0.2148 -0.9363 -0.2778 203 127 59
0.082677 0.114173 -0.090551 -0.2567 -0.9522 -0.1654 214 117 51
0.082677 0.114173 -0.082677 -0.2965 -0.9396 -0.1709 216 116 49
0.082677 0.114173 -0.074803 -0.2757 -0.9555 -0.1049 216 115 49
0.082677 0.114173 -0.066929 -0.2111 -0.9770 -0.0301 216 115 49
0.082677 0.114173 -0.059055 -0.1225 -0.9916 0.0419 216 115 49
0.082677 0.114173 -0.051181 -0.1174 -0.9892 0.0878 215 116 48
0.082677 0.114173 -0.043307 -0.0903 -0.9687 0.2312 215 115 48
0.082677 0.114173 -0.035433 -0.1214 -0.9534 0.2763 214 115 47
0.082677 0.114173 -0.027559 -0.1299 -0.9341 0.3324 214 116 48
0.082677 0.114173 -0.019685 -0.1438 -0.9108 0.3871 213 115 48
0.082677 0.114173 -0.011811 -0.1553 -0.8609 0.4846 206 127 58
0.082677 0.122047 -0.106299 -0.2472 -0.8995 -0.3602 197 137 71
0.082677 0.122047 -0.098425 -0.2743 -0.9281 -0.2518 204 128 62
0.082677 0.122047 -0.090551 -0.2753 -0.9443 -0.1801 204 127 60
0.082677 0.122047 -0.082677 -0.2832 -0.9445 -0.1662 215 115 52
0.082677 0.122047 -0.074803 -0.2322 -0.9682 -0.0935 215 115 51
0.082677 0.122047 -0.066929 -0.1805 -0.9821 -0.0539 214 116 51
0.082677 0.122047 -0.059055 -0.1866 -0.9820 -0.0285 213 116 51
0.082677 0.122047 -0.051181 -0.1898 -0.9816 0.0203 213 116 50
0.082677 0.122047 -0.043307 -0.1857 -0.9791 0.0831 213 115 51
0.082677 0.122047 -0.035433 -0.1878 -0.9621 0.1975 212 116 50
0.082677 0.122047 -0.027559 -0.1662 -0.9425 0.2898 215 115 51
0.090551 0.003937 -0.074803 0.4026 0.8579 -0.3194 219 112 49
0.090551 0.003937 -0.066929 0.3426 0.9095 -0.2355 218 111 47
0.090551 0.003937 -0.059055 0.3027 0.9320 -0.1995 218 112 47
0.090551 0.003937 -0.051181 0.2874 0.9497 -0.1247 218 112 47
0.090551 0.003937 -0.043307 0.3134 0.9472 -0.0675 218 112 47
0.090551 0.003937 -0.035433 0.3218 0.9468 0.0079 219 113 48
0.090551 0.011811 -0.082677 0.4508 0.8211 -0.3500 219 111 47
0.090551 0.011811 -0.074803 0.4517 0.8381 -0.3058 219 111 46
0.090551 0.011811 -0.066929 0.3201 0.9311 -0.1750 220 111 45
0.090551 0.011811 -0.059055 0.3447 0.9244 -0.1632 220 111 45
0.090551 0.011811 -0.051181 0.3257 0.9371 -0.1254 220 111 44
0.090551 0.011811 -0.043307 0.3376 0.9390 -0.0661 220 111 44
0.090551 0.011811 -0.035433 0.3795 0.9170 0.1226 221 111 44
0.090551 0.011811 -0.027559 0.3799 0.9026 0.2026 221 111 44
0.090551 0.011811 -0.019685 0.4108 0.8333 0.3698 219 111 44
0.090551 0.011811 -0.011811 0.4033 0.7916 0.4591 220 112 44
0.090551 0.011811 -0.003937 0.3838 0.7535 0.5338 220 112 45
0.090551 0.019685 -0.090551 0.4227 0.7788 -0.4634 219 112 46
0.090551 0.019685 -0.082677 0.4338 0.8079 -0.3989 219 111 46
0.090551 0.019685 -0.074803 0.4539 0.8316 -0.3199 220 111 45
0.090551 0.019685 -0.066929 0.4426 0.8567 -0.2649 220 111 44
0.090551 0.019685 -0.059055 0.4179 0.8966 -0.1463 220 111 44
0.090551 0.019685 -0.051181 0.3877 0.9162 -0.1011 221 110 44
0.090551 0.019685 -0.043307 0.4166 0.9083 -0.0374 220 111 43
0.090551 0.019685 -0.035433 0.4525 0.8646 0.2183 221 111 43
0.090551 0.019685 -0.027559 0.4217 0.8552 0.3012 221 111 42
0.090551 0.019685 -0.019685 0.4280 0.8326 0.3515 220 111 43
0.090551 0.019685 -0.011811 0.4085 0.7541 0.5144 220 111 42
0.090551 0.019685 -0.003937 0.3777 0.7031 0.6024 220 111 43
0.090551 0.019685 0.003937 0.3551 0.6596 0.6625 221 112 43
0.090551 0.019685 0.011811 0.3413 0.5941 0.7284 221 113 43
0.090551 0.019685 0.019685 0.2951 0.5193 0.8021 221 112 43
0.090551 0.027559 -0.098425 0.5363 0.6789 -0.5015 219 112 49
0.090551 0.027559 -0.090551 0.4056 0.7627 -0.5038 219 112 47
0.090551 0.027559 -0.082677 0.4621 0.7930 -0.3971 220 111 45
0.090551 0.027559 -0.074803 0.4687 0.8156 -0.3392 220 111 45
0.090551 0.027559 -0.066929 0.4553 0.8486 -0.2693 221 110 44
0.090551 0.027559 -0.059055 0.5044 0.8354 -0.2183 221 111 44
0.090551 0.027559 -0.051181 0.4915 0.8697 -0.0453 221 111 43
0.090551 0.027559 -0.043307 0.5545 0.8171 0.1580 221 111 41
0.090551 0.027559 -0.035433 0.5217 0.8104 0.2667 221 111 41
0.090551 0.027559 -0.027559 0.4715 0.8145 0.3380 221 111 42
0.090551 0.027559 -0.019685 0.4335 0.8021 0.4107 221 111 41
0.090551 0.027559 -0.011811 0.3889 0.7378 0.5518 221 111 41
0.090551 0.027559 -0.003937 0.3919 0.6172 0.6823 221 111 41
0.090551 0.027559 0.003937 0.3428 0.5937 0.7280 221 112 42
0.090551 0.027559 0.011811 0.2971 0.5143 0.8045 220 111 42
0.090551 0.027559 0.019685 0.2904 0.3903 0.8737 220 112 42
0.090551 0.027559 0.027559 0.2243 0.3248 0.9188 219 113 46
0.090551 0.035433 -0.098425 0.3918 0.7021 -0.5947 220 112 48
0.090551 0.035433 -0.090551 0.4241 0.7264 -0.5408 220 111 47
0.090551 0.035433 -0.082677 0.5147 0.7471 -0.4206 220 112 45
0.090551 0.035433 -0.074803 0.5383 0.7615 -0.3611 221 111 45
0.090551 0.035433 -0.066929 0.5474 0.7993 -0.2478 221 111 44
0.090551 0.035433 -0.059055 0.5629 0.7948 -0.2269 221 111 43
0.090551 0.035433 -0.051181 0.5965 0.7965 -0.0988 221 111 43
0.090551 0.035433 -0.043307 0.7087 0.5519 0.4394 221 111 42
0.090551 0.035433 -0.035433 0.6548 0.6501 0.3856 220 111 42
0.090551 0.035433 -0.027559 0.5810 0.6353 0.5088 220 112 41
0.090551 0.035433 -0.019685 0.5330 0.6124 0.5839 220 111 41
0.090551 0.035433 -0.011811 0.3891 0.6478 0.6550 221 111 41
0.090551 0.035433 -0.003937 0.3815 0.5462 0.7458 221 111 41
0.090551 0.035433 0.003937 0.3621 0.5016 0.7857 221 112 41
0.090551 0.035433 0.011811 0.3530 0.3599 0.8636 221 112 42
0.090551 0.035433 0.019685 0.3483 0.3061 0.8860 222 112 43
0.090551 0.035433 0.027559 0.2675 0.3453 0.8995 219 114 45
0.090551 0.043307 -0.106299 0.2554 0.5366 -0.8042 219 113 49
0.090551 0.043307 -0.098425 0.3739 0.6598 -0.6518 220 112 47
0.090551 0.043307 -0.090551 0.4545 0.6518 -0.6071 220 112 46
0.090551 0.043307 -0.082677 0.5741 0.6643 -0.4787 221 112 46
0.090551 0.043307 -0.074803 0.6090 0.6876 -0.3954 221 112 45
0.090551 0.043307 -0.066929 0.5973 0.7335 -0.3242 221 112 44
0.090551 0.043307 -0.059055 0.6372 0.7499 -0.1777 221 112 43
0.090551 0.043307 -0.051181 0.7441 0.5078 0.4340 221 112 43
0.090551 0.043307 -0.043307 0.6886 0.4204 0.5908 221 112 42
0.090551 0.043307 -0.035433 0.6239 0.3325 0.7073 221 112 42
0.090551 0.043307 -0.027559 0.5773 0.2331 0.7825 221 112 42
0.090551 0.043307 -0.019685 0.4869 0.1821 0.8543 221 112 42
0.090551 0.043307 -0.011811 0.4149 0.1375 0.8994 221 112 42
0.090551 0.043307 -0.003937 0.3110 0.1085 0.9442 222 112 40
0.090551 0.043307 0.003937 0.3113 0.0267 0.9499 215 118 45
0.090551 0.043307 0.011811 0.2216 0.1084 0.9691 207 125 51
0.090551 0.043307 0.019685 0.2214 0.1597 0.9620 206 124 52
0.090551 0.051181 -0.106299 0.1330 0.4160 -0.8996 219 113 48
0.090551 0.051181 -0.098425 0.2594 0.4850 -0.8352 220 112 47
0.090551 0.051181 -0.090551 0.3789 0.5823 -0.7193 220 112 46
0.090551 0.051181 -0.082677 0.5835 0.5481 -0.5993 221 112 46
0.090551 0.051181 -0.074803 0.6197 0.5484 -0.5614 221 112 45
0.090551 0.051181 -0.066929 0.6808 0.6352 -0.3648 221 112 44
0.090551 0.051181 -0.059055 0.7379 0.6355 -0.2273 221 112 44
0.090551 0.051181 -0.051181 0.7695 0.1452 0.6219 221 112 43
0.090551 0.051181 -0.043307 0.7072 0.0649 0.7041 221 112 43
0.090551 0.051181 -0.035433 0.5500 -0.0580 0.8332 221 112 42
0.090551 0.051181 -0.027559 0.4782 -0.1015 0.8724 221 112 42
0.090551 0.051181 -0.019685 0.3450 -0.2400 0.9074 220 113 42
0.090551 0.051181 -0.011811 0.2423 -0.2770 0.9298 216 117 43
0.090551 0.051181 -0.003937 0.2040 -0.2583 0.9443 207 125 49
0.090551 0.051181 0.003937 0.2521 -0.2674 0.9300 209 124 50
0.090551 0.051181 0.011811 0.2390 -0.1039 0.9654 210 124 52
0.090551 0.051181 0.019685 0.2255 -0.0800 0.9710 210 124 52
0.090551 0.059055 -0.114173 0.0132 0.2502 -0.9681 219 113 48
0.090551 0.059055 -0.106299 0.0751 0.1965 -0.9776 219 113 48
0.090551 0.059055 -0.098425 0.1116 0.0833 -0.9903 219 113 46
0.090551 0.059055 -0.090551 0.3255 0.3033 -0.8956 220 113 46
0.090551 0.059055 -0.082677 0.4965 0.2904 -0.8180 221 112 46
0.090551 0.059055 -0.074803 0.6690 0.0669 -0.7402 221 113 45
0.090551 0.059055 -0.066929 0.6726 0.3087 -0.6725 220 113 45
0.090551 0.059055 -0.059055 0.9036 -0.1637 0.3959 221 113 44
0.090551 0.059055 -0.051181 0.5860 -0.3462 0.7326 221 113 43
0.090551 0.059055 -0.043307 0.5087 -0.3702 0.7773 221 113 43
0.090551 0.059055 -0.035433 0.4064 -0.3851 0.8285 220 113 43
0.090551 0.059055 -0.027559 0.3332 -0.4085 0.8497 219 114 43
0.090551 0.059055 -0.019685 0.2492 -0.3917 0.8857 211 123 48
0.090551 0.059055 -0.011811 0.2547 -0.4188 0.8717 210 124 51
0.090551 0.059055 -0.003937 0.2360 -0.3481 0.9072 211 125 52
0.090551 0.059055 0.003937 0.1894 -0.2670 0.9449 210 125 52
0.090551 0.059055 0.011811 0.1704 -0.1892 0.9670 210 125 53
0.090551 0.066929 -0.122047 -0.0649 -0.1484 -0.9868 218 115 49
0.090551 0.066929 -0.114173 -0.0769 -0.4109 -0.9084 218 113 48
0.090551 0.066929 -0.106299 0.0230 -0.4803 -0.8768 219 113 47
0.090551 0.066929 -0.098425 0.0269 -0.5396 -0.8415 220 113 46
0.090551 0.066929 -0.090551 0.0350 -0.5890 -0.8074 220 113 46
0.090551 0.066929 -0.082677 0.0379 -0.6246 -0.7800 220 113 45
0.090551 0.066929 -0.074803 0.2137 -0.6755 -0.7057 221 113 45
0.090551 0.066929 -0.066929 0.3434 -0.7271 -0.5944 221 113 44
0.090551 0.066929 -0.059055 0.4449 -0.7713 0.4552 221 113 44
0.090551 0.066929 -0.051181 0.3324 -0.6958 0.6366 221 113 43
0.090551 0.066929 -0.043307 0.2722 -0.6660 0.6945 221 114 43
0.090551 0.066929 -0.035433 0.2239 -0.6199 0.7521 213 123 50
0.090551 0.066929 -0.027559 0.0577 -0.6311 0.7736 209 125 52
0.090551 0.066929 -0.019685 0.1155 -0.6090 0.7848 211 125 52
0.090551 0.066929 -0.011811 0.1300 -0.5125 0.8488 211 126 53
0.090551 0.066929 -0.003937 0.0831 -0.4370 0.8956 211 126 53
0.090551 0.066929 0.003937 0.0779 -0.3681 0.9265 210 126 52
0.090551 0.066929 0.011811 0.1661 -0.2029 0.9650 209 125 54
0.090551 0.074803 -0.122047 -0.1114 -0.6603 -0.7427 217 114 48
0.090551 0.074803 -0.114173 -0.1177 -0.6825 -0.7213 218 113 48
0.090551 0.074803 -0.106299 -0.1080 -0.7229 -0.6825 219 113 47
0.090551 0.074803 -0.098425 -0.1379 -0.7150 -0.6854 220 113 46
0.090551 0.074803 -0.090551 -0.1437 -0.7335 -0.6644 220 113 45
0.090551 0.074803 -0.082677 -0.0927 -0.7581 -0.6455 221 113 45
0.090551 0.074803 -0.074803 0.0283 -0.8012 -0.5978 221 113 45
0.090551 0.074803 -0.066929 0.0787 -0.9736 -0.2142 221 113 44
0.090551 0.074803 -0.059055 0.0823 -0.9776 0.1938 221 114 44
0.090551 0.074803 -0.051181 0.0327 -0.8835 0.4673 220 115 44
0.090551 0.074803 -0.043307 0.0003 -0.8631 0.5051 213 123 49
0.090551 0.074803 -0.035433 -0.0245 -0.8405 0.5412 211 125 54
0.090551 0.074803 -0.027559 -0.0645 -0.8345 0.5473 211 125 54
0.090551 0.074803 -0.019685 -0.0158 -0.8393 0.5435 210 126 53
0.090551 0.074803 -0.011811 -0.0695 -0.7984 0.5981 210 126 53
0.090551 0.074803 -0.003937 -0.1003 -0.6552 0.7487 210 125 54
0.090551 0.074803 0.003937 -0.0648 -0.5151 0.8547 206 122 52
0.090551 0.082677 -0.114173 0.0096 -0.8347 -0.5505 218 113 47
0.090551 0.082677 -0.106299 -0.1197 -0.7820 -0.6116 219 114 47
0.090551 0.082677 -0.098425 -0.1480 -0.7973 -0.5852 220 114 46
0.090551 0.082677 -0.090551 -0.1707 -0.8288 -0.5329 220 113 46
0.090551 0.082677 -0.082677 -0.1748 -0.8487 -0.4992 220 114 45
0.090551 0.082677 -0.074803 -0.1872 -0.8873 -0.4215 221 113 45
0.090551 0.082677 -0.066929 -0.1468 -0.9833 -0.1075 221 114 44
0.090551 0.082677 -0.059055 -0.1199 -0.9924 0.0273 220 114 44
0.090551 0.082677 -0.051181 -0.1369 -0.9653 0.2226 213 122 55
0.090551 0.082677 -0.043307 -0.1127 -0.9415 0.3176 210 127 55
0.090551 0.082677 -0.035433 -0.0626 -0.9141 0.4006 210 125 55
0.090551 0.082677 -0.027559 -0.0169 -0.9161 0.4006 210 126 55
0.090551 0.082677 -0.019685 -0.0468 -0.9151 0.4005 210 126 54
0.090551 0.082677 -0.011811 -0.0611 -0.8760 0.4785 209 126 54
0.090551 0.082677 -0.003937 -0.1405 -0.7972 0.5871 208 126 54
0.090551 0.082677 0.003937 0.2210 -0.3060 0.9260 207 124 55
0.090551 0.090551 -0.114173 -0.0113 -0.8724 -0.4886 218 114 47
0.090551 0.090551 -0.106299 -0.0307 -0.8942 -0.4467 219 114 47
0.090551 0.090551 -0.098425 -0.0769 -0.8795 -0.4697 219 114 46
0.090551 0.090551 -0.090551 -0.2010 -0.8469 -0.4923 220 114 46
0.090551 0.090551 -0.082677 -0.1805 -0.8873 -0.4245 220 114 45
0.090551 0.090551 -0.074803 -0.2079 -0.9503 -0.2316 220 114 46
0.090551 0.090551 -0.066929 -0.2188 -0.9730 -0.0736 219 115 45
0.090551 0.090551 -0.059055 -0.2094 -0.9772 0.0341 219 115 45
0.090551 0.090551 -0.051181 -0.1637 -0.9663 0.1989 209 126 57
0.090551 0.090551 -0.043307 -0.0761 -0.9462 0.3146 210 126 54
0.090551 0.090551 -0.035433 -0.0772 -0.9610 0.2657 210 126 55
0.090551 0.090551 -0.027559 -0.0787 -0.9588 0.2731 209 126 55
0.090551 0.090551 -0.019685 -0.0624 -0.9335 0.3531 208 127 55
0.090551 0.090551 -0.011811 -0.1153 -0.8570 0.5023 208 126 55
0.090551 0.090551 -0.003937 -0.1889 -0.7530 0.6303 207 125 56
0.090551 0.098425 -0.114173 -0.1136 -0.8789 -0.4633 216 116 50
0.090551 0.098425 -0.106299 -0.1027 -0.8888 -0.4465 218 114 48
0.090551 0.098425 -0.098425 -0.0677 -0.9318 -0.3566 218 114 47
0.090551 0.098425 -0.090551 -0.0886 -0.9435 -0.3194 219 114 47
0.090551 0.098425 -0.082677 -0.1314 -0.9544 -0.2681 219 114 46
0.090551 0.098425 -0.074803 -0.2315 -0.9627 -0.1403 219 114 46
0.090551 0.098425 -0.066929 -0.2014 -0.9768 -0.0733 218 114 46
0.090551 0.098425 -0.059055 -0.1957 -0.9804 -0.0233 218 115 45
0.090551 0.098425 -0.051181 -0.1121 -0.9732 0.2008 214 118 46
0.090551 0.098425 -0.043307 -0.1023 -0.9604 0.2591 212 123 51
0.090551 0.098425 -0.035433 -0.1018 -0.9641 0.2451 209 126 55
0.090551 0.098425 -0.027559 -0.1142 -0.9599 0.2562 207 127 55
0.090551 0.098425 -0.019685 -0.1222 -0.9318 0.3418 206 127 55
0.090551 0.098425 -0.011811 -0.2263 -0.7880 0.5726 206 126 56
0.090551 0.098425 -0.003937 -0.2012 -0.6507 0.7322 207 124 57
0.090551 0.106299 -0.106299 -0.1351 -0.8502 -0.5089 215 117 50
0.090551 0.106299 -0.098425 -0.0835 -0.9334 -0.3490 219 115 49
0.090551 0.106299 -0.090551 -0.1319 -0.9562 -0.2612 218 114 48
0.090551 0.106299 -0.082677 -0.1464 -0.9844 -0.0975 218 115 48
0.090551 0.106299 -0.074803 -0.1398 -0.9886 -0.0551 217 115 47
0.090551 0.106299 -0.066929 -0.1418 -0.9897 0.0190 217 115 46
0.090551 0.106299 -0.059055 -0.1288 -0.9914 0.0226 217 115 47
0.090551 0.106299 -0.051181 -0.1023 -0.9650 0.2414 218 115 47
0.090551 0.106299 -0.043307 -0.1135 -0.9593 0.2585 215 116 48
0.090551 0.106299 -0.035433 -0.1318 -0.9523 0.2753 211 126 54
0.090551 0.106299 -0.027559 -0.1804 -0.9304 0.3192 206 127 57
0.090551 0.106299 -0.019685 -0.1884 -0.8988 0.3959 205 127 56
0.090551 0.106299 -0.011811 -0.1438 -0.7295 0.6687 206 122 52
0.090551 0.106299 -0.003937 -0.1210 -0.7086 0.6951 207 120 45
0.090551 0.114173 -0.106299 -0.1236 -0.9049 -0.4073 202 127 60
0.090551 0.114173 -0.098425 -0.1195 -0.9558 -0.2687 203 126 59
0.090551 0.114173 -0.090551 -0.1688 -0.9705 -0.1721 214 117 51
0.090551 0.114173 -0.082677 -0.1935 -0.9628 -0.1886 216 115 49
0.090551 0.114173 -0.074803 -0.1629 -0.9825 -0.0909 216 115 48
0.090551 0.114173 -0.066929 -0.1085 -0.9940 0.0119 215 115 48
0.090551 0.114173 -0.059055 -0.0684 -0.9938 0.0878 216 115 48
0.090551 0.114173 -0.051181 -0.0829 -0.9869 0.1386 215 116 48
0.090551 0.114173 -0.043307 -0.0795 -0.9584 0.2741 214 117 46
0.090551 0.114173 -0.035433 -0.1214 -0.9435 0.3084 214 119 47
0.090551 0.114173 -0.027559 -0.1523 -0.8829 0.4441 204 129 59
0.090551 0.114173 -0.019685 -0.1085 -0.7770 0.6200 198 129 58
0.090551 0.114173 -0.011811 -0.0902 -0.7408 0.6657 205 125 45
0.090551 0.122047 -0.098425 -0.2070 -0.9403 -0.2701 204 128 62
0.090551 0.122047 -0.090551 -0.2467 -0.9573 -0.1509 203 127 60
0.090551 0.122047 -0.082677 -0.1725 -0.9743 -0.1447 214 116 51
0.090551 0.122047 -0.074803 -0.1517 -0.9853 -0.0789 214 115 50
0.090551 0.122047 -0.066929 -0.1336 -0.9910 -0.0112 214 115 49
0.090551 0.122047 -0.059055 -0.1348 -0.9908 0.0091 213 115 50
0.090551 0.122047 -0.051181 -0.1025 -0.9923 0.0696 213 116 50
0.090551 0.122047 -0.043307 -0.1024 -0.9867 0.1259 214 116 49
0.090551 0.122047 -0.035433 -0.1233 -0.9590 0.2553 213 116 49
0.090551 0.129921 -0.074803 -0.2081 -0.9722 -0.1070 214 115 54
0.090551 0.129921 -0.066929 -0.1749 -0.9825 -0.0636 211 115 53
0.090551 0.129921 -0.059055 -0.2167 -0.9747 -0.0543 212 115 53
0.090551 0.129921 -0.051181 -0.1730 -0.9846 0.0251 213 115 52
0.098425 0.003937 -0.066929 0.4202 0.8668 -0.2685 219 112 49
0.098425 0.003937 -0.051181 0.2944 0.9484 -0.1181 218 113 50
0.098425 0.011811 -0.082677 0.4582 0.8390 -0.2934 218 112 48
0.098425 0.011811 -0.074803 0.4301 0.8663 -0.2541 218 111 47
0.098425 0.011811 -0.066929 0.4206 0.8838 -0.2049 219 111 47
0.098425 0.011811 -0.059055 0.4212 0.8885 -0.1822 219 111 46
0.098425 0.011811 -0.051181 0.3217 0.9400 -0.1136 220 111 46
0.098425 0.011811 -0.043307 0.3366 0.9391 -0.0685 219 111 46
0.098425 0.011811 -0.035433 0.3530 0.9232 0.1520 220 112 46
0.098425 0.011811 -0.027559 0.3864 0.9014 0.1952 218 112 45
0.098425 0.019685 -0.090551 0.5014 0.7791 -0.3763 219 112 47
0.098425 0.019685 -0.082677 0.4778 0.8162 -0.3249 218 111 47
0.098425 0.019685 -0.074803 0.5008 0.8336 -0.2329 219 111 46
0.098425 0.019685 -0.066929 0.4813 0.8425 -0.2419 220 110 45
0.098425 0.019685 -0.059055 0.4983 0.8504 -0.1690 220 111 45
0.098425 0.019685 -0.051181 0.3811 0.9229 -0.0560 220 110 43
0.098425 0.019685 -0.043307 0.4579 0.8851 0.0829 221 110 44
0.098425 0.019685 -0.035433 0.4356 0.8803 0.1879 221 111 44
0.098425 0.019685 -0.027559 0.4276 0.8675 0.2542 221 111 43
0.098425 0.019685 -0.019685 0.3953 0.8472 0.3549 221 111 42
0.098425 0.019685 -0.011811 0.3993 0.7504 0.5268 221 112 43
0.098425 0.019685 -0.003937 0.3581 0.7192 0.5954 220 112 44
0.098425 0.027559 -0.098425 0.4843 0.7383 -0.4694 219 112 49
0.098425 0.027559 -0.090551 0.4604 0.7664 -0.4480 219 111 47
0.098425 0.027559 -0.082677 0.5035 0.7870 -0.3566 219 111 46
0.098425 0.027559 -0.074803 0.5459 0.7841 -0.2951 220 111 45
0.098425 0.027559 -0.066929 0.5123 0.8130 -0.2768 220 110 45
0.098425 0.027559 -0.059055 0.5474 0.8090 -0.2142 220 110 44
0.098425 0.027559 -0.051181 0.5636 0.8169 -0.1231 220 111 44
0.098425 0.027559 -0.043307 0.5098 0.8416 0.1785 221 111 42
0.098425 0.027559 -0.035433 0.5177 0.8134 0.2651 221 111 42
0.098425 0.027559 -0.027559 0.4418 0.8289 0.3432 221 111 42
0.098425 0.027559 -0.019685 0.4000 0.8208 0.4077 221 111 43
0.098425 0.027559 -0.011811 0.3855 0.7457 0.5435 220 111 43
0.098425 0.027559 -0.003937 0.4003 0.6570 0.6388 218 111 42
0.098425 0.027559 0.003937 0.3415 0.6215 0.7051 221 112 41
0.098425 0.027559 0.011811 0.3369 0.5204 0.7846 221 112 43
0.098425 0.035433 -0.098425 0.4500 0.7154 -0.5345 219 112 48
0.098425 0.035433 -0.090551 0.4652 0.7400 -0.4858 219 111 46
0.098425 0.035433 -0.082677 0.5552 0.7316 -0.3956 220 111 46
0.098425 0.035433 -0.074803 0.5723 0.7521 -0.3268 221 111 45
0.098425 0.035433 -0.066929 0.5972 0.7693 -0.2271 221 111 44
0.098425 0.035433 -0.059055 0.5701 0.7986 -0.1931 220 111 43
0.098425 0.035433 -0.051181 0.6710 0.7405 -0.0368 221 111 43
0.098425 0.035433 -0.043307 0.6525 0.6739 0.3465 220 111 42
0.098425 0.035433 -0.035433 0.5892 0.7524 0.2943 220 111 42
0.098425 0.035433 -0.027559 0.4966 0.7771 0.3867 220 111 41
0.098425 0.035433 -0.019685 0.4598 0.7296 0.5063 220 111 42
0.098425 0.035433 -0.011811 0.4187 0.6770 0.6052 221 111 41
0.098425 0.035433 -0.003937 0.3971 0.6028 0.6920 221 111 41
0.098425 0.035433 0.003937 0.3478 0.5046 0.7902 220 112 42
0.098425 0.035433 0.011811 0.3184 0.3767 0.8699 220 112 42
0.098425 0.043307 -0.106299 0.4425 0.6216 -0.6463 219 112 49
0.098425 0.043307 -0.098425 0.4964 0.6355 -0.5913 219 112 48
0.098425 0.043307 -0.090551 0.5269 0.6732 -0.5189 220 112 46
0.098425 0.043307 -0.082677 0.5673 0.6978 -0.4374 220 111 46
0.098425 0.043307 -0.074803 0.6302 0.6982 -0.3398 220 111 45
0.098425 0.043307 -0.066929 0.6474 0.6958 -0.3110 221 112 44
0.098425 0.043307 -0.059055 0.6750 0.7170 -0.1739 221 112 43
0.098425 0.043307 -0.051181 0.7729 0.5335 0.3436 221 111 43
0.098425 0.043307 -0.043307 0.7179 0.4772 0.5069 221 111 43
0.098425 0.043307 -0.035433 0.6814 0.4191 0.6001 221 111 42
0.098425 0.043307 -0.027559 0.5483 0.4219 0.7220 221 111 42
0.098425 0.043307 -0.019685 0.5042 0.3551 0.7872 221 111 42
0.098425 0.043307 -0.011811 0.4693 0.4063 0.7841 221 111 42
0.098425 0.043307 -0.003937 0.3668 0.3859 0.8465 221 111 42
0.098425 0.043307 0.003937 0.3569 0.3026 0.8838 222 112 43
0.098425 0.043307 0.011811 0.3125 0.2367 0.9200 220 113 44
0.098425 0.043307 0.019685 0.2324 0.3957 0.8885 220 113 46
0.098425 0.051181 -0.114173 0.4218 0.5481 -0.7223 219 113 51
0.098425 0.051181 -0.106299 0.4541 0.5389 -0.7094 219 113 48
0.098425 0.051181 -0.098425 0.5715 0.5342 -0.6229 220 112 47
0.098425 0.051181 -0.090551 0.5586 0.5776 -0.5953 220 112 46
0.098425 0.051181 -0.082677 0.6336 0.5761 -0.5164 220 112 46
0.098425 0.051181 -0.074803 0.6330 0.6259 -0.4556 221 112 45
0.098425 0.051181 -0.066929 0.7000 0.6467 -0.3028 221 112 45
0.098425 0.051181 -0.059055 0.8669 0.4778 0.1421 221 112 44
0.098425 0.051181 -0.051181 0.7842 0.2833 0.5521 221 112 43
0.098425 0.051181 -0.043307 0.7075 0.2126 0.6740 221 112 43
0.098425 0.051181 -0.035433 0.6682 0.1490 0.7289 221 112 42
0.098425 0.051181 -0.027559 0.6000 0.0760 0.7964 221 112 42
0.098425 0.051181 -0.019685 0.4578 -0.0329 0.8884 217 116 44
0.098425 0.051181 -0.011811 0.2723 -0.1585 0.9491 208 124 49
0.098425 0.051181 -0.003937 0.2832 -0.0645 0.9569 208 125 52
0.098425 0.051181 0.003937 0.2487 -0.0218 0.9683 207 124 52
0.098425 0.051181 0.011811 0.2316 0.0660 0.9706 210 124 52
0.098425 0.051181 0.019685 0.2052 0.1164 0.9718 209 124 53
0.098425 0.059055 -0.114173 0.1829 0.3530 -0.9176 219 113 49
0.098425 0.059055 -0.106299 0.3580 0.4647 -0.8098 219 112 47
0.098425 0.059055 -0.098425 0.5660 0.4106 -0.7149 219 113 47
0.098425 0.059055 -0.090551 0.5615 0.4382 -0.7020 220 112 46
0.098425 0.059055 -0.082677 0.6317 0.4592 -0.6246 220 112 46
0.098425 0.059055 -0.074803 0.6458 0.4708 -0.6010 221 112 45
0.098425 0.059055 -0.066929 0.8006 0.4663 -0.3762 221 112 44
0.098425 0.059055 -0.059055 0.8990 0.2184 0.3795 221 112 44
0.098425 0.059055 -0.051181 0.7955 0.0492 0.6039 221 112 43
0.098425 0.059055 -0.043307 0.5867 -0.0920 0.8045 220 113 43
0.098425 0.059055 -0.035433 0.4919 -0.2408 0.8367 219 114 43
0.098425 0.059055 -0.027559 0.3963 -0.2826 0.8736 212 121 47
0.098425 0.059055 -0.019685 0.3040 -0.3150 0.8991 209 125 52
0.098425 0.059055 -0.011811 0.2993 -0.3657 0.8813 210 124 52
0.098425 0.059055 -0.003937 0.2969 -0.2857 0.9112 210 125 52
0.098425 0.059055 0.003937 0.2330 -0.2317 0.9445 210 125 52
0.098425 0.059055 0.011811 0.2509 -0.1367 0.9583 209 125 53
0.098425 0.059055 0.019685 0.2821 0.0276 0.9590 208 126 55
0.098425 0.066929 -0.122047 0.2944 -0.0760 -0.9527 219 114 49
0.098425 0.066929 -0.114173 0.0705 -0.1516 -0.9859 218 113 47
0.098425 0.066929 -0.106299 0.1328 -0.1725 -0.9760 219 113 47
0.098425 0.066929 -0.098425 0.4403 0.0717 -0.8950 220 113 46
0.098425 0.066929 -0.090551 0.5637 -0.0068 -0.8259 220 113 45
0.098425 0.066929 -0.082677 0.6346 -0.0341 -0.7721 221 113 45
0.098425 0.066929 -0.074803 0.8430 -0.0510 -0.5355 221 112 45
0.098425 0.066929 -0.066929 0.8410 -0.5330 0.0934 221 113 44
0.098425 0.066929 -0.059055 0.6950 -0.5210 0.4956 221 113 43
0.098425 0.066929 -0.051181 0.5722 -0.4581 0.6803 220 113 43
0.098425 0.066929 -0.043307 0.4253 -0.4701 0.7734 216 117 45
0.098425 0.066929 -0.035433 0.3774 -0.4545 0.8069 209 125 52
0.098425 0.066929 -0.027559 0.3131 -0.4253 0.8492 211 124 52
0.098425 0.066929 -0.019685 0.2925 -0.4359 0.8512 210 125 52
0.098425 0.066929 -0.011811 0.2462 -0.3840 0.8899 210 126 53
0.098425 0.066929 -0.003937 0.1824 -0.3148 0.9315 210 125 53
0.098425 0.066929 0.003937 0.1906 -0.2664 0.9448 210 125 53
0.098425 0.066929 0.011811 0.1084 -0.2300 0.9671 208 125 54
0.098425 0.074803 -0.122047 0.2445 -0.7370 -0.6301 217 115 49
0.098425 0.074803 -0.114173 0.0833 -0.7084 -0.7009 218 113 47
0.098425 0.074803 -0.106299 -0.0082 -0.6956 -0.7183 219 113 47
0.098425 0.074803 -0.098425 -0.0604 -0.7077 -0.7040 220 113 46
0.098425 0.074803 -0.090551 0.0384 -0.7757 -0.6300 220 113 46
0.098425 0.074803 -0.082677 0.1029 -0.7361 -0.6690 221 113 45
0.098425 0.074803 -0.074803 0.4059 -0.7091 -0.5766 221 113 44
0.098425 0.074803 -0.066929 0.3745 -0.9095 0.1804 221 114 45
0.098425 0.074803 -0.059055 0.3158 -0.8532 0.4150 218 116 45
0.098425 0.074803 -0.051181 0.2980 -0.7095 0.6387 213 123 51
0.098425 0.074803 -0.043307 0.1349 -0.7398 0.6592 210 125 53
0.098425 0.074803 -0.035433 0.1319 -0.6720 0.7287 211 125 53
0.098425 0.074803 -0.027559 0.0811 -0.7027 0.7068 210 125 53
0.098425 0.074803 -0.019685 0.1086 -0.6331 0.7664 211 126 53
0.098425 0.074803 -0.011811 0.0783 -0.5036 0.8604 210 126 54
0.098425 0.074803 -0.003937 0.2418 -0.3528 0.9039 209 126 53
0.098425 0.074803 0.003937 0.1797 -0.2781 0.9436 209 125 54
0.098425 0.082677 -0.114173 0.1244 -0.8556 -0.5024 219 113 46
0.098425 0.082677 -0.106299 0.0878 -0.8409 -0.5340 219 113 46
0.098425 0.082677 -0.098425 -0.0895 -0.8044 -0.5872 220 114 47
0.098425 0.082677 -0.090551 -0.0859 -0.8527 -0.5153 221 113 46
0.098425 0.082677 -0.082677 -0.0937 -0.8871 -0.4520 220 114 45
0.098425 0.082677 -0.074803 -0.1320 -0.9267 -0.3519 220 113 45
0.098425 0.082677 -0.066929 -0.0898 -0.9944 0.0556 217 117 46
0.098425 0.082677 -0.059055 -0.0183 -0.9743 0.2247 211 125 53
0.098425 0.082677 -0.051181 -0.0562 -0.9441 0.3249 210 125 55
0.098425 0.082677 -0.043307 -0.0446 -0.9214 0.3861 211 125 55
0.098425 0.082677 -0.035433 0.0020 -0.9239 0.3827 211 125 55
0.098425 0.082677 -0.027559 -0.0184 -0.8889 0.4577 210 126 55
0.098425 0.082677 -0.019685 -0.0750 -0.8439 0.5312 211 126 55
0.098425 0.082677 -0.011811 -0.0750 -0.7019 0.7083 208 124 53
0.098425 0.082677 -0.003937 0.3947 -0.3627 0.8442 206 123 51
0.098425 0.082677 0.003937 0.2748 -0.2927 0.9159 206 122 54
0.098425 0.090551 -0.114173 0.0972 -0.8567 -0.5066 218 114 47
0.098425 0.090551 -0.106299 0.0752 -0.8883 -0.4531 219 114 47
0.098425 0.090551 -0.098425 0.0299 -0.9229 -0.3839 220 114 46
0.098425 0.090551 -0.090551 -0.0230 -0.9111 -0.4116 220 114 46
0.098425 0.090551 -0.082677 -0.1424 -0.9008 -0.4103 219 114 45
0.098425 0.090551 -0.074803 -0.1697 -0.9597 -0.2241 220 114 45
0.098425 0.090551 -0.066929 -0.1764 -0.9829 -0.0529 211 124 57
0.098425 0.090551 -0.059055 -0.1426 -0.9878 0.0619 210 127 54
0.098425 0.090551 -0.051181 -0.1041 -0.9775 0.1833 210 126 55
0.098425 0.090551 -0.043307 -0.0117 -0.9689 0.2470 210 126 55
0.098425 0.090551 -0.035433 0.0059 -0.9713 0.2378 209 126 55
0.098425 0.090551 -0.027559 -0.0357 -0.9507 0.3080 208 126 55
0.098425 0.090551 -0.019685 -0.0735 -0.8791 0.4709 208 126 54
0.098425 0.090551 -0.011811 0.3733 -0.4853 0.7906 206 124 54
0.098425 0.090551 -0.003937 0.4074 -0.4181 0.8119 206 123 54
0.098425 0.098425 -0.114173 -0.0125 -0.8710 -0.4911 216 116 51
0.098425 0.098425 -0.106299 0.0385 -0.8739 -0.4846 219 114 47
0.098425 0.098425 -0.098425 0.0124 -0.9303 -0.3666 219 114 47
0.098425 0.098425 -0.090551 -0.0158 -0.9669 -0.2545 219 114 47
0.098425 0.098425 -0.082677 -0.0554 -0.9675 -0.2469 219 114 47
0.098425 0.098425 -0.074803 -0.2050 -0.9696 -0.1337 219 115 46
0.098425 0.098425 -0.066929 -0.1838 -0.9819 -0.0449 209 125 56
0.098425 0.098425 -0.059055 -0.1645 -0.9862 0.0160 209 127 54
0.098425 0.098425 -0.051181 -0.1235 -0.9868 0.1044 210 127 55
0.098425 0.098425 -0.043307 -0.0807 -0.9866 0.1419 209 126 56
0.098425 0.098425 -0.035433 -0.0435 -0.9829 0.1787 207 126 55
0.098425 0.098425 -0.027559 -0.1042 -0.9456 0.3083 207 126 55
0.098425 0.098425 -0.019685 -0.1588 -0.8381 0.5219 206 126 55
0.098425 0.098425 -0.011811 0.2111 -0.5523 0.8064 205 124 57
0.098425 0.098425 -0.003937 0.2248 -0.4614 0.8582 205 123 56
0.098425 0.106299 -0.106299 0.0071 -0.8562 -0.5166 212 121 54
0.098425 0.106299 -0.098425 0.0930 -0.9511 -0.2945 215 119 53
0.098425 0.106299 -0.090551 -0.0533 -0.9708 -0.2339 218 115 49
0.098425 0.106299 -0.082677 -0.0624 -0.9933 -0.0974 218 115 47
0.098425 0.106299 -0.074803 -0.0678 -0.9962 -0.0554 217 115 47
0.098425 0.106299 -0.066929 -0.0995 -0.9947 0.0270 215 116 47
0.098425 0.106299 -0.059055 -0.0832 -0.9939 0.0728 212 120 50
0.098425 0.106299 -0.051181 -0.1149 -0.9823 0.1481 209 127 56
0.098425 0.106299 -0.043307 -0.1236 -0.9750 0.1845 208 128 56
0.098425 0.106299 -0.035433 -0.1058 -0.9679 0.2280 206 127 56
0.098425 0.106299 -0.027559 -0.2023 -0.8904 0.4077 206 126 56
0.098425 0.106299 -0.019685 -0.1689 -0.7944 0.5835 206 125 57
0.098425 0.106299 -0.011811 -0.0143 -0.6393 0.7688 205 123 58
0.098425 0.114173 -0.106299 0.0432 -0.8979 -0.4381 203 126 61
0.098425 0.114173 -0.098425 -0.0188 -0.9770 -0.2123 204 126 59
0.098425 0.114173 -0.090551 -0.0623 -0.9937 -0.0929 212 121 53
0.098425 0.114173 -0.082677 -0.1059 -0.9832 -0.1487 218 114 49
0.098425 0.114173 -0.074803 -0.1045 -0.9926 -0.0613 215 115 49
0.098425 0.114173 -0.066929 -0.0645 -0.9960 0.0622 215 116 48
0.098425 0.114173 -0.059055 -0.0478 -0.9930 0.1081 214 117 49
0.098425 0.114173 -0.051181 -0.0995 -0.9807 0.1681 212 124 52
0.098425 0.114173 -0.043307 -0.1249 -0.9422 0.3107 205 128 59
0.098425 0.114173 -0.035433 -0.1479 -0.9011 0.4077 204 127 59
0.098425 0.114173 -0.027559 -0.1053 -0.7981 0.5933 206 123 48
0.098425 0.114173 -0.019685 -0.0517 -0.7541 0.6548 206 120 44
0.098425 0.122047 -0.090551 -0.1782 -0.9769 -0.1181 204 127 60
0.098425 0.122047 -0.082677 -0.0975 -0.9888 -0.1127 208 121 55
0.098425 0.122047 -0.074803 -0.0872 -0.9927 -0.0828 213 115 50
0.098425 0.122047 -0.066929 -0.0613 -0.9980 -0.0135 213 115 49
0.098425 0.122047 -0.059055 -0.0592 -0.9958 0.0695 213 116 49
0.098425 0.122047 -0.051181 -0.0707 -0.9882 0.1356 214 117 49
0.098425 0.122047 -0.043307 -0.1206 -0.9602 0.2518 204 129 60
0.098425 0.122047 -0.035433 -0.0984 -0.8677 0.4872 199 129 60
0.098425 0.129921 -0.066929 -0.1071 -0.9919 -0.0682 210 115 52
0.098425 0.129921 -0.059055 -0.1011 -0.9944 -0.0322 210 116 51
0.098425 0.129921 -0.051181 -0.1055 -0.9933 0.0476 211 115 51
0.098425 0.129921 -0.043307 -0.1473 -0.9582 0.2452 212 118 54
0.106299 0.011811 -0.066929 0.4530 0.8726 -0.1827 218 112 49
0.106299 0.011811 -0.059055 0.4484 0.8882 -0.1005 219 112 49
0.106299 0.011811 -0.051181 0.4211 0.9019 -0.0967 219 112 49
0.106299 0.011811 -0.043307 0.3396 0.9362 -0.0903 220 112 49
0.106299 0.019685 -0.090551 0.4828 0.8001 -0.3561 218 112 48
0.106299 0.019685 -0.082677 0.4855 0.8397 -0.2435 220 110 48
0.106299 0.019685 -0.074803 0.5051 0.8376 -0.2080 219 111 47
0.106299 0.019685 -0.066929 0.4905 0.8536 -0.1756 219 111 46
0.106299 0.019685 -0.059055 0.5076 0.8518 -0.1293 219 110 47
0.106299 0.019685 -0.051181 0.4861 0.8650 -0.1240 220 110 45
0.106299 0.019685 -0.043307 0.5530 0.8278 0.0948 219 112 45
0.106299 0.019685 -0.035433 0.4361 0.8776 0.1988 220 111 45
0.106299 0.019685 -0.027559 0.3807 0.8709 0.3107 220 112 46
0.106299 0.019685 -0.019685 0.3829 0.8577 0.3430 220 112 45
0.106299 0.027559 -0.098425 0.5150 0.7587 -0.3989 219 112 50
0.106299 0.027559 -0.090551 0.5231 0.7622 -0.3812 220 111 48
0.106299 0.027559 -0.082677 0.5432 0.7894 -0.2858 219 111 46
0.106299 0.027559 -0.074803 0.5476 0.8052 -0.2274 220 110 46
0.106299 0.027559 -0.066929 0.5368 0.8223 -0.1888 220 110 45
0.106299 0.027559 -0.059055 0.5544 0.8217 -0.1321 220 110 45
0.106299 0.027559 -0.051181 0.5691 0.8193 -0.0698 220 111 44
0.106299 0.027559 -0.043307 0.6396 0.7538 0.1508 220 111 44
0.106299 0.027559 -0.035433 0.6404 0.7379 0.2131 221 111 44
0.106299 0.027559 -0.027559 0.4399 0.8332 0.3352 221 111 44
0.106299 0.027559 -0.019685 0.4279 0.8173 0.3858 220 111 44
0.106299 0.027559 -0.011811 0.3987 0.7488 0.5294 220 112 43
0.106299 0.027559 -0.003937 0.4302 0.6428 0.6338 221 112 42
0.106299 0.035433 -0.098425 0.5287 0.7401 -0.4155 219 112 48
0.106299 0.035433 -0.090551 0.5320 0.7346 -0.4211 219 111 46
0.106299 0.035433 -0.082677 0.5723 0.7376 -0.3585 220 111 46
0.106299 0.035433 -0.074803 0.6062 0.7471 -0.2726 220 110 45
0.106299 0.035433 -0.066929 0.5893 0.7627 -0.2664 220 111 45
0.106299 0.035433 -0.059055 0.6088 0.7762 -0.1641 220 111 44
0.106299 0.035433 -0.051181 0.6635 0.7415 0.0997 221 111 43
0.106299 0.035433 -0.043307 0.6643 0.7062 0.2450 221 111 43
0.106299 0.035433 -0.035433 0.6168 0.7079 0.3440 220 111 42
0.106299 0.035433 -0.027559 0.4853 0.7717 0.4110 221 111 43
0.106299 0.035433 -0.019685 0.5144 0.7285 0.4525 220 111 41
0.106299 0.035433 -0.011811 0.3980 0.7064 0.5853 221 112 42
0.106299 0.035433 -0.003937 0.3548 0.6339 0.6873 220 111 42
0.106299 0.035433 0.003937 0.3339 0.4795 0.8115 221 112 43
0.106299 0.043307 -0.106299 0.5016 0.6710 -0.5460 219 112 48
0.106299 0.043307 -0.098425 0.5581 0.6688 -0.4912 219 112 47
0.106299 0.043307 -0.090551 0.5339 0.6759 -0.5080 220 112 47
0.106299 0.043307 -0.082677 0.5996 0.6939 -0.3986 220 111 46
0.106299 0.043307 -0.074803 0.6296 0.7032 -0.3303 220 112 45
0.106299 0.043307 -0.066929 0.6326 0.7235 -0.2762 220 111 45
0.106299 0.043307 -0.059055 0.6689 0.7242 -0.1676 220 112 44
0.106299 0.043307 -0.051181 0.7756 0.5672 0.2770 221 111 43
0.106299 0.043307 -0.043307 0.7237 0.5446 0.4238 220 111 43
0.106299 0.043307 -0.035433 0.6941 0.5052 0.5129 221 111 42
0.106299 0.043307 -0.027559 0.5307 0.5106 0.6765 221 111 43
0.106299 0.043307 -0.019685 0.5130 0.4638 0.7223 220 111 42
0.106299 0.043307 -0.011811 0.4258 0.4829 0.7652 220 111 42
0.106299 0.043307 -0.003937 0.3544 0.4720 0.8072 220 112 42
0.106299 0.043307 0.003937 0.4131 0.2892 0.8636 220 112 43
0.106299 0.051181 -0.106299 0.4846 0.5790 -0.6557 219 112 48
0.106299 0.051181 -0.098425 0.5560 0.6081 -0.5667 219 112 47
0.106299 0.051181 -0.090551 0.5844 0.6018 -0.5443 220 112 46
0.106299 0.051181 -0.082677 0.6388 0.6260 -0.4473 220 112 46
0.106299 0.051181 -0.074803 0.6476 0.6450 -0.4057 221 111 46
0.106299 0.051181 -0.066929 0.6741 0.7006 -0.2338 221 112 44
0.106299 0.051181 -0.059055 0.8638 0.4418 0.2422 221 112 44
0.106299 0.051181 -0.051181 0.8124 0.3931 0.4307 221 112 43
0.106299 0.051181 -0.043307 0.7392 0.2935 0.6061 221 111 43
0.106299 0.051181 -0.035433 0.7324 0.2125 0.6469 221 111 43
0.106299 0.051181 -0.027559 0.6667 0.1722 0.7252 221 111 42
0.106299 0.051181 -0.019685 0.5238 0.2079 0.8261 220 112 43
0.106299 0.051181 -0.011811 0.3070 0.1729 0.9359 218 115 46
0.106299 0.051181 -0.003937 0.2640 0.1846 0.9467 218 116 47
0.106299 0.051181 0.003937 0.2963 0.2219 0.9290 217 118 49
0.106299 0.051181 0.011811 0.2559 0.2683 0.9287 218 116 49
0.106299 0.059055 -0.114173 0.5609 0.3260 -0.7610 220 112 48
0.106299 0.059055 -0.106299 0.4754 0.4294 -0.7679 219 113 47
0.106299 0.059055 -0.098425 0.6027 0.4963 -0.6249 220 112 46
0.106299 0.059055 -0.090551 0.6035 0.4922 -0.6273 220 112 46
0.106299 0.059055 -0.082677 0.6800 0.5189 -0.5180 221 112 46
0.106299 0.059055 -0.074803 0.7109 0.5085 -0.4858 221 112 45
0.106299 0.059055 -0.066929 0.7606 0.5606 -0.3274 221 112 44
0.106299 0.059055 -0.059055 0.8982 0.3152 0.3064 221 112 44
0.106299 0.059055 -0.051181 0.8142 0.1977 0.5458 221 112 43
0.106299 0.059055 -0.043307 0.7537 0.0894 0.6511 221 112 43
0.106299 0.059055 -0.035433 0.6640 -0.0081 0.7477 217 115 45
0.106299 0.059055 -0.027559 0.4869 -0.1657 0.8576 208 124 50
0.106299 0.059055 -0.019685 0.3404 -0.2726 0.8999 207 125 52
0.106299 0.059055 -0.011811 0.3357 -0.2783 0.8999 209 124 52
0.106299 0.059055 -0.003937 0.3251 -0.1506 0.9336 209 125 53
0.106299 0.059055 0.003937 0.2662 -0.0455 0.9629 209 125 53
0.106299 0.059055 0.011811 0.2401 0.0014 0.9707 209 124 54
0.106299 0.066929 -0.122047 0.6015 -0.1250 -0.7890 219 113 49
0.106299 0.066929 -0.114173 0.5937 -0.0296 -0.8041 219 113 47
0.106299 0.066929 -0.106299 0.5303 0.1272 -0.8382 219 113 47
0.106299 0.066929 -0.098425 0.5453 0.2312 -0.8057 220 112 46
0.106299 0.066929 -0.090551 0.6081 0.2790 -0.7432 220 112 46
0.106299 0.066929 -0.082677 0.7216 0.2761 -0.6349 221 112 45
0.106299 0.066929 -0.074803 0.8062 0.3677 -0.4636 221 112 45
0.106299 0.066929 -0.066929 0.9916 0.0792 0.1027 221 113 44
0.106299 0.066929 -0.059055 0.8481 -0.1441 0.5099 221 113 44
0.106299 0.066929 -0.051181 0.6802 -0.1956 0.7064 215 118 45
0.106299 0.066929 -0.043307 0.5397 -0.3084 0.7834 210 123 51
0.106299 0.066929 -0.035433 0.4771 -0.2912 0.8292 210 124 52
0.106299 0.066929 -0.027559 0.4353 -0.3565 0.8267 210 125 53
0.106299 0.066929 -0.019685 0.4164 -0.3884 0.8220 210 125 52
0.106299 0.066929 -0.011811 0.3005 -0.3415 0.8905 210 125 53
0.106299 0.066929 -0.003937 0.2214 -0.2758 0.9354 209 125 53
0.106299 0.066929 0.003937 0.2813 -0.1948 0.9397 209 125 53
0.106299 0.066929 0.011811 0.2287 -0.1007 0.9683 209 125 55
0.106299 0.074803 -0.122047 0.4165 -0.5629 -0.7139 219 115 47
0.106299 0.074803 -0.114173 0.4868 -0.6037 -0.6313 219 113 47
0.106299 0.074803 -0.106299 0.4146 -0.6048 -0.6800 220 113 47
0.106299 0.074803 -0.098425 0.3680 -0.6199 -0.6930 220 113 46
0.106299 0.074803 -0.090551 0.4537 -0.6674 -0.5905 221 113 45
0.106299 0.074803 -0.082677 0.5670 -0.6297 -0.5311 221 113 45
0.106299 0.074803 -0.074803 0.7870 -0.4500 -0.4221 221 113 44
0.106299 0.074803 -0.066929 0.6210 -0.7017 0.3492 219 115 45
0.106299 0.074803 -0.059055 0.5864 -0.6449 0.4902 213 121 51
0.106299 0.074803 -0.051181 0.5565 -0.4709 0.6845 210 124 54
0.106299 0.074803 -0.043307 0.3974 -0.5213 0.7552 211 124 54
0.106299 0.074803 -0.035433 0.3443 -0.5314 0.7740 211 125 53
0.106299 0.074803 -0.027559 0.3143 -0.5036 0.8047 211 125 54
0.106299 0.074803 -0.019685 0.3309 -0.4476 0.8307 210 126 53
0.106299 0.074803 -0.011811 0.2175 -0.3829 0.8978 209 125 53
0.106299 0.074803 -0.003937 0.1554 -0.3752 0.9138 209 125 54
0.106299 0.074803 0.003937 0.1122 -0.3454 0.9317 208 124 55
0.106299 0.074803 0.011811 0.0474 -0.2950 0.9543 208 126 56
0.106299 0.082677 -0.122047 0.2659 -0.7839 -0.5610 218 116 49
0.106299 0.082677 -0.114173 0.2513 -0.7899 -0.5593 219 113 47
0.106299 0.082677 -0.106299 0.2333 -0.8580 -0.4576 219 113 46
0.106299 0.082677 -0.098425 0.2441 -0.8584 -0.4512 220 114 46
0.106299 0.082677 -0.090551 0.2015 -0.8402 -0.5035 221 113 46
0.106299 0.082677 -0.082677 0.0645 -0.9012 -0.4286 220 114 45
0.106299 0.082677 -0.074803 0.0980 -0.9858 -0.1360 218 116 46
0.106299 0.082677 -0.066929 0.1511 -0.9414 0.3015 210 125 54
0.106299 0.082677 -0.059055 0.1569 -0.8868 0.4347 210 125 55
0.106299 0.082677 -0.051181 0.0709 -0.8727 0.4830 210 125 55
0.106299 0.082677 -0.043307 0.0367 -0.8430 0.5367 210 125 55
0.106299 0.082677 -0.035433 0.0562 -0.7902 0.6102 210 125 55
0.106299 0.082677 -0.027559 0.0609 -0.7180 0.6933 209 125 54
0.106299 0.082677 -0.019685 0.4070 -0.4318 0.8049 211 126 55
0.106299 0.082677 -0.011811 0.2628 -0.4150 0.8710 209 124 51
0.106299 0.082677 -0.003937 0.1884 -0.3718 0.9090 209 125 55
0.106299 0.082677 0.003937 0.1603 -0.3427 0.9257 208 124 55
0.106299 0.090551 -0.114173 0.1908 -0.8303 -0.5237 220 113 48
0.106299 0.090551 -0.106299 0.1781 -0.8752 -0.4499 220 113 47
0.106299 0.090551 -0.098425 0.1212 -0.9207 -0.3709 220 113 46
0.106299 0.090551 -0.090551 0.1025 -0.9436 -0.3150 220 114 46
0.106299 0.090551 -0.082677 0.0463 -0.9544 -0.2950 218 115 47
0.106299 0.090551 -0.074803 -0.0845 -0.9918 -0.0958 210 127 55
0.106299 0.090551 -0.066929 -0.0694 -0.9976 0.0009 210 126 55
0.106299 0.090551 -0.059055 -0.1032 -0.9929 0.0593 210 126 56
0.106299 0.090551 -0.051181 -0.0372 -0.9711 0.2356 210 126 56
0.106299 0.090551 -0.043307 0.0307 -0.9492 0.3133 210 126 55
0.106299 0.090551 -0.035433 -0.0425 -0.9388 0.3419 209 125 55
0.106299 0.090551 -0.027559 -0.0412 -0.7831 0.6205 208 125 54
0.106299 0.090551 -0.019685 0.4956 -0.4824 0.7223 206 123 54
0.106299 0.090551 -0.011811 0.3585 -0.4308 0.8282 205 123 54
0.106299 0.090551 -0.003937 0.2446 -0.3930 0.8864 205 121 52
0.106299 0.098425 -0.106299 0.0943 -0.8630 -0.4964 220 113 48
0.106299 0.098425 -0.098425 0.1218 -0.8972 -0.4244 220 114 48
0.106299 0.098425 -0.090551 0.0417 -0.9666 -0.2528 220 114 46
0.106299 0.098425 -0.082677 -0.0022 -0.9886 -0.1507 216 119 51
0.106299 0.098425 -0.074803 -0.0236 -0.9973 -0.0702 210 126 55
0.106299 0.098425 -0.066929 -0.0951 -0.9905 -0.0990 209 126 56
0.106299 0.098425 -0.059055 -0.1292 -0.9852 -0.1130 209 126 57
0.106299 0.098425 -0.051181 -0.0703 -0.9967 0.0404 209 126 56
0.106299 0.098425 -0.043307 -0.0571 -0.9851 0.1621 208 126 56
0.106299 0.098425 -0.035433 -0.0822 -0.9405 0.3296 207 126 56
0.106299 0.098425 -0.027559 0.4476 -0.6428 0.6216 207 125 55
0.106299 0.098425 -0.019685 0.4016 -0.5722 0.7151 206 124 55
0.106299 0.098425 -0.011811 0.3157 -0.4927 0.8109 204 123 54
0.106299 0.098425 -0.003937 0.2292 -0.4844 0.8443 203 121 56
0.106299 0.106299 -0.106299 0.1688 -0.8582 -0.4848 207 125 56
0.106299 0.106299 -0.098425 0.1840 -0.9499 -0.2527 206 125 58
0.106299 0.106299 -0.090551 -0.0084 -0.9811 -0.1931 218 115 50
0.106299 0.106299 -0.082677 -0.0547 -0.9931 -0.1033 216 117 49
0.106299 0.106299 -0.074803 -0.0570 -0.9976 -0.0384 209 127 56
0.106299 0.106299 -0.066929 -0.0295 -0.9995 0.0060 209 127 57
0.106299 0.106299 -0.059055 0.0236 -0.9987 0.0457 208 127 56
0.106299 0.106299 -0.051181 -0.0418 -0.9989 0.0192 207 127 57
0.106299 0.106299 -0.043307 -0.1059 -0.9791 0.1735 207 127 57
0.106299 0.106299 -0.035433 -0.1373 -0.9059 0.4005 207 126 56
0.106299 0.106299 -0.027559 0.1301 -0.7359 0.6644 205 125 57
0.106299 0.106299 -0.019685 0.1401 -0.6476 0.7490 203 124 57
0.106299 0.106299 -0.011811 0.1078 -0.5810 0.8067 204 122 55
0.106299 0.114173 -0.106299 0.1638 -0.9078 -0.3860 201 129 65
0.106299 0.114173 -0.098425 0.0678 -0.9781 -0.1967 205 127 60
0.106299 0.114173 -0.090551 0.0010 -0.9978 -0.0661 209 125 58
0.106299 0.114173 -0.082677 -0.0813 -0.9894 -0.1206 218 115 50
0.106299 0.114173 -0.074803 -0.0632 -0.9979 -0.0144 213 118 52
0.106299 0.114173 -0.066929 -0.0034 -0.9980 0.0638 207 128 58
0.106299 0.114173 -0.059055 -0.0332 -0.9960 0.0830 206 128 57
0.106299 0.114173 -0.051181 -0.0384 -0.9916 0.1234 205 128 58
0.106299 0.114173 -0.043307 -0.0863 -0.9460 0.3123 205 126 58
0.106299 0.114173 -0.035433 -0.0895 -0.8585 0.5050 207 123 52
0.106299 0.114173 -0.027559 0.0067 -0.7472 0.6646 204 123 54
0.106299 0.114173 -0.019685 0.0821 -0.7410 0.6665 203 123 54
0.106299 0.122047 -0.082677 -0.0425 -0.9968 -0.0673 209 121 55
0.106299 0.122047 -0.074803 -0.0136 -0.9999 -0.0080 213 115 50
0.106299 0.122047 -0.066929 -0.0475 -0.9988 0.0084 212 121 52
0.106299 0.122047 -0.059055 -0.0634 -0.9969 0.0473 208 126 57
0.106299 0.122047 -0.051181 -0.0390 -0.9499 0.3102 199 129 60
0.106299 0.122047 -0.043307 -0.0676 -0.9174 0.3921 205 124 47
0.106299 0.122047 -0.035433 -0.0648 -0.8425 0.5348 203 122 45
0.106299 0.129921 -0.066929 -0.0603 -0.9951 -0.0786 212 114 51
0.106299 0.129921 -0.059055 -0.0578 -0.9945 0.0875 202 126 60
0.106299 0.129921 -0.051181 0.0648 -0.9373 0.3425 200 128 61
0.114173 0.019685 -0.074803 0.4530 0.8856 -0.1022 219 111 48
0.114173 0.019685 -0.066929 0.4786 0.8671 -0.1382 217 111 48
0.114173 0.019685 -0.059055 0.4984 0.8537 -0.1511 218 111 47
0.114173 0.019685 -0.051181 0.4833 0.8718 -0.0799 220 111 47
0.114173 0.019685 -0.043307 0.5319 0.8459 0.0395 219 112 47
0.114173 0.019685 -0.035433 0.5256 0.8380 0.1465 219 112 46
0.114173 0.027559 -0.098425 0.5169 0.7773 -0.3587 219 111 50
0.114173 0.027559 -0.090551 0.5075 0.8133 -0.2847 219 112 48
0.114173 0.027559 -0.082677 0.5109 0.8257 -0.2393 218 111 48
0.114173 0.027559 -0.074803 0.5351 0.8210 -0.1990 219 111 47
0.114173 0.027559 -0.066929 0.5333 0.8320 -0.1529 220 110 46
0.114173 0.027559 -0.059055 0.5457 0.8311 -0.1071 219 111 46
0.114173 0.027559 -0.051181 0.5533 0.8295 -0.0759 219 111 46
0.114173 0.027559 -0.043307 0.6154 0.7697 0.1701 219 111 45
0.114173 0.027559 -0.035433 0.6028 0.7652 0.2261 219 111 45
0.114173 0.027559 -0.027559 0.6002 0.7513 0.2743 221 111 45
0.114173 0.027559 -0.019685 0.4547 0.8043 0.3826 220 112 45
0.114173 0.027559 -0.011811 0.3573 0.8024 0.4781 220 112 46
0.114173 0.035433 -0.098425 0.5467 0.7449 -0.3825 219 112 49
0.114173 0.035433 -0.090551 0.5722 0.7509 -0.3297 219 111 47
0.114173 0.035433 -0.082677 0.5822 0.7682 -0.2664 219 111 47
0.114173 0.035433 -0.074803 0.5950 0.7785 -0.1999 220 110 45
0.114173 0.035433 -0.066929 0.6008 0.7801 -0.1743 220 111 44
0.114173 0.035433 -0.059055 0.5946 0.7976 -0.1012 220 111 44
0.114173 0.035433 -0.051181 0.6753 0.7255 0.1328 221 111 44
0.114173 0.035433 -0.043307 0.6426 0.7368 0.2103 220 111 44
0.114173 0.035433 -0.035433 0.6403 0.7116 0.2892 221 111 45
0.114173 0.035433 -0.027559 0.6343 0.6910 0.3467 220 111 44
0.114173 0.035433 -0.019685 0.6101 0.6545 0.4466 220 112 44
0.114173 0.035433 -0.011811 0.4340 0.7142 0.5491 221 111 42
0.114173 0.043307 -0.106299 0.5650 0.6889 -0.4540 219 112 47
0.114173 0.043307 -0.098425 0.5919 0.7019 -0.3962 219 111 47
0.114173 0.043307 -0.090551 0.5929 0.7093 -0.3814 219 111 46
0.114173 0.043307 -0.082677 0.6406 0.7009 -0.3137 220 111 46
0.114173 0.043307 -0.074803 0.6389 0.7148 -0.2844 219 111 46
0.114173 0.043307 -0.066929 0.6292 0.7454 -0.2200 220 112 45
0.114173 0.043307 -0.059055 0.6593 0.7386 -0.1403 220 112 44
0.114173 0.043307 -0.051181 0.7229 0.6422 0.2551 220 111 43
0.114173 0.043307 -0.043307 0.6725 0.6354 0.3794 221 111 43
0.114173 0.043307 -0.035433 0.6507 0.6035 0.4608 220 111 43
0.114173 0.043307 -0.027559 0.5754 0.5972 0.5587 220 111 43
0.114173 0.043307 -0.019685 0.5129 0.5404 0.6670 220 111 43
0.114173 0.043307 -0.011811 0.4123 0.6240 0.6638 220 111 43
0.114173 0.043307 -0.003937 0.3685 0.4602 0.8077 221 112 44
0.114173 0.051181 -0.114173 0.6411 0.5238 -0.5609 219 112 50
0.114173 0.051181 -0.106299 0.5430 0.5897 -0.5979 219 112 48
0.114173 0.051181 -0.098425 0.5836 0.6316 -0.5105 219 112 47
0.114173 0.051181 -0.090551 0.5757 0.6476 -0.4992 220 111 46
0.114173 0.051181 -0.082677 0.6456 0.6486 -0.4031 220 111 46
0.114173 0.051181 -0.074803 0.6706 0.6403 -0.3745 221 111 46
0.114173 0.051181 -0.066929 0.6657 0.6905 -0.2828 221 111 45
0.114173 0.051181 -0.059055 0.8490 0.4975 0.1782 220 112 44
0.114173 0.051181 -0.051181 0.8203 0.4095 0.3993 221 111 43
0.114173 0.051181 -0.043307 0.7844 0.3473 0.5138 220 111 43
0.114173 0.051181 -0.035433 0.7212 0.3477 0.5992 220 111 44
0.114173 0.051181 -0.027559 0.6145 0.3720 0.6957 220 111 44
0.114173 0.051181 -0.019685 0.5162 0.2697 0.8129 221 111 44
0.114173 0.051181 -0.011811 0.4041 0.1707 0.8987 221 112 44
0.114173 0.051181 -0.003937 0.3919 0.1238 0.9117 220 112 44
0.114173 0.059055 -0.114173 0.5969 0.3635 -0.7153 219 112 48
0.114173 0.059055 -0.106299 0.5599 0.4351 -0.7051 219 112 47
0.114173 0.059055 -0.098425 0.5621 0.5525 -0.6155 219 112 47
0.114173 0.059055 -0.090551 0.5824 0.5770 -0.5726 220 112 46
0.114173 0.059055 -0.082677 0.6839 0.5449 -0.4851 221 112 46
0.114173 0.059055 -0.074803 0.7117 0.5782 -0.3990 221 112 45
0.114173 0.059055 -0.066929 0.7982 0.5350 -0.2768 221 112 45
0.114173 0.059055 -0.059055 0.8984 0.3405 0.2775 221 112 44
0.114173 0.059055 -0.051181 0.8475 0.1997 0.4918 221 112 43
0.114173 0.059055 -0.043307 0.7875 0.1231 0.6039 220 112 44
0.114173 0.059055 -0.035433 0.6909 0.1242 0.7122 214 117 49
0.114173 0.059055 -0.027559 0.5503 0.1492 0.8215 209 122 52
0.114173 0.059055 -0.019685 0.4629 0.1583 0.8722 213 120 53
0.114173 0.059055 -0.011811 0.4486 0.0301 0.8932 212 122 53
0.114173 0.059055 -0.003937 0.3180 0.1861 0.9297 215 121 54
0.114173 0.059055 0.003937 0.2514 0.1219 0.9602 213 123 54
0.114173 0.066929 -0.122047 0.7896 -0.0759 -0.6089 220 113 48
0.114173 0.066929 -0.114173 0.7412 -0.0356 -0.6704 219 112 47
0.114173 0.066929 -0.106299 0.7203 0.0465 -0.6921 219 112 47
0.114173 0.066929 -0.098425 0.6392 0.2556 -0.7253 220 112 46
0.114173 0.066929 -0.090551 0.6793 0.3551 -0.6422 220 112 45
0.114173 0.066929 -0.082677 0.7147 0.4594 -0.5273 221 112 45
0.114173 0.066929 -0.074803 0.7896 0.4897 -0.3698 221 112 45
0.114173 0.066929 -0.066929 0.9763 0.1503 0.1559 221 112 44
0.114173 0.066929 -0.059055 0.9234 0.1368 0.3587 220 113 44
0.114173 0.066929 -0.051181 0.8355 0.0816 0.5433 210 122 48
0.114173 0.066929 -0.043307 0.7067 0.0399 0.7064 207 125 51
0.114173 0.066929 -0.035433 0.5819 -0.1610 0.7972 210 124 52
0.114173 0.066929 -0.027559 0.5638 -0.2186 0.7965 210 124 53
0.114173 0.066929 -0.019685 0.4539 -0.3158 0.8332 209 125 53
0.114173 0.066929 -0.011811 0.3671 -0.2786 0.8875 210 124 53
0.114173 0.066929 -0.003937 0.2738 -0.1817 0.9445 209 125 54
0.114173 0.066929 0.003937 0.3043 -0.1479 0.9410 210 124 54
0.114173 0.066929 0.011811 0.1949 -0.0971 0.9760 208 125 56
0.114173 0.074803 -0.122047 0.7028 -0.3504 -0.6191 219 115 48
0.114173 0.074803 -0.114173 0.7435 -0.3137 -0.5906 219 113 47
0.114173 0.074803 -0.106299 0.7980 -0.3201 -0.5106 220 113 47
0.114173 0.074803 -0.098425 0.7806 -0.2893 -0.5541 220 113 46
0.114173 0.074803 -0.090551 0.7221 -0.1327 -0.6790 220 113 45
0.114173 0.074803 -0.082677 0.6748 -0.1530 -0.7220 220 113 44
0.114173 0.074803 -0.074803 0.8597 -0.3370 -0.3837 220 114 45
0.114173 0.074803 -0.066929 0.7514 -0.4600 0.4730 211 123 51
0.114173 0.074803 -0.059055 0.7200 -0.4143 0.5568 209 123 51
0.114173 0.074803 -0.051181 0.6100 -0.4080 0.6793 210 124 53
0.114173 0.074803 -0.043307 0.6076 -0.3521 0.7119 210 124 54
0.114173 0.074803 -0.035433 0.4956 -0.4347 0.7519 210 124 53
0.114173 0.074803 -0.027559 0.4150 -0.4396 0.7966 210 124 54
0.114173 0.074803 -0.019685 0.3210 -0.4554 0.8304 210 125 54
0.114173 0.074803 -0.011811 0.2801 -0.3615 0.8893 209 125 54
0.114173 0.074803 -0.003937 0.2420 -0.3080 0.9201 209 125 54
0.114173 0.074803 0.003937 0.1915 -0.2892 0.9379 208 124 55
0.114173 0.082677 -0.114173 0.5813 -0.5347 -0.6133 219 113 47
0.114173 0.082677 -0.106299 0.6329 -0.6202 -0.4635 220 113 46
0.114173 0.082677 -0.098425 0.5723 -0.7657 -0.2935 220 113 46
0.114173 0.082677 -0.090551 0.5725 -0.7803 -0.2517 221 114 45
0.114173 0.082677 -0.082677 0.3920 -0.8239 -0.4092 219 115 46
0.114173 0.082677 -0.074803 0.2240 -0.9741 0.0313 210 125 55
0.114173 0.082677 -0.066929 0.2900 -0.9222 0.2558 211 125 55
0.114173 0.082677 -0.059055 0.3664 -0.7434 0.5596 210 126 54
0.114173 0.082677 -0.051181 0.2851 -0.7378 0.6118 210 125 54
0.114173 0.082677 -0.043307 0.3104 -0.6286 0.7131 210 125 54
0.114173 0.082677 -0.035433 0.4083 -0.5499 0.7286 210 125 54
0.114173 0.082677 -0.027559 0.3372 -0.5388 0.7720 209 125 54
0.114173 0.082677 -0.019685 0.1799 -0.5305 0.8284 210 125 55
0.114173 0.082677 -0.011811 0.1483 -0.4725 0.8687 209 124 55
0.114173 0.082677 -0.003937 0.0407 -0.4134 0.9096 208 124 55
0.114173 0.082677 0.003937 0.0070 -0.4288 0.9034 207 124 56
0.114173 0.090551 -0.114173 0.3457 -0.7676 -0.5398 220 114 48
0.114173 0.090551 -0.106299 0.3152 -0.8435 -0.4350 220 114 47
0.114173 0.090551 -0.098425 0.2872 -0.8944 -0.3427 220 114 46
0.114173 0.090551 -0.090551 0.2972 -0.9206 -0.2532 216 119 49
0.114173 0.090551 -0.082677 0.2302 -0.9609 -0.1541 209 126 55
0.114173 0.090551 -0.074803 0.0447 -0.9988 -0.0207 210 125 56
0.114173 0.090551 -0.066929 -0.0171 -0.9974 0.0695 210 126 55
0.114173 0.090551 -0.059055 -0.0498 -0.9877 0.1481 210 126 56
0.114173 0.090551 -0.051181 -0.0374 -0.9316 0.3616 209 125 55
0.114173 0.090551 -0.043307 0.0688 -0.8348 0.5462 207 122 52
0.114173 0.090551 -0.035433 0.5363 -0.6097 0.5836 204 121 48
0.114173 0.090551 -0.027559 0.4153 -0.5637 0.7139 205 122 49
0.114173 0.090551 -0.019685 0.2453 -0.5367 0.8073 209 126 55
0.114173 0.090551 -0.011811 0.2000 -0.4741 0.8575 208 125 51
0.114173 0.090551 -0.003937 0.1171 -0.3956 0.9109 208 124 57
0.114173 0.098425 -0.114173 0.1392 -0.8668 -0.4789 218 117 51
0.114173 0.098425 -0.106299 0.1610 -0.8512 -0.4996 220 116 49
0.114173 0.098425 -0.098425 0.3388 -0.8474 -0.4088 218 118 52
0.114173 0.098425 -0.090551 0.1140 -0.9566 -0.2680 210 127 58
0.114173 0.098425 -0.082677 0.0778 -0.9934 -0.0837 210 126 57
0.114173 0.098425 -0.074803 0.0613 -0.9969 -0.0495 209 126 57
0.114173 0.098425 -0.066929 0.0994 -0.9947 -0.0266 209 126 57
0.114173 0.098425 -0.059055 -0.0250 -0.9985 -0.0493 209 126 56
0.114173 0.098425 -0.051181 -0.0427 -0.9905 0.1303 208 125 55
0.114173 0.098425 -0.043307 -0.0453 -0.8821 0.4688 207 125 55
0.114173 0.098425 -0.035433 0.5742 -0.6522 0.4949 206 124 55
0.114173 0.098425 -0.027559 0.4208 -0.6091 0.6722 205 124 55
0.114173 0.098425 -0.019685 0.2778 -0.5748 0.7697 205 123 55
0.114173 0.098425 -0.011811 0.1617 -0.5176 0.8402 204 121 52
0.114173 0.106299 -0.106299 0.3073 -0.8240 -0.4761 206 126 56
0.114173 0.106299 -0.098425 0.1897 -0.9573 -0.2180 200 131 61
0.114173 0.106299 -0.090551 0.0656 -0.9961 -0.0593 207 129 59
0.114173 0.106299 -0.082677 0.0322 -0.9874 -0.1552 209 126 59
0.114173 0.106299 -0.074803 0.0017 -0.9923 -0.1237 209 126 58
0.114173 0.106299 -0.066929 0.0488 -0.9982 -0.0337 208 126 57
0.114173 0.106299 -0.059055 0.0733 -0.9965 0.0398 207 126 57
0.114173 0.106299 -0.051181 0.0230 -0.9914 0.1286 207 126 57
0.114173 0.106299 -0.043307 0.4461 -0.7655 0.4637 206 125 56
0.114173 0.106299 -0.035433 0.4191 -0.7148 0.5599 205 124 55
0.114173 0.106299 -0.027559 0.2696 -0.6743 0.6875 203 124 54
0.114173 0.106299 -0.019685 0.1414 -0.6198 0.7719 202 122 55
0.114173 0.114173 -0.098425 0.1164 -0.9837 -0.1369 204 128 59
0.114173 0.114173 -0.090551 -0.0148 -0.9999 -0.0059 198 137 64
0.114173 0.114173 -0.082677 -0.0286 -0.9950 -0.0959 208 127 58
0.114173 0.114173 -0.074803 -0.0111 -0.9979 -0.0634 207 126 58
0.114173 0.114173 -0.066929 0.0391 -0.9992 -0.0040 205 127 58
0.114173 0.114173 -0.059055 -0.0227 -0.9985 0.0495 205 126 58
0.114173 0.114173 -0.051181 0.0238 -0.9709 0.2381 205 126 58
0.114173 0.114173 -0.043307 0.1401 -0.8902 0.4334 203 125 58
0.114173 0.114173 -0.035433 0.1006 -0.7959 0.5970 201 125 58
0.114173 0.114173 -0.027559 0.0371 -0.6962 0.7169 202 122 57
0.114173 0.122047 -0.082677 0.0063 -0.9995 -0.0322 202 134 67
0.114173 0.122047 -0.074803 -0.0065 -1.0000 -0.0067 206 126 61
0.114173 0.122047 -0.066929 -0.0452 -0.9989 0.0105 202 127 60
0.114173 0.122047 -0.059055 0.0120 -0.9872 0.1592 204 122 55
0.114173 0.122047 -0.051181 0.0120 -0.9477 0.3189 204 121 46
0.114173 0.122047 -0.043307 0.0970 -0.8761 0.4723 203 122 48
0.114173 0.122047 -0.035433 0.0909 -0.8339 0.5443 201 123 50
0.114173 0.129921 -0.066929 0.0723 -0.9856 0.1525 197 129 62
0.114173 0.129921 -0.059055 0.0297 -0.9742 0.2236 201 123 46
0.114173 0.129921 -0.051181 0.0137 -0.9441 0.3295 198 122 49
0.122047 0.027559 -0.074803 0.5041 0.8544 -0.1257 220 111 49
0.122047 0.027559 -0.066929 0.5157 0.8554 -0.0486 219 111 48
0.122047 0.027559 -0.059055 0.5277 0.8494 -0.0102 219 112 47
0.122047 0.027559 -0.051181 0.5457 0.8376 0.0260 219 112 45
0.122047 0.027559 -0.043307 0.5984 0.7843 0.1639 219 111 46
0.122047 0.027559 -0.035433 0.5564 0.8028 0.2141 220 112 48
0.122047 0.035433 -0.098425 0.5374 0.7826 -0.3142 218 112 48
0.122047 0.035433 -0.090551 0.5490 0.7856 -0.2853 219 111 49
0.122047 0.035433 -0.082677 0.5729 0.7846 -0.2370 220 110 47
0.122047 0.035433 -0.074803 0.5738 0.8035 -0.1585 220 110 47
0.122047 0.035433 -0.066929 0.5661 0.8134 -0.1343 220 111 46
0.122047 0.035433 -0.059055 0.5833 0.8095 -0.0676 220 111 46
0.122047 0.035433 -0.051181 0.6488 0.7440 0.1597 220 111 46
0.122047 0.035433 -0.043307 0.6370 0.7418 0.2097 219 111 46
0.122047 0.035433 -0.035433 0.6451 0.7161 0.2666 219 111 45
0.122047 0.035433 -0.027559 0.6760 0.6668 0.3137 220 111 46
0.122047 0.043307 -0.106299 0.5714 0.7237 -0.3871 219 112 48
0.122047 0.043307 -0.098425 0.6261 0.6963 -0.3509 219 111 47
0.122047 0.043307 -0.090551 0.6038 0.7303 -0.3196 219 111 46
0.122047 0.043307 -0.082677 0.6304 0.7327 -0.2565 220 111 46
0.122047 0.043307 -0.074803 0.6414 0.7337 -0.2243 219 111 46
0.122047 0.043307 -0.066929 0.6087 0.7832 -0.1268 220 111 45
0.122047 0.043307 -0.059055 0.6891 0.7233 0.0454 220 111 44
0.122047 0.043307 -0.051181 0.6908 0.6863 0.2278 221 111 44
0.122047 0.043307 -0.043307 0.6868 0.6701 0.2814 220 111 44
0.122047 0.043307 -0.035433 0.6733 0.6508 0.3509 221 111 44
0.122047 0.043307 -0.027559 0.6503 0.6102 0.4526 220 111 44
0.122047 0.043307 -0.019685 0.6453 0.5571 0.5227 220 112 45
0.122047 0.051181 -0.114173 0.6217 0.5914 -0.5135 220 112 50
0.122047 0.051181 -0.106299 0.6046 0.6548 -0.4535 218 111 47
0.122047 0.051181 -0.098425 0.6340 0.6617 -0.4002 219 111 47
0.122047 0.051181 -0.090551 0.6104 0.6899 -0.3892 219 111 46
0.122047 0.051181 -0.082677 0.6352 0.6963 -0.3342 220 111 46
0.122047 0.051181 -0.074803 0.6581 0.6970 -0.2848 220 111 45
0.122047 0.051181 -0.066929 0.6986 0.6825 -0.2148 220 111 45
0.122047 0.051181 -0.059055 0.7794 0.6129 0.1296 220 111 43
0.122047 0.051181 -0.051181 0.7460 0.5785 0.3298 221 111 44
0.122047 0.051181 -0.043307 0.6927 0.5696 0.4425 220 111 44
0.122047 0.051181 -0.035433 0.6866 0.5361 0.4911 220 111 44
0.122047 0.051181 -0.027559 0.6117 0.4362 0.6600 220 111 44
0.122047 0.051181 -0.019685 0.5427 0.3182 0.7773 220 111 45
0.122047 0.059055 -0.114173 0.8336 0.2165 -0.5082 219 112 48
0.122047 0.059055 -0.106299 0.6885 0.4388 -0.5774 219 112 47
0.122047 0.059055 -0.098425 0.6442 0.5652 -0.5154 219 112 46
0.122047 0.059055 -0.090551 0.5954 0.6211 -0.5096 220 112 45
0.122047 0.059055 -0.082677 0.6087 0.6152 -0.5010 221 111 45
0.122047 0.059055 -0.074803 0.7028 0.6084 -0.3687 221 111 45
0.122047 0.059055 -0.066929 0.7734 0.5653 -0.2867 221 111 45
0.122047 0.059055 -0.059055 0.9068 0.3747 0.1935 221 111 44
0.122047 0.059055 -0.051181 0.8658 0.2922 0.4063 221 111 44
0.122047 0.059055 -0.043307 0.7826 0.2845 0.5537 220 112 44
0.122047 0.059055 -0.035433 0.7115 0.2489 0.6571 221 111 44
0.122047 0.059055 -0.027559 0.5977 0.2471 0.7627 220 112 45
0.122047 0.059055 -0.019685 0.4539 0.1476 0.8788 220 112 45
0.122047 0.059055 -0.011811 0.3699 0.1628 0.9147 220 114 48
0.122047 0.059055 -0.003937 0.4118 0.0393 0.9104 220 114 49
0.122047 0.066929 -0.122047 0.8081 0.0074 -0.5890 220 113 48
0.122047 0.066929 -0.114173 0.8492 0.0525 -0.5255 219 112 48
0.122047 0.066929 -0.106299 0.8735 0.0269 -0.4860 219 112 47
0.122047 0.066929 -0.098425 0.8013 0.1064 -0.5888 220 112 46
0.122047 0.066929 -0.090551 0.7405 0.3343 -0.5830 220 112 45
0.122047 0.066929 -0.082677 0.7239 0.4983 -0.4771 221 112 45
0.122047 0.066929 -0.074803 0.8045 0.5068 -0.3097 221 112 45
0.122047 0.066929 -0.066929 0.9699 0.2138 0.1162 222 112 44
0.122047 0.066929 -0.059055 0.9254 0.2362 0.2965 215 117 48
0.122047 0.066929 -0.051181 0.8321 0.2164 0.5106 208 124 54
0.122047 0.066929 -0.043307 0.7665 0.1495 0.6246 207 123 53
0.122047 0.066929 -0.035433 0.7257 0.0791 0.6835 210 123 53
0.122047 0.066929 -0.027559 0.5960 -0.0346 0.8022 213 121 53
0.122047 0.066929 -0.019685 0.5577 -0.0268 0.8296 215 120 53
0.122047 0.066929 -0.011811 0.4058 0.1047 0.9079 213 122 53
0.122047 0.066929 -0.003937 0.3778 0.0712 0.9231 213 120 52
0.122047 0.074803 -0.122047 0.7881 -0.2375 -0.5678 218 115 49
0.122047 0.074803 -0.114173 0.7869 -0.2053 -0.5819 219 112 47
0.122047 0.074803 -0.106299 0.8576 -0.1967 -0.4753 220 113 46
0.122047 0.074803 -0.098425 0.8772 -0.1699 -0.4491 220 113 46
0.122047 0.074803 -0.090551 0.8826 -0.1649 -0.4403 220 113 45
0.122047 0.074803 -0.082677 0.8146 0.0413 -0.5786 220 113 45
0.122047 0.074803 -0.074803 0.8890 0.0577 -0.4543 216 117 46
0.122047 0.074803 -0.066929 0.9445 -0.1033 0.3118 206 124 52
0.122047 0.074803 -0.059055 0.9123 0.0802 0.4016 209 124 53
0.122047 0.074803 -0.051181 0.7668 -0.1490 0.6244 210 124 54
0.122047 0.074803 -0.043307 0.7852 -0.0892 0.6127 210 124 54
0.122047 0.074803 -0.035433 0.5976 -0.2843 0.7497 210 124 54
0.122047 0.074803 -0.027559 0.4893 -0.4050 0.7723 210 125 54
0.122047 0.074803 -0.019685 0.3972 -0.3776 0.8365 209 124 54
0.122047 0.074803 -0.011811 0.3352 -0.3195 0.8863 210 124 54
0.122047 0.074803 -0.003937 0.2260 -0.3250 0.9183 208 124 55
0.122047 0.074803 0.003937 0.2161 -0.2558 0.9423 208 124 59
0.122047 0.082677 -0.114173 0.7624 -0.3313 -0.5558 220 113 48
0.122047 0.082677 -0.106299 0.7864 -0.3718 -0.4932 220 113 47
0.122047 0.082677 -0.098425 0.7938 -0.4279 -0.4322 220 114 46
0.122047 0.082677 -0.090551 0.7635 -0.5705 -0.3026 220 115 46
0.122047 0.082677 -0.082677 0.7602 -0.6257 -0.1750 210 124 51
0.122047 0.082677 -0.074803 0.5685 -0.8206 0.0586 210 125 54
0.122047 0.082677 -0.066929 0.5427 -0.8128 0.2118 211 125 55
0.122047 0.082677 -0.059055 0.5843 -0.6449 0.4926 210 125 54
0.122047 0.082677 -0.051181 0.5455 -0.5665 0.6176 210 125 54
0.122047 0.082677 -0.043307 0.4326 -0.5942 0.6781 210 124 54
0.122047 0.082677 -0.035433 0.3787 -0.6112 0.6950 209 124 55
0.122047 0.082677 -0.027559 0.3457 -0.5399 0.7675 209 124 54
0.122047 0.082677 -0.019685 0.2400 -0.5049 0.8292 209 124 54
0.122047 0.082677 -0.011811 0.1611 -0.4536 0.8765 209 124 55
0.122047 0.082677 -0.003937 0.1358 -0.3758 0.9167 207 124 56
0.122047 0.090551 -0.114173 0.5823 -0.6003 -0.5482 219 115 49
0.122047 0.090551 -0.106299 0.6405 -0.5746 -0.5095 220 115 47
0.122047 0.090551 -0.098425 0.5966 -0.7000 -0.3925 216 121 51
0.122047 0.090551 -0.090551 0.4848 -0.8409 -0.2408 210 126 56
0.122047 0.090551 -0.082677 0.4136 -0.9102 0.0201 210 125 56
0.122047 0.090551 -0.074803 0.3237 -0.9395 0.1121 210 126 56
0.122047 0.090551 -0.066929 0.3403 -0.9236 0.1765 211 126 56
0.122047 0.090551 -0.059055 0.2863 -0.9116 0.2949 210 126 54
0.122047 0.090551 -0.051181 0.4122 -0.7552 0.5097 209 126 54
0.122047 0.090551 -0.043307 0.3985 -0.6708 0.6255 209 125 54
0.122047 0.090551 -0.035433 0.2645 -0.7074 0.6555 209 124 55
0.122047 0.090551 -0.027559 0.1847 -0.6563 0.7316 208 124 55
0.122047 0.090551 -0.019685 0.1112 -0.5662 0.8167 207 124 55
0.122047 0.090551 -0.011811 0.0266 -0.5029 0.8639 207 122 58
0.122047 0.090551 -0.003937 -0.0199 -0.5108 0.8595 207 122 58
0.122047 0.098425 -0.114173 0.2754 -0.7585 -0.5906 217 118 52
0.122047 0.098425 -0.106299 0.3233 -0.7870 -0.5255 213 126 54
0.122047 0.098425 -0.098425 0.4921 -0.7873 -0.3715 208 129 60
0.122047 0.098425 -0.090551 0.2208 -0.9409 -0.2567 212 126 59
0.122047 0.098425 -0.082677 0.1206 -0.9876 -0.1002 210 126 57
0.122047 0.098425 -0.074803 0.1109 -0.9935 -0.0264 209 126 57
0.122047 0.098425 -0.066929 0.1224 -0.9917 0.0403 210 126 56
0.122047 0.098425 -0.059055 0.1429 -0.9722 0.1854 208 124 54
0.122047 0.098425 -0.051181 0.6144 -0.7575 0.2205 207 123 52
0.122047 0.098425 -0.043307 0.5204 -0.7184 0.4616 205 122 51
0.122047 0.098425 -0.035433 0.3723 -0.6992 0.6104 204 122 48
0.122047 0.098425 -0.027559 0.1942 -0.6681 0.7183 205 123 49
0.122047 0.098425 -0.019685 0.1495 -0.6070 0.7805 203 122 45
0.122047 0.098425 -0.011811 -0.0021 -0.5553 0.8316 205 124 53
0.122047 0.106299 -0.114173 0.0462 -0.8430 -0.5359 189 146 77
0.122047 0.106299 -0.106299 0.2451 -0.8462 -0.4731 196 139 69
0.122047 0.106299 -0.098425 0.3076 -0.9217 -0.2364 197 139 67
0.122047 0.106299 -0.090551 0.1228 -0.9877 -0.0964 200 136 66
0.122047 0.106299 -0.082677 0.0509 -0.9784 -0.2001 210 126 58
0.122047 0.106299 -0.074803 0.0599 -0.9871 -0.1482 209 126 58
0.122047 0.106299 -0.066929 0.0706 -0.9973 -0.0199 208 125 57
0.122047 0.106299 -0.059055 0.1791 -0.9536 0.2418 207 125 57
0.122047 0.106299 -0.051181 0.5750 -0.7876 0.2216 205 124 56
0.122047 0.106299 -0.043307 0.5059 -0.7537 0.4194 204 124 55
0.122047 0.106299 -0.035433 0.3381 -0.7202 0.6058 203 122 56
0.122047 0.106299 -0.027559 0.1233 -0.7076 0.6957 203 122 54
0.122047 0.106299 -0.019685 0.0772 -0.6351 0.7685 204 122 52
0.122047 0.114173 -0.106299 -0.1214 -0.9590 -0.2559 186 154 80
0.122047 0.114173 -0.098425 -0.0406 -0.9953 -0.0879 196 139 70
0.122047 0.114173 -0.090551 0.1250 -0.9815 -0.1448 198 138 69
0.122047 0.114173 -0.082677 0.0439 -0.9892 -0.1397 204 129 60
0.122047 0.114173 -0.074803 0.0510 -0.9943 -0.0940 206 125 58
0.122047 0.114173 -0.066929 0.0455 -0.9990 0.0012 206 125 58
0.122047 0.114173 -0.059055 0.4209 -0.8932 0.1582 205 124 57
0.122047 0.114173 -0.051181 0.4069 -0.8751 0.2621 204 124 57
0.122047 0.114173 -0.043307 0.3593 -0.8446 0.3969 203 123 54
0.122047 0.114173 -0.035433 0.2266 -0.7672 0.6000 202 122 55
0.122047 0.114173 -0.027559 0.1798 -0.7627 0.6213 204 122 56
0.122047 0.122047 -0.074803 -0.0092 -0.9984 -0.0566 204 124 61
0.122047 0.122047 -0.066929 0.0408 -0.9935 0.1062 204 125 60
0.122047 0.122047 -0.059055 0.1546 -0.9609 0.2295 202 124 59
0.122047 0.122047 -0.051181 0.1313 -0.9373 0.3229 200 124 59
0.122047 0.122047 -0.043307 0.1186 -0.8868 0.4466 201 123 58
0.129921 0.035433 -0.059055 0.5581 0.8297 -0.0034 220 112 47
0.129921 0.035433 -0.051181 0.6122 0.7807 0.1257 219 112 48
0.129921 0.035433 -0.043307 0.6188 0.7539 0.2206 220 112 47
0.129921 0.035433 -0.035433 0.5938 0.7784 0.2036 219 112 48
0.129921 0.043307 -0.106299 0.5491 0.7351 -0.3976 219 111 47
0.129921 0.043307 -0.098425 0.5731 0.7608 -0.3045 220 111 47
0.129921 0.043307 -0.090551 0.5890 0.7536 -0.2919 220 111 46
0.129921 0.043307 -0.082677 0.5845 0.7872 -0.1964 219 111 46
0.129921 0.043307 -0.074803 0.5875 0.7912 -0.1696 220 111 48
0.129921 0.043307 -0.066929 0.5979 0.7945 -0.1064 221 111 46
0.129921 0.043307 -0.059055 0.6528 0.7463 0.1299 220 111 46
0.129921 0.043307 -0.051181 0.6677 0.7151 0.2070 220 111 45
0.129921 0.043307 -0.043307 0.6717 0.6816 0.2902 220 111 46
0.129921 0.043307 -0.035433 0.6599 0.6733 0.3335 220 111 46
0.129921 0.051181 -0.114173 0.7396 0.4347 -0.5138 219 111 49
0.129921 0.051181 -0.106299 0.6025 0.6721 -0.4304 218 111 47
0.129921 0.051181 -0.098425 0.6351 0.6902 -0.3470 218 111 47
0.129921 0.051181 -0.090551 0.6239 0.7089 -0.3289 219 111 47
0.129921 0.051181 -0.082677 0.6399 0.7222 -0.2627 220 111 46
0.129921 0.051181 -0.074803 0.6383 0.7360 -0.2256 220 111 45
0.129921 0.051181 -0.066929 0.6500 0.7478 -0.1351 220 111 45
0.129921 0.051181 -0.059055 0.6997 0.7033 0.1257 221 111 45
0.129921 0.051181 -0.051181 0.7089 0.6506 0.2725 220 111 44
0.129921 0.051181 -0.043307 0.6937 0.6135 0.3773 220 111 44
0.129921 0.051181 -0.035433 0.7118 0.5831 0.3915 220 111 45
0.129921 0.051181 -0.027559 0.6725 0.5163 0.5303 220 111 46
0.129921 0.059055 -0.114173 0.8580 0.2564 -0.4452 218 111 47
0.129921 0.059055 -0.106299 0.8537 0.2724 -0.4437 219 111 46
0.129921 0.059055 -0.098425 0.7201 0.5127 -0.4675 220 111 46
0.129921 0.059055 -0.090551 0.6928 0.6082 -0.3874 220 111 45
0.129921 0.059055 -0.082677 0.6759 0.6499 -0.3476 220 111 45
0.129921 0.059055 -0.074803 0.7153 0.6343 -0.2934 221 111 45
0.129921 0.059055 -0.066929 0.8125 0.5770 -0.0834 221 111 44
0.129921 0.059055 -0.059055 0.8185 0.5590 0.1328 220 111 44
0.129921 0.059055 -0.051181 0.7594 0.5555 0.3387 220 111 44
0.129921 0.059055 -0.043307 0.7437 0.4891 0.4558 220 112 45
0.129921 0.059055 -0.035433 0.7506 0.3990 0.5267 220 112 45
0.129921 0.059055 -0.027559 0.6184 0.2677 0.7388 220 111 46
0.129921 0.066929 -0.114173 0.8608 0.0848 -0.5018 219 112 47
0.129921 0.066929 -0.106299 0.9087 0.1003 -0.4051 220 112 46
0.129921 0.066929 -0.098425 0.9289 0.1038 -0.3555 220 112 46
0.129921 0.066929 -0.090551 0.8628 0.1596 -0.4797 221 111 45
0.129921 0.066929 -0.082677 0.7843 0.3739 -0.4950 221 111 45
0.129921 0.066929 -0.074803 0.7408 0.5336 -0.4080 221 112 45
0.129921 0.066929 -0.066929 0.9537 0.2805 0.1089 221 112 45
0.129921 0.066929 -0.059055 0.9399 0.2594 0.2220 222 111 46
0.129921 0.066929 -0.051181 0.8468 0.3396 0.4094 220 112 46
0.129921 0.066929 -0.043307 0.7516 0.4664 0.4664 220 112 47
0.129921 0.066929 -0.035433 0.7100 0.4076 0.5743 219 113 46
0.129921 0.066929 -0.027559 0.6225 0.1822 0.7611 220 113 49
0.129921 0.066929 -0.019685 0.5455 0.0462 0.8369 218 115 50
0.129921 0.074803 -0.114173 0.8417 -0.0798 -0.5340 220 113 47
0.129921 0.074803 -0.106299 0.8618 -0.0619 -0.5034 220 112 46
0.129921 0.074803 -0.098425 0.9251 -0.0578 -0.3752 220 112 46
0.129921 0.074803 -0.090551 0.9386 -0.1474 -0.3119 221 113 46
0.129921 0.074803 -0.082677 0.9113 -0.2037 -0.3579 221 112 44
0.129921 0.074803 -0.074803 0.9259 0.0186 -0.3774 215 117 49
0.129921 0.074803 -0.066929 0.9613 0.1899 0.1995 207 124 53
0.129921 0.074803 -0.059055 0.9108 0.2414 0.3349 207 124 54
0.129921 0.074803 -0.051181 0.8907 0.1619 0.4248 209 123 54
0.129921 0.074803 -0.043307 0.8141 0.0685 0.5767 209 124 55
0.129921 0.074803 -0.035433 0.7031 -0.1063 0.7031 211 123 54
0.129921 0.074803 -0.027559 0.5963 -0.1586 0.7869 209 124 54
0.129921 0.074803 -0.019685 0.4571 -0.1165 0.8818 209 124 55
0.129921 0.074803 -0.011811 0.3623 -0.2212 0.9054 209 124 55
0.129921 0.082677 -0.114173 0.8216 -0.2639 -0.5054 220 113 48
0.129921 0.082677 -0.106299 0.8653 -0.2375 -0.4414 220 114 47
0.129921 0.082677 -0.098425 0.8689 -0.2499 -0.4273 220 114 46
0.129921 0.082677 -0.090551 0.9075 -0.2858 -0.3079 213 122 50
0.129921 0.082677 -0.082677 0.9033 -0.3641 -0.2271 209 126 55
0.129921 0.082677 -0.074803 0.8434 -0.5357 0.0397 210 124 55
0.129921 0.082677 -0.066929 0.8589 -0.4947 0.1322 210 125 54
0.129921 0.082677 -0.059055 0.7099 -0.6010 0.3673 210 125 54
0.129921 0.082677 -0.051181 0.5963 -0.5225 0.6094 209 124 54
0.129921 0.082677 -0.043307 0.5246 -0.5534 0.6470 209 124 55
0.129921 0.082677 -0.035433 0.4830 -0.5574 0.6753 209 124 55
0.129921 0.082677 -0.027559 0.3840 -0.5224 0.7613 209 124 54
0.129921 0.082677 -0.019685 0.2979 -0.4799 0.8252 209 124 54
0.129921 0.082677 -0.011811 0.2685 -0.4016 0.8756 207 125 56
0.129921 0.090551 -0.114173 0.7889 -0.3816 -0.4818 219 115 50
0.129921 0.090551 -0.106299 0.7846 -0.3816 -0.4887 216 119 51
0.129921 0.090551 -0.098425 0.8288 -0.4129 -0.3777 209 125 55
0.129921 0.090551 -0.090551 0.8429 -0.4151 -0.3424 211 126 56
0.129921 0.090551 -0.082677 0.6848 -0.7277 -0.0386 211 126 56
0.129921 0.090551 -0.074803 0.6021 -0.7944 0.0793 210 126 56
0.129921 0.090551 -0.066929 0.6520 -0.7375 0.1759 210 125 55
0.129921 0.090551 -0.059055 0.6318 -0.7544 0.1782 209 125 55
0.129921 0.090551 -0.051181 0.3966 -0.8165 0.4196 209 125 54
0.129921 0.090551 -0.043307 0.3125 -0.7397 0.5959 209 124 55
0.129921 0.090551 -0.035433 0.2419 -0.7221 0.6482 208 124 55
0.129921 0.090551 -0.027559 0.1785 -0.6504 0.7383 208 124 54
0.129921 0.090551 -0.019685 0.1624 -0.5227 0.8369 207 124 55
0.129921 0.090551 -0.011811 0.0711 -0.4553 0.8875 206 123 58
0.129921 0.098425 -0.114173 0.1196 -0.5244 -0.8430 205 136 66
0.129921 0.098425 -0.106299 0.5484 -0.4820 -0.6834 206 132 62
0.129921 0.098425 -0.098425 0.8706 -0.3854 -0.3057 204 134 66
0.129921 0.098425 -0.090551 0.4820 -0.8541 -0.1953 210 127 59
0.129921 0.098425 -0.082677 0.3719 -0.9283 -0.0014 210 127 58
0.129921 0.098425 -0.074803 0.3681 -0.9257 0.0873 209 126 57
0.129921 0.098425 -0.066929 0.6101 -0.7794 0.1423 209 126 56
0.129921 0.098425 -0.059055 0.5147 -0.8373 0.1841 209 125 55
0.129921 0.098425 -0.051181 0.4558 -0.8539 0.2513 209 124 55
0.129921 0.098425 -0.043307 0.4224 -0.7984 0.4291 207 124 56
0.129921 0.098425 -0.035433 0.3045 -0.7234 0.6197 207 123 55
0.129921 0.098425 -0.027559 0.0289 -0.6921 0.7212 206 122 56
0.129921 0.098425 -0.019685 -0.0173 -0.6253 0.7802 205 122 58
0.129921 0.106299 -0.114173 0.1666 -0.6680 -0.7252 175 166 91
0.129921 0.106299 -0.106299 0.0703 -0.8722 -0.4841 190 148 78
0.129921 0.106299 -0.098425 0.3172 -0.8943 -0.3157 196 141 70
0.129921 0.106299 -0.090551 0.2724 -0.9425 -0.1935 199 138 67
0.129921 0.106299 -0.082677 0.1327 -0.9718 -0.1949 209 127 59
0.129921 0.106299 -0.074803 0.1547 -0.9878 0.0166 208 125 57
0.129921 0.106299 -0.066929 0.6295 -0.7767 0.0237 206 124 56
0.129921 0.106299 -0.059055 0.5902 -0.7928 0.1522 205 123 54
0.129921 0.106299 -0.051181 0.5107 -0.8271 0.2349 206 123 50
0.129921 0.106299 -0.043307 0.4148 -0.8446 0.3385 205 123 45
0.129921 0.106299 -0.035433 0.3115 -0.7880 0.5311 205 124 44
0.129921 0.106299 -0.027559 0.0520 -0.7128 0.6994 203 123 42
0.129921 0.106299 -0.019685 -0.0613 -0.7043 0.7073 205 124 45
0.129921 0.114173 -0.122047 0.3431 -0.8598 -0.3781 169 174 97
0.129921 0.114173 -0.114173 0.2770 -0.9495 -0.1474 169 175 97
0.129921 0.114173 -0.106299 -0.1152 -0.9234 -0.3661 175 169 94
0.129921 0.114173 -0.098425 -0.1420 -0.9828 -0.1177 188 152 80
0.129921 0.114173 -0.090551 -0.1051 -0.9901 -0.0926 193 139 70
0.129921 0.114173 -0.082677 0.0179 -0.9956 -0.0920 201 131 64
0.129921 0.114173 -0.074803 0.2029 -0.9781 0.0469 205 124 59
0.129921 0.114173 -0.066929 0.5293 -0.8475 0.0392 205 123 57
0.129921 0.114173 -0.059055 0.5091 -0.8499 0.1364 204 123 55
0.129921 0.114173 -0.051181 0.4240 -0.8560 0.2958 203 122 56
0.129921 0.114173 -0.043307 0.2971 -0.8871 0.3532 202 122 54
0.129921 0.114173 -0.035433 0.2160 -0.8336 0.5083 203 121 53
0.129921 0.122047 -0.129921 0.1514 -0.9880 -0.0300 174 164 89
0.129921 0.122047 -0.122047 -0.0502 -0.9980 0.0385 168 173 98
0.129921 0.122047 -0.074803 0.3830 -0.9211 -0.0704 205 121 60
0.129921 0.122047 -0.066929 0.3665 -0.9246 0.1040 202 122 58
0.129921 0.122047 -0.059055 0.2936 -0.9302 0.2202 201 122 57
0.129921 0.122047 -0.051181 0.1909 -0.9236 0.3325 199 122 58
0.129921 0.122047 -0.043307 0.1944 -0.8965 0.3981 202 121 59
0.129921 0.129921 -0.137795 -0.0633 -0.9976 -0.0273 176 158 86
0.129921 0.137795 -0.153543 -0.2417 -0.9702 0.0176 172 155 80
0.137795 0.043307 -0.082677 0.5628 0.8152 -0.1364 218 111 49
0.137795 0.043307 -0.074803 0.5694 0.8186 -0.0750 218 112 49
0.137795 0.043307 -0.051181 0.6353 0.7236 0.2696 219 112 47
0.137795 0.043307 -0.043307 0.6074 0.7465 0.2716 220 112 49
0.137795 0.051181 -0.106299 0.6193 0.6852 -0.3832 218 110 47
0.137795 0.051181 -0.098425 0.6038 0.7380 -0.3012 218 112 47
0.137795 0.051181 -0.090551 0.5671 0.7761 -0.2759 219 111 46
0.137795 0.051181 -0.082677 0.5787 0.7900 -0.2023 219 111 45
0.137795 0.051181 -0.074803 0.6098 0.7706 -0.1852 221 111 46
0.137795 0.051181 -0.066929 0.6330 0.7685 -0.0933 220 111 46
0.137795 0.051181 -0.059055 0.7058 0.6905 0.1582 221 111 45
0.137795 0.051181 -0.051181 0.6924 0.6687 0.2711 219 111 46
0.137795 0.051181 -0.043307 0.6778 0.6517 0.3404 220 111 46
0.137795 0.059055 -0.106299 0.8332 0.3582 -0.4213 220 111 47
0.137795 0.059055 -0.098425 0.7930 0.3940 -0.4647 220 111 47
0.137795 0.059055 -0.090551 0.7839 0.4817 -0.3918 220 111 45
0.137795 0.059055 -0.082677 0.7067 0.6457 -0.2891 220 111 45
0.137795 0.059055 -0.074803 0.6743 0.7089 -0.2066 221 111 45
0.137795 0.059055 -0.066929 0.7343 0.6769 0.0501 221 111 45
0.137795 0.059055 -0.059055 0.7184 0.6735 0.1740 220 111 45
0.137795 0.059055 -0.051181 0.7373 0.6136 0.2825 221 111 45
0.137795 0.059055 -0.043307 0.7197 0.5816 0.3792 220 111 45
0.137795 0.059055 -0.035433 0.7144 0.4549 0.5317 220 112 46
0.137795 0.066929 -0.106299 0.9125 0.1758 -0.3694 221 111 48
0.137795 0.066929 -0.098425 0.9301 0.0992 -0.3535 220 111 46
0.137795 0.066929 -0.090551 0.9575 0.0620 -0.2816 220 111 45
0.137795 0.066929 -0.082677 0.9480 0.1131 -0.2973 221 111 44
0.137795 0.066929 -0.074803 0.8602 0.4173 -0.2931 221 112 45
0.137795 0.066929 -0.066929 0.9025 0.4299 0.0259 220 112 45
0.137795 0.066929 -0.059055 0.8802 0.4247 0.2119 220 112 45
0.137795 0.066929 -0.051181 0.8210 0.4711 0.3226 220 112 45
0.137795 0.066929 -0.043307 0.8191 0.3838 0.4264 220 112 45
0.137795 0.066929 -0.035433 0.7796 0.2774 0.5616 220 112 47
0.137795 0.066929 -0.027559 0.9461 -0.0430 0.3210 218 115 51
0.137795 0.074803 -0.106299 0.9173 -0.0048 -0.3982 220 112 48
0.137795 0.074803 -0.098425 0.9076 -0.0519 -0.4166 222 111 45
0.137795 0.074803 -0.090551 0.9543 -0.0676 -0.2909 221 112 46
0.137795 0.074803 -0.082677 0.9632 -0.0975 -0.2504 220 112 46
0.137795 0.074803 -0.074803 0.9369 -0.3422 -0.0707 218 116 49
0.137795 0.074803 -0.066929 0.9933 0.0916 -0.0698 217 116 50
0.137795 0.074803 -0.059055 0.8887 0.4372 0.1377 217 117 51
0.137795 0.074803 -0.051181 0.8780 0.3854 0.2838 217 114 50
0.137795 0.074803 -0.043307 0.8245 0.3489 0.4454 217 116 52
0.137795 0.074803 -0.035433 0.6826 -0.0460 0.7294 217 115 51
0.137795 0.082677 -0.106299 0.8983 -0.1716 -0.4044 220 113 48
0.137795 0.082677 -0.098425 0.9047 -0.2064 -0.3727 218 116 47
0.137795 0.082677 -0.090551 0.9277 -0.2169 -0.3039 209 125 53
0.137795 0.082677 -0.082677 0.9382 -0.2549 -0.2341 207 126 55
0.137795 0.082677 -0.074803 0.9140 -0.4017 0.0568 210 125 54
0.137795 0.082677 -0.066929 0.9141 -0.4009 0.0605 209 125 55
0.137795 0.082677 -0.059055 0.8917 -0.4297 0.1422 209 125 55
0.137795 0.082677 -0.051181 0.7975 -0.3783 0.4700 209 124 54
0.137795 0.082677 -0.043307 0.6985 -0.3967 0.5956 209 124 53
0.137795 0.082677 -0.035433 0.5884 -0.4291 0.6853 208 124 54
0.137795 0.082677 -0.027559 0.4899 -0.4154 0.7665 208 124 56
0.137795 0.082677 -0.019685 0.3031 -0.4344 0.8482 207 124 57
0.137795 0.090551 -0.114173 0.5424 0.2624 -0.7981 204 130 64
0.137795 0.090551 -0.106299 0.7678 -0.0866 -0.6348 207 126 56
0.137795 0.090551 -0.098425 0.9047 -0.1469 -0.3999 211 125 57
0.137795 0.090551 -0.090551 0.9256 -0.2696 -0.2657 211 126 57
0.137795 0.090551 -0.082677 0.8951 -0.4361 -0.0926 211 126 56
0.137795 0.090551 -0.074803 0.8787 -0.4774 -0.0023 210 125 56
0.137795 0.090551 -0.066929 0.8158 -0.5765 0.0472 209 125 55
0.137795 0.090551 -0.059055 0.6966 -0.7029 0.1441 209 124 55
0.137795 0.090551 -0.051181 0.6342 -0.6901 0.3487 209 124 56
0.137795 0.090551 -0.043307 0.4901 -0.6593 0.5701 209 123 55
0.137795 0.090551 -0.035433 0.4310 -0.6235 0.6523 208 124 55
0.137795 0.090551 -0.027559 0.3642 -0.5501 0.7515 207 123 55
0.137795 0.098425 -0.106299 0.5717 0.2160 -0.7915 196 145 74
0.137795 0.098425 -0.098425 0.8252 0.3591 -0.4359 195 140 68
0.137795 0.098425 -0.090551 0.9697 -0.2335 0.0716 208 129 62
0.137795 0.098425 -0.082677 0.7636 -0.6413 -0.0758 210 126 58
0.137795 0.098425 -0.074803 0.6797 -0.7312 -0.0580 210 126 56
0.137795 0.098425 -0.066929 0.5553 -0.8316 0.0073 210 125 57
0.137795 0.098425 -0.059055 0.4431 -0.8876 0.1260 209 124 56
0.137795 0.098425 -0.051181 0.4516 -0.8558 0.2522 208 124 56
0.137795 0.098425 -0.043307 0.3494 -0.7961 0.4941 207 124 55
0.137795 0.098425 -0.035433 0.2705 -0.7407 0.6149 207 123 56
0.137795 0.098425 -0.027559 0.1028 -0.6870 0.7193 206 123 57
0.137795 0.106299 -0.114173 0.3840 0.5611 -0.7333 166 174 98
0.137795 0.106299 -0.106299 0.4578 -0.2924 -0.8396 182 157 84
0.137795 0.106299 -0.098425 0.3376 -0.8417 -0.4213 188 152 79
0.137795 0.106299 -0.090551 0.2196 -0.9731 -0.0703 193 143 69
0.137795 0.106299 -0.082677 0.7469 -0.6407 -0.1777 207 132 63
0.137795 0.106299 -0.074803 0.4865 -0.8706 -0.0734 211 126 58
0.137795 0.106299 -0.066929 0.5141 -0.8564 0.0484 210 126 58
0.137795 0.106299 -0.059055 0.4556 -0.8803 0.1324 208 125 55
0.137795 0.106299 -0.051181 0.4551 -0.8537 0.2530 208 125 57
0.137795 0.106299 -0.043307 0.2975 -0.8645 0.4051 207 123 56
0.137795 0.106299 -0.035433 0.2480 -0.7667 0.5921 204 125 59
0.137795 0.114173 -0.122047 0.2360 -0.2944 -0.9261 168 174 99
0.137795 0.114173 -0.114173 0.4315 -0.8052 -0.4068 169 173 99
0.137795 0.114173 -0.106299 0.1305 -0.8876 -0.4418 167 173 97
0.137795 0.114173 -0.098425 -0.1666 -0.9833 -0.0732 180 161 87
0.137795 0.114173 -0.090551 -0.2174 -0.9664 0.1374 185 151 78
0.137795 0.114173 -0.082677 0.3520 -0.9339 -0.0631 186 146 76
0.137795 0.114173 -0.074803 0.5904 -0.8050 -0.0589 204 122 59
0.137795 0.114173 -0.066929 0.5467 -0.8373 0.0015 204 121 55
0.137795 0.114173 -0.059055 0.4450 -0.8855 0.1333 204 122 46
0.137795 0.114173 -0.051181 0.3457 -0.9057 0.2454 202 120 46
0.137795 0.114173 -0.043307 0.2187 -0.9067 0.3608 204 123 42
0.137795 0.122047 -0.137795 -0.8668 -0.3150 -0.3866 168 172 99
0.137795 0.122047 -0.129921 0.4405 -0.8620 -0.2509 168 172 97
0.137795 0.122047 -0.122047 0.2343 -0.9183 -0.3191 168 173 100
0.137795 0.122047 -0.114173 0.1040 -0.9703 -0.2183 167 174 99
0.137795 0.122047 -0.106299 -0.0559 -0.9976 -0.0410 169 173 101
0.137795 0.122047 -0.082677 0.1302 -0.9816 0.1394 180 152 78
0.137795 0.122047 -0.074803 0.2710 -0.9400 0.2072 197 129 62
0.137795 0.122047 -0.066929 0.2320 -0.9701 0.0719 201 121 56
0.137795 0.122047 -0.059055 0.3153 -0.9408 0.1242 201 120 56
0.137795 0.122047 -0.051181 0.2779 -0.9318 0.2336 202 121 54
0.137795 0.129921 -0.145669 0.3022 -0.9439 0.1330 173 160 88
0.137795 0.129921 -0.137795 0.4356 -0.8962 -0.0843 166 170 96
0.137795 0.129921 -0.129921 -0.0048 -0.9906 0.1365 166 172 97
0.137795 0.129921 -0.122047 -0.2441 -0.9644 0.1021 166 173 100
0.137795 0.129921 -0.114173 -0.3072 -0.9498 0.0585 164 172 101
0.137795 0.137795 -0.153543 -0.4673 -0.8840 -0.0159 167 156 80
0.137795 0.137795 -0.145669 -0.0277 -0.9815 0.1896 168 156 84
0.137795 0.137795 -0.137795 -0.1623 -0.9502 0.2660 167 162 88
0.145669 0.051181 -0.059055 0.6514 0.7383 0.1751 220 111 49
0.145669 0.059055 -0.090551 0.7200 0.6082 -0.3342 221 110 46
0.145669 0.059055 -0.082677 0.6445 0.7388 -0.1969 221 109 46
0.145669 0.059055 -0.074803 0.6395 0.7595 -0.1193 220 111 45
0.145669 0.059055 -0.066929 0.7246 0.6845 0.0800 221 111 45
0.145669 0.059055 -0.059055 0.7151 0.6842 0.1431 220 111 47
0.145669 0.059055 -0.051181 0.6862 0.6664 0.2916 220 111 47
0.145669 0.066929 -0.090551 0.9363 0.2287 -0.2667 221 111 46
0.145669 0.066929 -0.082677 0.9249 0.2196 -0.3103 222 111 46
0.145669 0.066929 -0.074803 0.8678 0.4502 -0.2103 221 111 44
0.145669 0.066929 -0.066929 0.7971 0.5893 0.1316 220 111 45
0.145669 0.066929 -0.059055 0.7380 0.6513 0.1764 220 111 46
0.145669 0.066929 -0.051181 0.7610 0.5960 0.2562 220 111 46
0.145669 0.074803 -0.090551 0.9605 -0.0119 -0.2782 222 111 47
0.145669 0.074803 -0.082677 0.9715 -0.0899 -0.2193 222 111 44
0.145669 0.074803 -0.074803 0.9289 -0.3653 0.0613 220 112 45
0.145669 0.074803 -0.066929 0.9376 -0.3258 0.1214 220 112 45
0.145669 0.074803 -0.059055 0.9820 -0.0196 0.1879 219 112 45
0.145669 0.074803 -0.051181 0.9439 0.2930 0.1521 219 112 47
0.145669 0.082677 -0.090551 0.9438 -0.0844 -0.3194 211 122 56
0.145669 0.082677 -0.082677 0.9357 -0.1525 -0.3182 215 121 54
0.145669 0.082677 -0.074803 0.9445 -0.3264 -0.0375 213 122 55
0.145669 0.082677 -0.066929 0.9515 -0.3070 0.0191 215 121 55
0.145669 0.082677 -0.059055 0.9520 -0.3046 0.0298 215 119 50
0.145669 0.082677 -0.051181 0.8617 -0.3653 0.3522 217 116 50
0.145669 0.090551 -0.114173 0.3642 0.8637 -0.3484 187 148 77
0.145669 0.090551 -0.090551 0.9279 -0.2013 -0.3139 212 125 58
0.145669 0.090551 -0.082677 0.9198 -0.3854 -0.0737 211 125 56
0.145669 0.090551 -0.074803 0.9118 -0.4084 -0.0420 210 125 56
0.145669 0.090551 -0.066929 0.9050 -0.4217 0.0565 209 125 56
0.145669 0.090551 -0.059055 0.8436 -0.5306 0.0824 209 125 55
0.145669 0.090551 -0.051181 0.6786 -0.6420 0.3569 209 124 55
0.145669 0.090551 -0.043307 0.6258 -0.5993 0.4992 208 123 55
0.145669 0.090551 -0.035433 0.5762 -0.5455 0.6086 207 124 56
0.145669 0.098425 -0.106299 0.5687 0.7010 -0.4302 178 158 83
0.145669 0.098425 -0.098425 0.6821 0.6482 -0.3383 184 153 76
0.145669 0.098425 -0.090551 0.8025 0.5718 -0.1705 197 142 72
0.145669 0.098425 -0.082677 0.9102 -0.3404 -0.2358 211 126 59
0.145669 0.098425 -0.074803 0.8612 -0.5022 -0.0780 210 125 57
0.145669 0.098425 -0.066929 0.7394 -0.6729 0.0232 209 125 57
0.145669 0.098425 -0.059055 0.6194 -0.7636 0.1826 209 125 57
0.145669 0.098425 -0.051181 0.5885 -0.7688 0.2502 208 124 56
0.145669 0.098425 -0.043307 0.5926 -0.6739 0.4412 207 124 56
0.145669 0.098425 -0.035433 0.5412 -0.6331 0.5534 206 123 57
0.145669 0.106299 -0.114173 0.5732 0.8189 -0.0284 166 174 97
0.145669 0.106299 -0.106299 0.6122 0.6350 -0.4711 173 167 91
0.145669 0.106299 -0.098425 0.7133 0.5633 -0.4170 181 159 84
0.145669 0.106299 -0.090551 0.7805 0.3181 -0.5381 185 151 78
0.145669 0.106299 -0.082677 0.3945 -0.5167 -0.7598 201 137 68
0.145669 0.106299 -0.074803 0.5653 -0.7931 -0.2267 210 125 59
0.145669 0.106299 -0.066929 0.5005 -0.8649 0.0370 208 124 58
0.145669 0.106299 -0.059055 0.3254 -0.9307 0.1671 207 124 56
0.145669 0.106299 -0.051181 0.2981 -0.9018 0.3130 207 123 58
0.145669 0.106299 -0.043307 0.2173 -0.8788 0.4248 206 123 56
0.145669 0.114173 -0.129921 0.3433 0.7253 -0.5968 166 172 98
0.145669 0.114173 -0.122047 0.4131 0.3424 -0.8439 167 174 100
0.145669 0.114173 -0.114173 0.8491 0.3623 -0.3843 166 172 97
0.145669 0.114173 -0.106299 0.9810 -0.1472 -0.1264 164 169 93
0.145669 0.114173 -0.098425 0.9936 -0.1129 0.0004 173 162 87
0.145669 0.114173 -0.090551 0.8341 -0.5516 0.0110 178 157 81
0.145669 0.114173 -0.082677 0.2553 -0.9485 -0.1878 179 149 70
0.145669 0.114173 -0.074803 0.1926 -0.9738 -0.1211 199 132 59
0.145669 0.114173 -0.066929 0.3805 -0.9225 -0.0650 200 124 47
0.145669 0.114173 -0.059055 0.3882 -0.9130 0.1257 205 124 53
0.145669 0.114173 -0.051181 0.2800 -0.9329 0.2263 204 123 50
0.145669 0.114173 -0.043307 0.1663 -0.9190 0.3574 205 124 61
0.145669 0.122047 -0.137795 -0.4330 -0.0532 -0.8998 168 171 100
0.145669 0.122047 -0.129921 -0.1512 -0.5682 -0.8088 167 172 99
0.145669 0.122047 -0.122047 -0.0353 -0.8036 -0.5942 168 173 99
0.145669 0.122047 -0.114173 -0.0370 -0.9389 -0.3423 167 173 99
0.145669 0.122047 -0.106299 0.5324 -0.8206 0.2077 166 172 99
0.145669 0.122047 -0.098425 0.5379 -0.4979 0.6803 167 172 97
0.145669 0.122047 -0.090551 0.3339 -0.6001 0.7269 165 171 94
0.145669 0.122047 -0.082677 0.1135 -0.8661 0.4868 177 157 87
0.145669 0.122047 -0.059055 -0.0320 -0.9718 0.2338 193 127 50
0.145669 0.122047 -0.051181 0.1404 -0.9446 0.2966 196 123 47
0.145669 0.129921 -0.145669 -0.5470 -0.6063 -0.5773 164 169 94
0.145669 0.129921 -0.137795 -0.2569 -0.6722 -0.6944 165 170 97
0.145669 0.129921 -0.129921 0.1457 -0.8353 -0.5302 164 172 98
0.145669 0.129921 -0.122047 0.1247 -0.9641 -0.2342 164 173 99
0.145669 0.129921 -0.114173 -0.0765 -0.9915 -0.1056 162 168 100
0.145669 0.129921 -0.106299 0.3918 -0.7477 0.5361 165 172 101
0.145669 0.137795 -0.153543 -0.6080 -0.2620 -0.7494 165 151 78
0.145669 0.137795 -0.145669 -0.9940 0.0198 0.1080 163 166 94
0.145669 0.137795 -0.137795 -0.7722 -0.6026 -0.2017 161 171 93
0.145669 0.137795 -0.129921 -0.0787 -0.9968 -0.0131 160 171 95
0.145669 0.137795 -0.122047 -0.3612 -0.8837 0.2976 159 166 102
0.145669 0.145669 -0.145669 -0.7412 -0.6656 -0.0869 165 157 70
0.145669 0.145669 -0.137795 -0.5497 -0.7024 0.4521 158 170 84
0.145669 0.145669 -0.129921 -0.2505 -0.8536 0.4568 153 163 98
0.153543 0.066929 -0.074803 0.9359 0.3107 -0.1661 222 109 45
0.153543 0.066929 -0.066929 0.8145 0.5684 0.1168 222 111 46
0.153543 0.074803 -0.066929 0.9746 -0.1654 0.1512 221 112 45
0.153543 0.082677 -0.066929 0.9680 -0.2446 0.0564 221 113 48
0.153543 0.090551 -0.066929 0.9346 -0.3498 -0.0644 215 121 54
0.153543 0.090551 -0.051181 0.8083 -0.5740 0.1312 210 123 56
0.153543 0.098425 -0.114173 0.4317 0.8339 -0.3438 173 164 93
0.153543 0.098425 -0.106299 0.3874 0.8676 -0.3116 177 161 89
0.153543 0.098425 -0.098425 0.4117 0.8727 -0.2623 177 161 88
0.153543 0.098425 -0.090551 0.6647 0.7268 -0.1732 188 149 77
0.153543 0.098425 -0.082677 0.8142 0.3452 -0.4669 203 134 68
0.153543 0.098425 -0.066929 0.7957 -0.6024 0.0633 209 125 57
0.153543 0.098425 -0.059055 0.7517 -0.6300 0.1949 208 124 57
0.153543 0.098425 -0.051181 0.7398 -0.6210 0.2590 208 124 56
0.153543 0.106299 -0.122047 0.4606 0.8732 -0.1594 167 172 99
0.153543 0.106299 -0.114173 0.4494 0.8570 -0.2524 167 173 97
0.153543 0.106299 -0.106299 0.3182 0.8894 -0.3281 173 167 91
0.153543 0.106299 -0.098425 0.2561 0.9570 -0.1364 176 164 89
0.153543 0.106299 -0.090551 0.7120 0.6387 -0.2919 182 155 82
0.153543 0.106299 -0.082677 0.7698 -0.1720 -0.6146 190 147 75
0.153543 0.106299 -0.074803 0.6069 -0.7377 -0.2957 200 134 68
0.153543 0.106299 -0.066929 0.6613 -0.7483 -0.0519 202 127 60
0.153543 0.106299 -0.059055 0.6447 -0.7403 0.1903 208 124 58
0.153543 0.106299 -0.051181 0.5368 -0.8069 0.2467 205 124 57
0.153543 0.114173 -0.129921 0.4677 0.8838 -0.0112 165 173 98
0.153543 0.114173 -0.122047 0.5297 0.8474 0.0365 167 173 99
0.153543 0.114173 -0.114173 0.6480 0.7536 0.1102 167 173 97
0.153543 0.114173 -0.106299 0.6420 0.7567 -0.1234 166 173 97
0.153543 0.114173 -0.098425 0.4820 0.8540 0.1960 173 168 94
0.153543 0.114173 -0.090551 0.8531 0.5201 0.0419 179 161 88
0.153543 0.114173 -0.082677 0.3697 -0.8802 -0.2976 180 155 83
0.153543 0.114173 -0.074803 0.0231 -0.9943 -0.1044 196 136 70
0.153543 0.114173 -0.066929 0.0285 -0.9954 0.0913 195 136 68
0.153543 0.114173 -0.059055 -0.0195 -0.9945 0.1029 198 130 66
0.153543 0.122047 -0.137795 0.3395 0.1852 -0.9222 163 168 95
0.153543 0.122047 -0.129921 0.0522 0.1186 -0.9916 163 169 95
0.153543 0.122047 -0.122047 -0.2611 0.8602 -0.4381 160 167 93
0.153543 0.122047 -0.114173 0.7080 0.6749 -0.2080 159 166 92
0.153543 0.122047 -0.106299 0.6584 0.7379 0.1487 165 170 94
0.153543 0.122047 -0.098425 0.2612 0.0881 0.9613 163 169 89
0.153543 0.122047 -0.090551 0.3757 -0.3399 0.8622 161 168 79
0.153543 0.129921 -0.145669 0.2032 -0.4975 -0.8433 163 168 93
0.153543 0.129921 -0.137795 -0.1960 -0.5027 -0.8419 163 168 94
0.153543 0.129921 -0.129921 -0.6392 -0.7127 -0.2889 163 171 95
0.153543 0.129921 -0.122047 -0.7428 0.4044 0.5336 163 171 99
0.153543 0.129921 -0.114173 0.8356 0.5480 0.0381 162 166 97
0.153543 0.129921 -0.106299 0.8199 -0.0682 0.5684 164 170 97
0.153543 0.129921 -0.098425 0.3750 -0.3771 0.8468 163 169 96
0.153543 0.129921 -0.090551 0.2385 -0.5811 0.7781 162 170 92
0.153543 0.137795 -0.161417 0.0996 -0.9940 0.0461 156 164 80
0.153543 0.137795 -0.153543 -0.1464 -0.9754 -0.1647 159 164 84
0.153543 0.137795 -0.145669 -0.3103 -0.9049 -0.2914 159 166 89
0.153543 0.137795 -0.137795 -0.6555 -0.0994 -0.7487 159 168 91
0.153543 0.137795 -0.129921 -0.8637 -0.5028 -0.0342 161 169 94
0.153543 0.137795 -0.122047 0.9031 0.2058 0.3768 162 163 103
0.153543 0.137795 -0.114173 0.6495 -0.2887 0.7034 160 170 99
0.153543 0.137795 -0.106299 0.3405 -0.7252 0.5985 162 168 94
0.153543 0.137795 -0.098425 -0.1032 -0.5843 0.8050 160 170 94
0.153543 0.145669 -0.169291 0.1686 -0.9638 -0.2064 162 143 64
0.153543 0.145669 -0.145669 -0.8721 0.1324 -0.4711 156 161 87
0.153543 0.145669 -0.129921 -0.2562 -0.0569 0.9649 161 158 95
0.153543 0.145669 -0.122047 0.0109 -0.6225 0.7826 158 166 91
0.153543 0.145669 -0.114173 -0.1175 -0.7056 0.6988 157 167 94
0.161417 0.106299 -0.122047 0.4452 0.8852 -0.1346 167 171 100
0.161417 0.106299 -0.114173 0.4183 0.8811 -0.2206 166 172 97
0.161417 0.106299 -0.106299 0.2890 0.8841 -0.3672 173 166 93
0.161417 0.106299 -0.098425 0.2510 0.9452 -0.2089 177 162 89
0.161417 0.106299 -0.090551 0.1674 0.9853 -0.0337 177 161 88
0.161417 0.106299 -0.082677 0.8320 0.5351 -0.1467 179 156 84
0.161417 0.106299 -0.074803 0.8333 -0.5044 -0.2261 197 137 68
0.161417 0.106299 -0.066929 0.8641 -0.4905 0.1128 196 136 66
0.161417 0.114173 -0.129921 0.4267 0.8997 -0.0915 166 172 97
0.161417 0.114173 -0.122047 0.4668 0.8828 -0.0519 167 172 98
0.161417 0.114173 -0.114173 0.4885 0.8723 -0.0229 166 172 98
0.161417 0.114173 -0.106299 0.3929 0.8998 -0.1899 166 172 99
0.161417 0.114173 -0.098425 0.2661 0.2861 0.9205 172 169 95
0.161417 0.114173 -0.090551 0.0290 0.3244 0.9455 174 164 90
0.161417 0.114173 -0.082677 0.2989 -0.9307 0.2110 175 160 85
0.161417 0.114173 -0.066929 0.2831 -0.9143 -0.2895 193 137 69
0.161417 0.122047 -0.137795 0.2990 0.9532 -0.0437 163 170 95
0.161417 0.122047 -0.129921 0.5879 0.8035 -0.0931 166 172 96
0.161417 0.122047 -0.122047 0.5263 0.8501 0.0170 165 173 96
0.161417 0.122047 -0.114173 0.4544 0.8905 -0.0218 166 173 101
0.161417 0.122047 -0.106299 0.4768 0.8552 -0.2030 166 172 97
0.161417 0.122047 -0.098425 -0.0807 0.2792 0.9568 166 171 98
0.161417 0.122047 -0.090551 -0.1198 -0.0455 0.9917 163 171 95
0.161417 0.129921 -0.153543 0.6212 0.1468 -0.7698 160 164 90
0.161417 0.129921 -0.145669 -0.0600 0.4747 -0.8781 160 164 91
0.161417 0.129921 -0.137795 0.0256 0.9779 -0.2075 156 162 86
0.161417 0.129921 -0.129921 0.7168 0.6801 -0.1537 156 165 89
0.161417 0.129921 -0.122047 0.5755 0.8172 -0.0319 161 167 95
0.161417 0.129921 -0.114173 0.4262 0.9015 0.0752 158 165 93
0.161417 0.129921 -0.106299 0.1795 0.5019 0.8461 160 168 83
0.161417 0.129921 -0.098425 0.0480 -0.0500 0.9976 166 171 81
0.161417 0.129921 -0.090551 0.1465 -0.3371 0.9300 164 171 77
0.161417 0.137795 -0.161417 0.2749 -0.7770 -0.5664 154 160 76
0.161417 0.137795 -0.153543 -0.0237 -0.9397 -0.3412 155 161 82
0.161417 0.137795 -0.145669 -0.7993 0.0407 -0.5996 156 163 85
0.161417 0.137795 -0.137795 -0.2566 0.9660 -0.0312 155 166 87
0.161417 0.137795 -0.129921 0.7580 0.3266 0.5646 157 163 90
0.161417 0.137795 -0.122047 0.3620 0.6242 0.6924 160 163 97
0.161417 0.137795 -0.114173 0.2921 0.6511 0.7005 160 167 95
0.161417 0.137795 -0.106299 0.3651 -0.0000 0.9310 158 164 89
0.161417 0.137795 -0.098425 0.1278 -0.6478 0.7510 162 169 84
0.161417 0.145669 -0.169291 -0.0406 -0.9630 -0.2666 148 157 62
0.161417 0.145669 -0.161417 -0.1898 -0.9469 -0.2595 151 158 70
0.161417 0.145669 -0.153543 -0.1463 -0.9879 -0.0512 155 159 76
0.161417 0.145669 -0.145669 -0.8735 0.4829 0.0612 155 161 84
0.161417 0.145669 -0.137795 -0.0284 0.3765 0.9260 151 157 84
0.161417 0.145669 -0.129921 -0.1666 0.5195 0.8381 153 156 95
0.161417 0.145669 -0.122047 0.0401 0.0464 0.9981 158 163 90
0.161417 0.145669 -0.114173 0.6255 0.2953 0.7222 158 163 94
0.161417 0.145669 -0.106299 0.1027 -0.5721 0.8137 158 165 92
0.169291 0.106299 -0.114173 0.4691 0.8821 -0.0423 167 170 98
0.169291 0.106299 -0.106299 0.3176 0.9113 -0.2621 170 169 98
0.169291 0.106299 -0.098425 0.2594 0.9658 -0.0041 177 161 90
0.169291 0.114173 -0.129921 0.3799 0.9106 -0.1629 166 169 96
0.169291 0.114173 -0.122047 0.3930 0.8936 -0.2169 166 170 98
0.169291 0.114173 -0.114173 0.4514 0.8791 -0.1533 166 170 97
0.169291 0.114173 -0.106299 0.3909 0.8905 -0.2328 167 171 98
0.169291 0.114173 -0.098425 0.3060 0.8226 0.4792 166 169 95
0.169291 0.114173 -0.090551 0.4248 0.6551 0.6247 171 163 89
0.169291 0.114173 -0.082677 0.4375 0.1746 0.8821 176 157 85
0.169291 0.122047 -0.145669 0.4371 0.8988 -0.0333 163 168 94
0.169291 0.122047 -0.137795 0.3730 0.9278 -0.0099 163 169 94
0.169291 0.122047 -0.129921 0.3673 0.9300 0.0126 165 171 96
0.169291 0.122047 -0.122047 0.3877 0.9153 0.1093 165 172 97
0.169291 0.122047 -0.114173 0.2107 0.9262 0.3126 163 168 98
0.169291 0.122047 -0.106299 -0.0928 0.7295 0.6777 164 171 98
0.169291 0.122047 -0.098425 -0.1303 -0.0578 0.9898 164 170 93
0.169291 0.122047 -0.090551 -0.0980 -0.0791 0.9920 159 172 92
0.169291 0.129921 -0.153543 0.5893 0.8079 -0.0054 158 164 89
0.169291 0.129921 -0.145669 0.4334 0.8667 -0.2469 155 163 84
0.169291 0.129921 -0.137795 0.4128 0.8911 -0.1886 161 167 89
0.169291 0.129921 -0.129921 0.4938 0.8691 -0.0289 161 168 88
0.169291 0.129921 -0.122047 0.4763 0.8792 -0.0059 161 168 91
0.169291 0.129921 -0.114173 0.3712 0.8927 0.2555 165 172 95
0.169291 0.129921 -0.106299 -0.0764 0.3455 0.9353 162 171 89
0.169291 0.129921 -0.098425 -0.1515 0.0969 0.9837 160 170 95
0.169291 0.129921 -0.090551 -0.0041 0.1537 0.9881 162 169 98
0.169291 0.137795 -0.161417 0.3186 0.1889 -0.9289 150 156 74
0.169291 0.137795 -0.153543 0.0584 0.9830 -0.1742 152 158 82
0.169291 0.137795 -0.145669 0.4594 0.8568 -0.2341 155 159 83
0.169291 0.137795 -0.137795 0.3891 0.8939 -0.2225 153 162 85
0.169291 0.137795 -0.129921 0.5680 0.7900 0.2309 155 160 91
0.169291 0.137795 -0.122047 0.2990 0.7707 0.5627 160 160 93
0.169291 0.137795 -0.114173 -0.1504 0.7917 0.5921 159 164 78
0.169291 0.137795 -0.106299 -0.2861 0.2020 0.9367 161 167 77
0.169291 0.137795 -0.098425 -0.3820 -0.0539 0.9226 156 170 75
0.169291 0.145669 -0.169291 -0.0817 -0.9141 -0.3972 145 154 65
0.169291 0.145669 -0.161417 -0.5014 -0.8402 -0.2065 149 155 73
0.169291 0.145669 -0.153543 -0.0890 -0.4949 0.8644 149 157 76
0.169291 0.145669 -0.145669 0.2707 0.9556 -0.1165 150 159 78
0.169291 0.145669 -0.137795 0.4726 0.0622 0.8791 147 155 78
0.169291 0.145669 -0.129921 -0.0654 0.0936 0.9935 153 157 90
0.169291 0.145669 -0.122047 0.0132 0.1067 0.9942 154 162 84
0.169291 0.145669 -0.098425 -0.0494 -0.6681 0.7424 149 175 79
0.169291 0.153543 -0.177165 -0.0663 -0.9614 -0.2671 143 156 53
0.169291 0.153543 -0.169291 -0.3033 -0.9377 -0.1697 145 156 60
0.169291 0.153543 -0.161417 -0.4196 -0.8684 0.2641 147 156 62
0.169291 0.153543 -0.153543 -0.7258 -0.6749 -0.1330 148 156 68
0.169291 0.153543 -0.145669 0.5950 -0.0862 0.7991 142 145 80
0.169291 0.153543 -0.137795 0.1137 -0.1032 0.9881 143 146 87
0.169291 0.153543 -0.129921 -0.1096 -0.0433 0.9930 150 155 77
0.169291 0.153543 -0.122047 0.0180 0.1763 0.9842 153 151 90
0.169291 0.153543 -0.106299 -0.1538 -0.5006 0.8519 146 175 74
0.177165 0.114173 -0.137795 0.3914 0.9067 -0.1570 166 168 97
0.177165 0.114173 -0.129921 0.3927 0.9176 -0.0620 166 170 97
0.177165 0.114173 -0.122047 0.3939 0.9128 -0.1079 165 169 96
0.177165 0.114173 -0.114173 0.3834 0.9184 -0.0978 163 170 97
0.177165 0.114173 -0.106299 0.4041 0.9090 -0.1021 163 167 94
0.177165 0.114173 -0.098425 0.3300 0.7166 0.6144 166 170 98
0.177165 0.114173 -0.090551 0.3172 0.7388 0.5945 166 168 93
0.177165 0.122047 -0.145669 0.3829 0.9158 -0.1211 162 166 93
0.177165 0.122047 -0.137795 0.3566 0.9158 -0.1848 163 167 94
0.177165 0.122047 -0.129921 0.4115 0.9110 -0.0271 164 168 94
0.177165 0.122047 -0.122047 0.3820 0.9229 0.0481 163 170 96
0.177165 0.122047 -0.114173 0.4596 0.8870 0.0449 163 167 97
0.177165 0.122047 -0.106299 0.3717 0.8597 0.3505 165 171 97
0.177165 0.122047 -0.098425 0.2178 0.3869 0.8960 164 170 94
0.177165 0.122047 -0.090551 0.2213 0.3643 0.9046 159 171 93
0.177165 0.129921 -0.153543 0.4739 0.8794 -0.0467 158 164 85
0.177165 0.129921 -0.145669 0.2358 0.9672 -0.0945 161 165 89
0.177165 0.129921 -0.137795 0.1807 0.9829 -0.0351 161 168 91
0.177165 0.129921 -0.129921 0.1211 0.8799 0.4596 162 170 91
0.177165 0.129921 -0.122047 -0.1347 0.6198 0.7731 164 165 101
0.177165 0.129921 -0.114173 -0.2104 0.2404 0.9476 162 167 97
0.177165 0.129921 -0.106299 -0.0340 -0.1494 0.9882 161 168 93
0.177165 0.129921 -0.098425 -0.1450 -0.0867 0.9856 161 170 92
0.177165 0.137795 -0.169291 0.7763 0.4620 -0.4289 152 158 71
0.177165 0.137795 -0.161417 0.6235 0.7453 -0.2361 153 157 74
0.177165 0.137795 -0.153543 0.5607 0.8178 -0.1301 151 154 76
0.177165 0.137795 -0.145669 0.3020 0.9267 -0.2237 156 163 81
0.177165 0.137795 -0.137795 0.3136 0.9305 -0.1894 161 167 78
0.177165 0.137795 -0.129921 0.2386 0.8994 0.3661 150 151 78
0.177165 0.137795 -0.122047 0.0256 0.7302 0.6828 154 161 74
0.177165 0.137795 -0.114173 0.0399 0.9932 0.1097 162 164 84
0.177165 0.137795 -0.106299 -0.2318 0.3541 0.9061 156 165 81
0.177165 0.137795 -0.098425 -0.1716 0.4738 0.8637 147 172 88
0.177165 0.145669 -0.177165 0.7266 -0.0290 -0.6864 143 149 63
0.177165 0.145669 -0.169291 0.2139 0.8754 -0.4334 143 150 65
0.177165 0.145669 -0.161417 0.6279 0.7571 -0.1804 145 149 70
0.177165 0.145669 -0.153543 0.5522 0.8330 -0.0334 147 152 75
0.177165 0.145669 -0.145669 0.2526 0.9582 -0.1341 151 155 82
0.177165 0.145669 -0.137795 0.3914 0.7264 0.5649 148 155 85
0.177165 0.145669 -0.129921 0.0166 0.2827 0.9591 152 156 79
0.177165 0.145669 -0.122047 -0.3155 -0.5419 0.7790 154 159 70
0.177165 0.145669 -0.114173 -0.4213 -0.5342 0.7329 143 159 75
0.177165 0.145669 -0.106299 -0.4233 -0.0944 0.9010 149 170 75
0.177165 0.145669 -0.098425 -0.2863 -0.2050 0.9360 144 174 77
0.177165 0.153543 -0.185039 0.2723 -0.9398 -0.2064 141 150 60
0.177165 0.153543 -0.177165 -0.2524 -0.8532 -0.4565 142 149 61
0.177165 0.153543 -0.169291 -0.2205 -0.9443 0.2442 143 152 61
0.177165 0.153543 -0.161417 0.8300 0.2394 0.5038 140 154 58
0.177165 0.153543 -0.153543 0.0849 0.9930 0.0821 143 154 66
0.177165 0.153543 -0.145669 0.4110 0.1948 0.8906 142 149 75
0.177165 0.153543 -0.137795 0.0818 -0.5310 0.8434 141 152 77
0.177165 0.153543 -0.122047 -0.4831 -0.3972 0.7803 142 152 72
0.177165 0.153543 -0.114173 -0.6306 0.0091 0.7761 134 166 69
0.177165 0.153543 -0.106299 -0.3505 -0.4823 0.8028 142 174 68
0.177165 0.161417 -0.192913 -0.0286 -0.9669 -0.2534 144 155 48
0.177165 0.161417 -0.177165 -0.0364 -0.9980 0.0526 148 152 45
0.177165 0.161417 -0.169291 -0.1354 -0.9811 0.1380 143 153 47
0.185039 0.122047 -0.145669 0.3968 0.9084 -0.1317 161 165 90
0.185039 0.122047 -0.137795 0.3909 0.9131 -0.1163 162 166 92
0.185039 0.122047 -0.129921 0.4203 0.9035 -0.0838 162 168 92
0.185039 0.122047 -0.122047 0.3734 0.9263 -0.0506 161 166 94
0.185039 0.122047 -0.114173 0.4067 0.9135 -0.0083 161 164 95
0.185039 0.122047 -0.106299 0.3644 0.8538 0.3718 163 168 94
0.185039 0.122047 -0.098425 0.1907 0.7642 0.6162 162 168 94
0.185039 0.129921 -0.153543 0.3495 0.9192 -0.1816 156 161 84
0.185039 0.129921 -0.145669 0.2598 0.9633 -0.0680 158 162 87
0.185039 0.129921 -0.137795 0.2157 0.9721 0.0925 158 165 88
0.185039 0.129921 -0.129921 0.1679 0.9104 0.3781 157 165 87
0.185039 0.129921 -0.122047 0.1415 0.9018 0.4083 160 161 96
0.185039 0.129921 -0.114173 -0.0068 0.6608 0.7506 161 166 95
0.185039 0.129921 -0.106299 0.1206 0.4163 0.9012 160 169 93
0.185039 0.137795 -0.169291 0.5792 0.8045 -0.1316 152 157 60
0.185039 0.137795 -0.161417 0.3995 0.9051 -0.1455 151 158 70
0.185039 0.137795 -0.153543 0.3371 0.9384 0.0761 155 160 76
0.185039 0.137795 -0.145669 0.0130 0.9992 -0.0376 157 160 81
0.185039 0.137795 -0.137795 0.0980 0.8322 0.5457 157 162 83
0.185039 0.137795 -0.129921 -0.1056 0.4649 0.8791 156 159 96
0.185039 0.137795 -0.122047 -0.0873 0.1334 0.9872 158 163 92
0.185039 0.137795 -0.114173 0.0579 0.1366 0.9889 157 164 99
0.185039 0.137795 -0.106299 -0.1152 0.0012 0.9933 157 170 90
0.185039 0.145669 -0.177165 0.7980 0.5147 -0.3135 145 151 58
0.185039 0.145669 -0.169291 0.6979 0.6259 -0.3482 140 145 60
0.185039 0.145669 -0.161417 0.5706 0.7762 -0.2681 143 148 57
0.185039 0.145669 -0.153543 0.2036 0.9518 -0.2292 148 151 59
0.185039 0.145669 -0.145669 0.1351 0.9669 -0.2167 149 148 64
0.185039 0.145669 -0.137795 0.3965 0.8924 0.2156 147 148 69
0.185039 0.145669 -0.129921 0.2124 0.8996 0.3817 150 157 70
0.185039 0.145669 -0.122047 0.0497 0.9436 0.3275 149 155 74
0.185039 0.145669 -0.114173 0.0481 0.8413 0.5385 139 157 79
0.185039 0.145669 -0.106299 -0.0290 0.5426 0.8395 145 167 84
0.185039 0.145669 -0.098425 -0.0349 0.5331 0.8453 148 170 84
0.185039 0.153543 -0.185039 0.5966 0.7664 -0.2382 142 148 59
0.185039 0.153543 -0.177165 0.6575 0.5845 -0.4755 142 147 59
0.185039 0.153543 -0.169291 0.5543 0.8145 -0.1714 139 147 60
0.185039 0.153543 -0.161417 0.4937 0.8663 -0.0761 139 148 59
0.185039 0.153543 -0.153543 0.1171 0.9921 -0.0441 144 150 67
0.185039 0.153543 -0.145669 0.4899 0.4734 0.7321 141 145 72
0.185039 0.153543 -0.137795 -0.0947 -0.7225 0.6849 140 152 61
0.185039 0.153543 -0.129921 -0.0908 -0.7879 0.6091 139 162 58
0.185039 0.153543 -0.122047 -0.4136 -0.7091 0.5710 133 156 80
0.185039 0.153543 -0.114173 -0.3015 -0.6227 0.7221 138 166 69
0.185039 0.153543 -0.106299 -0.3406 -0.3480 0.8734 141 172 68
0.185039 0.161417 -0.192913 -0.0990 -0.9660 -0.2390 140 152 52
0.185039 0.161417 -0.185039 -0.0788 -0.9083 0.4109 138 152 54
0.185039 0.161417 -0.177165 0.2034 -0.8320 0.5161 138 153 52
0.185039 0.161417 -0.169291 0.7676 -0.4408 0.4653 138 151 47
0.185039 0.161417 -0.161417 0.8735 0.3387 0.3498 143 149 56
0.185039 0.161417 -0.153543 -0.0686 -0.5584 0.8267 138 141 78
0.185039 0.161417 -0.137795 -0.2879 -0.7592 0.5837 134 152 52
0.185039 0.161417 -0.114173 -0.4924 -0.6876 0.5337 128 158 52
0.185039 0.161417 -0.106299 -0.4438 -0.5114 0.7359 133 167 53
0.192913 0.122047 -0.145669 0.3930 0.9128 -0.1115 160 163 88
0.192913 0.122047 -0.129921 0.4331 0.9010 0.0259 161 168 93
0.192913 0.129921 -0.161417 0.5241 0.8471 -0.0880 153 157 75
0.192913 0.129921 -0.153543 0.4226 0.8967 -0.1314 154 158 81
0.192913 0.129921 -0.145669 0.3174 0.9327 -0.1715 157 162 85
0.192913 0.129921 -0.137795 0.3994 0.9126 -0.0877 158 162 87
0.192913 0.129921 -0.129921 0.4016 0.9144 0.0499 159 164 86
0.192913 0.129921 -0.122047 0.3976 0.9032 0.1620 159 159 94
0.192913 0.129921 -0.114173 0.2273 0.9719 0.0607 160 164 92
0.192913 0.137795 -0.169291 0.3353 0.9060 -0.2585 147 152 59
0.192913 0.137795 -0.161417 0.1791 0.9720 -0.1522 149 152 67
0.192913 0.137795 -0.153543 0.1674 0.9809 0.0990 151 155 72
0.192913 0.137795 -0.145669 -0.0497 0.9951 0.0856 155 158 76
0.192913 0.137795 -0.137795 -0.0224 0.5942 0.8040 153 156 78
0.192913 0.137795 -0.129921 0.2400 0.4550 0.8575 156 155 92
0.192913 0.137795 -0.122047 0.0224 0.0911 0.9956 156 162 90
0.192913 0.145669 -0.177165 0.5096 0.8210 -0.2575 147 155 49
0.192913 0.145669 -0.169291 0.5074 0.8153 -0.2792 150 156 56
0.192913 0.145669 -0.161417 0.4832 0.8699 -0.0991 149 157 60
0.192913 0.145669 -0.153543 0.0533 0.9944 -0.0908 151 157 65
0.192913 0.145669 -0.145669 0.1839 0.9093 0.3734 145 150 72
0.192913 0.145669 -0.137795 0.1242 0.6821 0.7207 148 149 81
0.192913 0.145669 -0.129921 0.0968 0.1444 0.9848 148 158 78
0.192913 0.145669 -0.122047 0.1641 0.6340 0.7557 146 166 87
0.192913 0.145669 -0.114173 0.1495 0.4344 0.8883 143 167 87
0.192913 0.145669 -0.106299 -0.1190 0.3491 0.9295 145 174 73
0.192913 0.153543 -0.185039 0.6908 0.5402 -0.4806 143 148 61
0.192913 0.153543 -0.177165 0.5968 0.6278 -0.4997 141 146 57
0.192913 0.153543 -0.169291 0.5480 0.7562 -0.3575 142 148 56
0.192913 0.153543 -0.161417 0.4555 0.8537 -0.2525 141 146 45
0.192913 0.153543 -0.153543 0.1608 0.9183 -0.3617 137 137 59
0.192913 0.153543 -0.145669 0.1245 0.8375 0.5321 138 140 67
0.192913 0.153543 -0.137795 0.1109 0.7191 0.6860 135 151 65
0.192913 0.153543 -0.129921 0.1394 0.3335 0.9324 139 156 66
0.192913 0.153543 -0.122047 0.0568 0.9831 0.1738 131 149 86
0.192913 0.153543 -0.114173 0.0042 0.4816 0.8764 133 162 79
0.192913 0.153543 -0.106299 -0.1141 0.3165 0.9417 134 164 78
0.192913 0.161417 -0.192913 0.6811 0.5787 -0.4486 139 148 56
0.192913 0.161417 -0.185039 0.7419 0.5060 -0.4398 140 148 55
0.192913 0.161417 -0.177165 0.5879 0.7328 -0.3426 140 147 54
0.192913 0.161417 -0.169291 0.8550 0.4882 -0.1751 139 148 52
0.192913 0.161417 -0.153543 0.2093 -0.8141 0.5417 138 138 57
0.192913 0.161417 -0.145669 -0.0171 -0.8670 0.4979 136 149 54
0.192913 0.161417 -0.137795 -0.0818 -0.7993 0.5953 127 160 59
0.192913 0.161417 -0.114173 -0.2312 -0.8134 0.5338 130 162 56
0.192913 0.161417 -0.106299 -0.3765 -0.5168 0.7688 130 161 58
0.192913 0.169291 -0.200787 0.1123 -0.9797 0.1659 141 152 51
0.192913 0.169291 -0.192913 0.0736 -0.9961 0.0481 136 152 52
0.192913 0.169291 -0.185039 0.3433 -0.7675 0.5414 138 151 45
0.192913 0.169291 -0.177165 0.3239 -0.7840 0.5295 139 152 40
0.192913 0.169291 -0.153543 -0.3419 -0.8622 0.3738 128 151 45
0.200787 0.129921 -0.161417 0.4673 0.8823 -0.0562 153 155 72
0.200787 0.129921 -0.153543 0.4029 0.9081 -0.1139 153 157 77
0.200787 0.129921 -0.145669 0.3365 0.9301 -0.1474 156 159 83
0.200787 0.129921 -0.137795 0.4594 0.8882 0.0121 157 162 86
0.200787 0.129921 -0.129921 0.4228 0.8888 0.1767 159 163 86
0.200787 0.137795 -0.169291 0.4160 0.8811 -0.2249 145 152 55
0.200787 0.137795 -0.161417 0.3934 0.9044 -0.1652 146 150 66
0.200787 0.137795 -0.153543 0.3601 0.9286 -0.0896 149 153 69
0.200787 0.137795 -0.145669 0.2252 0.9609 -0.1613 153 156 76
0.200787 0.137795 -0.137795 0.4021 0.9002 0.1670 155 157 83
0.200787 0.137795 -0.129921 0.2571 0.8663 0.4282 153 156 93
0.200787 0.145669 -0.177165 0.2111 0.9233 -0.3208 145 153 49
0.200787 0.145669 -0.169291 0.2024 0.9378 -0.2820 145 152 54
0.200787 0.145669 -0.161417 0.0974 0.9700 0.2228 147 155 54
0.200787 0.145669 -0.153543 -0.2805 0.9587 0.0479 147 157 60
0.200787 0.145669 -0.145669 0.4302 0.2957 0.8529 148 151 67
0.200787 0.145669 -0.137795 0.2788 0.0776 0.9572 143 155 76
0.200787 0.145669 -0.129921 0.0946 0.0723 0.9929 142 166 64
0.200787 0.153543 -0.185039 0.4871 0.7044 -0.5163 144 151 46
0.200787 0.153543 -0.177165 0.4982 0.7586 -0.4199 148 155 51
0.200787 0.153543 -0.169291 0.5243 0.7969 -0.3000 148 156 54
0.200787 0.153543 -0.161417 0.3026 0.9114 -0.2788 148 153 56
0.200787 0.153543 -0.153543 0.4259 0.8978 -0.1122 144 142 70
0.200787 0.153543 -0.145669 0.4223 0.3736 0.8259 138 145 69
0.200787 0.153543 -0.137795 0.2416 0.3754 0.8948 133 158 67
0.200787 0.153543 -0.114173 0.3560 0.5270 0.7717 139 168 69
0.200787 0.153543 -0.106299 0.0383 0.2261 0.9733 132 170 70
0.200787 0.161417 -0.192913 0.6186 0.6345 -0.4633 141 144 63
0.200787 0.161417 -0.185039 0.5842 0.6591 -0.4736 139 144 62
0.200787 0.161417 -0.177165 0.5915 0.6490 -0.4784 141 144 54
0.200787 0.161417 -0.169291 0.4447 0.7056 -0.5517 139 143 49
0.200787 0.161417 -0.161417 0.2172 0.9000 -0.3780 136 135 71
0.200787 0.161417 -0.153543 0.2565 -0.1818 0.9493 135 140 65
0.200787 0.161417 -0.145669 0.0592 -0.0420 0.9974 126 152 56
0.200787 0.161417 -0.114173 -0.2106 -0.4701 0.8571 126 158 63
0.200787 0.161417 -0.106299 -0.3046 -0.2967 0.9051 125 160 72
0.200787 0.169291 -0.200787 0.8326 -0.3351 -0.4410 140 148 55
0.200787 0.169291 -0.192913 0.3243 -0.7453 -0.5825 138 147 54
0.200787 0.169291 -0.185039 0.3909 -0.6229 -0.6777 137 148 49
0.200787 0.169291 -0.169291 0.2553 0.2940 -0.9211 132 144 49
0.200787 0.169291 -0.161417 0.0207 -0.9689 0.2466 130 142 48
0.200787 0.169291 -0.153543 -0.0433 -0.9521 0.3027 125 150 42
0.200787 0.169291 -0.145669 -0.1946 -0.9055 0.3771 125 156 42
0.200787 0.169291 -0.114173 -0.3450 -0.8176 0.4609 124 153 52
0.208661 0.137795 -0.169291 0.4450 0.8728 -0.2006 144 151 52
0.208661 0.137795 -0.161417 0.4334 0.9001 -0.0448 144 150 58
0.208661 0.137795 -0.153543 0.3224 0.9434 -0.0772 146 151 65
0.208661 0.137795 -0.145669 0.3313 0.9413 -0.0644 147 150 71
0.208661 0.137795 -0.137795 0.3577 0.9113 0.2041 153 153 77
0.208661 0.145669 -0.177165 0.4006 0.8499 -0.3424 142 152 47
0.208661 0.145669 -0.169291 0.2994 0.9189 -0.2569 143 152 51
0.208661 0.145669 -0.161417 0.3414 0.9116 -0.2288 142 151 50
0.208661 0.145669 -0.153543 0.1226 0.9845 -0.1253 143 147 59
0.208661 0.145669 -0.145669 0.3363 0.8599 0.3841 143 148 65
0.208661 0.153543 -0.185039 -0.3358 0.9067 0.2551 143 152 47
0.208661 0.153543 -0.177165 -0.0088 0.9721 -0.2345 144 152 49
0.208661 0.153543 -0.169291 0.3063 0.9492 0.0724 142 153 47
0.208661 0.153543 -0.161417 0.3096 0.9241 0.2240 148 153 51
0.208661 0.153543 -0.153543 0.3355 0.1472 0.9305 143 144 60
0.208661 0.153543 -0.145669 0.2966 0.0256 0.9546 133 159 59
0.208661 0.153543 -0.137795 0.2209 -0.0443 0.9743 134 163 56
0.208661 0.161417 -0.192913 0.3418 0.7344 -0.5864 144 150 40
0.208661 0.161417 -0.185039 0.3248 0.8520 -0.4106 144 149 37
0.208661 0.161417 -0.177165 0.4096 0.7113 -0.5712 142 150 38
0.208661 0.161417 -0.169291 0.4753 0.6733 -0.5663 141 147 44
0.208661 0.161417 -0.161417 0.3050 0.8506 -0.4284 136 137 68
0.208661 0.161417 -0.153543 0.6049 0.6522 0.4569 137 142 76
0.208661 0.161417 -0.145669 0.4535 0.7880 0.4164 135 150 66
0.208661 0.161417 -0.122047 0.5168 0.7661 0.3821 125 150 68
0.208661 0.161417 -0.114173 0.2690 0.4787 0.8358 129 157 68
0.208661 0.161417 -0.106299 0.2068 0.4009 0.8925 126 163 69
0.208661 0.169291 -0.192913 0.7298 0.0088 -0.6836 141 144 56
0.208661 0.169291 -0.185039 0.4525 -0.7533 -0.4774 138 142 52
0.208661 0.169291 -0.177165 0.9886 0.0548 -0.1405 139 142 52
0.208661 0.169291 -0.169291 0.5542 0.5968 -0.5803 132 136 70
0.208661 0.169291 -0.161417 0.6169 -0.6439 0.4525 126 145 62
0.208661 0.169291 -0.153543 -0.0561 -0.7412 0.6690 123 151 49
0.208661 0.169291 -0.122047 0.0130 -0.7301 0.6833 121 150 52
0.208661 0.169291 -0.114173 -0.2246 -0.3374 0.9142 121 152 56
0.208661 0.177165 -0.185039 -0.3613 -0.9094 -0.2059 127 158 34
0.208661 0.177165 -0.177165 -0.5900 -0.6535 -0.4742 128 146 47
0.208661 0.177165 -0.169291 -0.2215 -0.9752 0.0031 127 147 50
0.208661 0.177165 -0.161417 -0.3549 -0.9022 0.2450 122 147 40
0.208661 0.177165 -0.153543 -0.2976 -0.9361 0.1874 119 154 31
0.216535 0.145669 -0.185039 0.5335 0.8395 -0.1034 143 151 46
0.216535 0.145669 -0.177165 0.4453 0.8624 -0.2409 141 151 45
0.216535 0.145669 -0.169291 0.4505 0.8778 -0.1627 141 150 49
0.216535 0.145669 -0.161417 0.3381 0.9308 -0.1392 143 150 50
0.216535 0.145669 -0.153543 0.2131 0.9663 -0.1443 138 144 54
0.216535 0.153543 -0.185039 0.3198 0.9409 -0.1119 144 152 47
0.216535 0.153543 -0.177165 0.2622 0.9612 -0.0857 144 151 46
0.216535 0.153543 -0.169291 0.3617 0.9298 0.0686 144 151 42
0.216535 0.153543 -0.161417 0.2253 0.9582 -0.1763 139 145 51
0.216535 0.153543 -0.153543 0.3953 0.8158 0.4221 135 146 59
0.216535 0.153543 -0.145669 0.1672 0.6296 0.7587 133 157 51
0.216535 0.153543 -0.137795 -0.1069 0.3690 0.9232 131 162 49
0.216535 0.161417 -0.192913 -0.4010 -0.4273 0.8103 140 152 48
0.216535 0.161417 -0.185039 0.5209 0.5992 0.6080 142 151 48
0.216535 0.161417 -0.177165 0.5307 0.8467 -0.0382 143 151 47
0.216535 0.161417 -0.169291 0.1669 0.9636 0.2089 134 152 53
0.216535 0.161417 -0.161417 0.7518 -0.0913 0.6531 135 151 66
0.216535 0.161417 -0.153543 0.3584 -0.3539 0.8639 134 151 51
0.216535 0.161417 -0.145669 0.4195 -0.2641 0.8685 132 160 41
0.216535 0.161417 -0.122047 0.1309 0.4140 0.9008 123 154 44
0.216535 0.169291 -0.192913 0.1624 0.2282 -0.9600 141 150 44
0.216535 0.169291 -0.185039 0.2950 0.6497 -0.7006 140 146 55
0.216535 0.169291 -0.177165 0.0588 0.8543 -0.5164 132 145 64
0.216535 0.169291 -0.169291 0.5470 0.7407 -0.3900 125 138 83
0.216535 0.169291 -0.161417 0.5961 0.6222 0.5075 128 146 67
0.216535 0.169291 -0.153543 0.4122 0.5155 0.7512 125 149 61
0.216535 0.169291 -0.122047 0.5931 0.6897 0.4155 118 147 57
0.216535 0.169291 -0.114173 0.3509 0.4411 0.8260 123 153 55
0.216535 0.177165 -0.192913 0.1056 -0.8424 -0.5284 132 148 47
0.216535 0.177165 -0.185039 0.1304 -0.9176 -0.3755 123 147 46
0.216535 0.177165 -0.177165 0.0601 0.3835 -0.9216 127 138 67
0.216535 0.177165 -0.169291 0.1520 -0.8619 -0.4838 124 137 66
0.216535 0.177165 -0.161417 -0.0675 -0.9347 0.3491 118 146 49
0.216535 0.177165 -0.153543 -0.0348 -0.9570 0.2882 116 150 38
0.216535 0.177165 -0.122047 -0.1407 -0.9128 0.3833 120 152 42
0.216535 0.177165 -0.114173 -0.3335 -0.5256 0.7826 124 153 50
0.224409 0.145669 -0.177165 0.4222 0.8775 -0.2273 141 149 43
0.224409 0.145669 -0.169291 0.4541 0.8898 -0.0449 140 150 44
0.224409 0.145669 -0.161417 0.2363 0.9524 -0.1928 141 151 44
0.224409 0.153543 -0.192913 0.4671 0.8350 -0.2910 143 150 48
0.224409 0.153543 -0.185039 0.4929 0.8616 -0.1213 143 150 45
0.224409 0.153543 -0.177165 0.5511 0.8334 -0.0423 143 149 41
0.224409 0.153543 -0.169291 0.3562 0.9344 -0.0052 136 153 42
0.224409 0.161417 -0.192913 0.0839 -0.8242 0.5601 142 151 47
0.224409 0.161417 -0.185039 0.0508 -0.8523 0.5206 141 151 43
0.224409 0.161417 -0.177165 0.5970 -0.0361 0.8014 139 156 38
0.224409 0.161417 -0.169291 0.1369 0.9882 0.0681 131 152 51
0.224409 0.161417 -0.161417 0.4298 0.8710 0.2382 129 151 59
0.224409 0.161417 -0.153543 0.0838 0.5659 0.8202 128 157 37
0.224409 0.161417 -0.145669 -0.0316 0.1587 0.9868 124 159 38
0.224409 0.169291 -0.192913 -0.0619 -0.9436 0.3252 140 152 41
0.224409 0.169291 -0.185039 0.1352 -0.7923 0.5950 130 159 42
0.224409 0.169291 -0.177165 -0.9355 0.3135 0.1631 135 153 53
0.224409 0.169291 -0.169291 0.9424 0.3317 -0.0433 132 148 70
0.224409 0.169291 -0.161417 0.7697 -0.3469 0.5360 134 152 49
0.224409 0.169291 -0.153543 0.5879 -0.4666 0.6608 124 153 38
0.224409 0.169291 -0.122047 -0.0025 0.6081 0.7939 121 154 37
0.224409 0.177165 -0.185039 0.9038 0.0111 -0.4278 122 149 65
0.224409 0.177165 -0.177165 0.2479 0.8565 -0.4528 129 140 73
0.224409 0.177165 -0.169291 0.6765 0.7263 0.1217 122 138 75
0.224409 0.177165 -0.161417 0.6337 0.1990 0.7475 114 143 62
0.224409 0.177165 -0.122047 0.6821 0.5562 0.4747 120 145 60
0.224409 0.185039 -0.177165 -0.0209 -0.8126 -0.5824 121 135 73
0.224409 0.185039 -0.169291 -0.2110 -0.9730 -0.0931 118 145 48
0.224409 0.185039 -0.161417 -0.2125 -0.9642 0.1584 116 152 35
0.224409 0.185039 -0.129921 -0.4190 -0.8867 0.1953 122 151 39
0.224409 0.185039 -0.122047 -0.2978 -0.7171 0.6302 119 151 43
0.232283 0.153543 -0.185039 0.4573 0.8871 -0.0625 141 149 41
0.232283 0.161417 -0.192913 0.5808 -0.7793 0.2353 141 150 40
0.232283 0.161417 -0.185039 0.5497 -0.6586 0.5139 135 152 41
0.232283 0.161417 -0.177165 0.5955 0.5821 0.5537 136 156 41
0.232283 0.161417 -0.169291 0.2222 0.9718 0.0790 131 153 53
0.232283 0.161417 -0.161417 0.1716 0.8084 0.5630 128 150 49
0.232283 0.169291 -0.185039 0.1793 -0.8519 0.4920 129 160 41
0.232283 0.169291 -0.177165 -0.4791 -0.7196 0.5026 131 153 49
0.232283 0.169291 -0.169291 0.6267 0.3940 0.6723 128 151 56
0.232283 0.169291 -0.161417 0.4013 0.4704 0.7859 123 154 33
0.232283 0.177165 -0.185039 0.8478 -0.5139 0.1306 132 155 46
0.232283 0.177165 -0.177165 0.7023 0.4751 -0.5302 133 145 68
0.232283 0.177165 -0.169291 0.8875 0.2068 0.4119 122 143 60
0.232283 0.177165 -0.161417 0.4456 -0.1270 0.8862 115 150 44
0.232283 0.185039 -0.161417 0.3646 -0.2463 0.8980 117 144 59
0.232283 0.185039 -0.129921 0.6983 0.5577 0.4486 117 145 59
0.232283 0.185039 -0.122047 0.4428 0.2309 0.8664 117 147 52
0.240157 0.169291 -0.177165 0.6847 0.5723 0.4513 128 155 43
0.240157 0.169291 -0.169291 0.3942 0.7530 0.5268 120 148 54
0.240157 0.177165 -0.169291 0.3505 -0.5903 0.7271 119 147 43
0.240157 0.177165 -0.161417 0.6153 -0.0750 0.7847 114 157 30
0.240157 0.185039 -0.129921 0.5918 0.5256 0.6111 120 150 40
