ply
format ascii 1.0
element vertex 2695
property float x
property float y
property float z
property float nx
property float ny
property float nz
property uint8 red
property uint8 green
property uint8 blue
end_header
-0.145669 0.114173 -0.043307 -0.8520 0.2307 0.4700 96 117 87
-0.114173 0.098425 -0.035433 -0.6363 0.7181 0.2819 89 115 78
-0.106299 0.185039 -0.011811 -0.8987 0.1056 -0.4256 162 106 106
-0.106299 0.208661 0.019685 0.2336 -0.7058 0.6688 166 122 124
-0.106299 0.208661 0.027559 0.2261 -0.6916 0.6860 160 108 113
-0.106299 0.208661 0.035433 0.5748 -0.4570 0.6788 163 100 107
-0.106299 0.216535 0.019685 0.2206 -0.6821 0.6972 152 109 104
-0.106299 0.216535 0.027559 0.2268 -0.6699 0.7070 161 105 96
-0.106299 0.224409 0.019685 0.2267 -0.7133 0.6632 141 113 111
-0.106299 0.224409 0.027559 0.3363 -0.5141 0.7891 147 122 115
-0.106299 0.224409 0.035433 0.4564 -0.4439 0.7711 152 125 121
-0.106299 0.240157 0.043307 0.4863 -0.3748 0.7893 154 134 133
-0.098425 0.090551 -0.035433 -0.6550 0.6701 0.3491 92 117 80
-0.098425 0.185039 -0.019685 -0.8118 -0.5356 -0.2325 176 84 75
-0.098425 0.185039 0.011811 -0.7632 0.5681 0.3078 152 100 100
-0.098425 0.192913 -0.019685 -0.7627 -0.4977 -0.4130 165 114 115
-0.098425 0.192913 -0.011811 -0.9323 0.1621 0.3233 174 92 90
-0.098425 0.192913 0.003937 -0.7816 0.5398 0.3126 149 108 104
-0.098425 0.192913 0.011811 -0.7337 0.5853 0.3451 150 117 118
-0.098425 0.200787 0.011811 -0.6371 0.5532 0.5367 146 115 109
-0.098425 0.200787 0.043307 0.3701 -0.7052 0.6048 156 88 94
-0.098425 0.208661 0.003937 -0.8985 -0.1827 0.3991 142 95 95
-0.098425 0.208661 0.011811 0.1697 -0.6708 0.7220 154 118 113
-0.098425 0.208661 0.019685 0.1940 -0.6928 0.6945 150 88 82
-0.098425 0.208661 0.027559 0.2062 -0.6670 0.7160 160 78 73
-0.098425 0.208661 0.035433 0.3507 -0.4078 0.8430 166 91 87
-0.098425 0.208661 0.051181 0.6328 -0.6124 0.4738 151 98 90
-0.098425 0.216535 0.003937 0.1950 -0.7649 0.6139 158 93 95
-0.098425 0.216535 0.011811 0.1991 -0.7132 0.6721 163 98 94
-0.098425 0.216535 0.019685 0.2039 -0.6899 0.6946 149 95 88
-0.098425 0.216535 0.027559 0.2098 -0.6714 0.7108 151 104 100
-0.098425 0.224409 0.003937 0.2067 -0.8072 0.5529 171 102 97
-0.098425 0.224409 0.011811 0.2201 -0.7498 0.6240 162 102 94
-0.098425 0.224409 0.019685 0.2176 -0.7053 0.6747 153 109 102
-0.098425 0.224409 0.027559 0.3112 -0.5097 0.8021 148 119 113
-0.098425 0.224409 0.035433 0.3584 -0.4239 0.8318 152 107 99
-0.098425 0.224409 0.043307 0.4739 -0.4113 0.7786 163 124 115
-0.098425 0.224409 0.051181 0.6187 -0.6079 0.4976 154 114 109
-0.098425 0.232283 0.019685 0.2347 -0.7087 0.6653 161 107 108
-0.098425 0.240157 0.051181 0.5682 -0.6362 0.5219 163 125 124
-0.098425 0.248031 0.027559 0.3782 -0.4509 0.8085 158 130 123
-0.098425 0.248031 0.043307 0.3684 -0.3915 0.8432 182 93 91
-0.098425 0.248031 0.051181 0.4142 -0.5060 0.7566 173 110 102
-0.098425 0.248031 0.059055 0.5710 -0.6596 0.4887 164 119 117
-0.090551 0.185039 -0.011811 -0.8463 -0.2799 -0.4532 172 102 106
-0.090551 0.192913 -0.011811 -0.9854 0.0515 0.1622 171 75 66
-0.090551 0.192913 -0.003937 -0.9491 0.1009 0.2984 173 89 90
-0.090551 0.192913 0.019685 0.0850 -0.0678 0.9941 141 108 110
-0.090551 0.200787 -0.011811 -0.9825 -0.0804 0.1682 172 134 120
-0.090551 0.200787 0.011811 0.1072 -0.1518 0.9826 160 117 110
-0.090551 0.200787 0.019685 0.0788 -0.0819 0.9935 153 94 97
-0.090551 0.200787 0.027559 0.0033 -0.1907 0.9816 142 86 89
-0.090551 0.200787 0.035433 0.2964 -0.5286 0.7955 146 83 93
-0.090551 0.200787 0.043307 0.2609 -0.6762 0.6890 153 85 86
-0.090551 0.208661 -0.003937 -0.0602 -0.6811 0.7297 162 121 105
-0.090551 0.208661 0.003937 0.1114 -0.6271 0.7710 169 114 112
-0.090551 0.208661 0.011811 0.0850 -0.3031 0.9492 167 97 100
-0.090551 0.208661 0.019685 0.0273 -0.4518 0.8917 158 87 90
-0.090551 0.208661 0.027559 0.1766 -0.6420 0.7461 146 87 82
-0.090551 0.208661 0.043307 0.3974 -0.6616 0.6359 167 96 103
-0.090551 0.208661 0.051181 0.4192 -0.6498 0.6341 158 94 98
-0.090551 0.208661 0.059055 0.5661 -0.6667 0.4847 171 92 88
-0.090551 0.208661 0.066929 0.6075 -0.6531 0.4521 149 87 79
-0.090551 0.216535 -0.003937 0.0957 -0.6580 0.7469 152 92 92
-0.090551 0.216535 0.003937 0.2010 -0.8794 0.4315 174 103 102
-0.090551 0.216535 0.019685 0.1622 -0.6860 0.7093 138 97 86
-0.090551 0.216535 0.027559 0.1801 -0.6321 0.7536 135 104 94
-0.090551 0.216535 0.035433 0.3267 -0.4004 0.8561 143 108 101
-0.090551 0.216535 0.051181 0.4464 -0.6586 0.6058 164 101 106
-0.090551 0.216535 0.059055 0.5625 -0.6751 0.4773 152 101 106
-0.090551 0.224409 -0.011811 0.1363 -0.8944 0.4261 190 111 115
-0.090551 0.224409 -0.003937 0.2088 -0.8958 0.3923 175 89 91
-0.090551 0.224409 0.003937 0.2165 -0.8715 0.4401 161 106 98
-0.090551 0.224409 0.011811 0.2085 -0.8525 0.4794 163 133 117
-0.090551 0.224409 0.019685 0.2297 -0.7447 0.6266 152 111 96
-0.090551 0.224409 0.027559 0.3647 -0.4487 0.8159 149 91 80
-0.090551 0.224409 0.035433 0.3359 -0.4022 0.8517 164 114 107
-0.090551 0.224409 0.043307 0.3285 -0.3930 0.8589 154 113 102
-0.090551 0.224409 0.051181 0.3823 -0.6445 0.6621 164 112 106
-0.090551 0.224409 0.059055 0.5486 -0.6542 0.5207 168 103 99
-0.090551 0.232283 -0.011811 0.2182 -0.9165 0.3354 189 106 110
-0.090551 0.232283 -0.003937 0.2423 -0.8888 0.3889 174 99 103
-0.090551 0.232283 0.003937 0.2318 -0.8731 0.4289 162 112 107
-0.090551 0.232283 0.011811 0.2375 -0.8642 0.4435 158 116 99
-0.090551 0.232283 0.019685 0.2163 -0.7965 0.5646 165 116 107
-0.090551 0.232283 0.027559 0.3555 -0.4792 0.8025 159 111 106
-0.090551 0.232283 0.035433 0.3402 -0.4069 0.8478 155 101 102
-0.090551 0.232283 0.043307 0.3122 -0.3689 0.8755 160 125 120
-0.090551 0.232283 0.051181 0.3831 -0.6728 0.6329 163 115 123
-0.090551 0.232283 0.059055 0.6180 -0.6255 0.4764 164 102 106
-0.090551 0.232283 0.066929 0.6815 -0.6460 0.3439 154 91 92
-0.090551 0.240157 -0.011811 0.2335 -0.9204 0.3137 171 113 107
-0.090551 0.240157 0.043307 0.3253 -0.3916 0.8607 178 90 91
-0.090551 0.240157 0.051181 0.4564 -0.6234 0.6349 166 107 109
-0.090551 0.240157 0.059055 0.5361 -0.6372 0.5538 156 125 124
-0.090551 0.248031 0.027559 0.3404 -0.5891 0.7329 163 114 104
-0.090551 0.248031 0.035433 0.3451 -0.4324 0.8331 180 117 109
-0.090551 0.248031 0.043307 0.3385 -0.4030 0.8503 176 87 90
-0.090551 0.248031 0.051181 0.4310 -0.3862 0.8156 174 88 90
-0.090551 0.248031 0.059055 0.5093 -0.6358 0.5800 173 99 94
-0.090551 0.255906 0.019685 0.2476 -0.8581 0.4499 159 116 118
-0.090551 0.255906 0.043307 0.3726 -0.4185 0.8283 147 115 107
-0.082677 0.185039 -0.011811 -0.9303 -0.1745 -0.3227 179 98 94
-0.082677 0.185039 -0.003937 -0.9432 0.1405 0.3012 160 111 106
-0.082677 0.185039 0.003937 0.1335 -0.6535 0.7451 165 108 99
-0.082677 0.192913 -0.027559 -0.7395 -0.5616 -0.3711 160 108 102
-0.082677 0.192913 -0.011811 -0.9744 0.0605 0.2165 178 79 77
-0.082677 0.192913 -0.003937 0.1772 -0.6464 0.7421 181 84 87
-0.082677 0.192913 0.003937 0.0999 -0.6307 0.7696 159 94 100
-0.082677 0.192913 0.019685 0.1129 -0.1855 0.9761 129 109 102
-0.082677 0.200787 -0.027559 -0.5727 -0.6894 -0.4436 167 98 87
-0.082677 0.200787 -0.019685 -0.7864 -0.5793 -0.2146 174 111 111
-0.082677 0.200787 -0.011811 -0.9421 -0.0978 0.3206 171 121 111
-0.082677 0.200787 0.003937 0.1032 -0.6192 0.7784 172 106 97
-0.082677 0.200787 0.011811 0.1037 -0.5822 0.8064 151 100 90
-0.082677 0.200787 0.019685 0.0639 -0.3331 0.9407 145 91 86
-0.082677 0.200787 0.027559 0.0520 -0.0978 0.9938 135 89 83
-0.082677 0.200787 0.035433 0.2649 -0.0729 0.9615 142 74 74
-0.082677 0.200787 0.043307 0.2949 -0.3244 0.8988 161 81 82
-0.082677 0.200787 0.051181 0.3407 -0.5828 0.7377 178 75 88
-0.082677 0.208661 -0.011811 0.1864 -0.8315 0.5233 159 109 98
-0.082677 0.208661 -0.003937 0.1213 -0.6545 0.7463 154 118 108
-0.082677 0.208661 0.003937 0.1386 -0.6420 0.7541 172 106 98
-0.082677 0.208661 0.011811 0.1560 -0.6167 0.7716 176 103 95
-0.082677 0.208661 0.019685 0.0344 -0.4603 0.8871 153 85 88
-0.082677 0.208661 0.027559 0.0797 -0.1188 0.9897 155 100 94
-0.082677 0.208661 0.035433 0.2939 -0.2812 0.9136 147 87 78
-0.082677 0.208661 0.043307 0.3424 -0.6337 0.6937 166 87 84
-0.082677 0.208661 0.059055 0.4040 -0.6697 0.6232 171 98 96
-0.082677 0.208661 0.066929 0.6009 -0.6109 0.5155 158 74 75
-0.082677 0.216535 -0.027559 -0.8070 -0.5576 0.1947 153 115 107
-0.082677 0.216535 -0.011811 0.1862 -0.8226 0.5373 180 106 109
-0.082677 0.216535 -0.003937 0.1463 -0.6824 0.7162 158 86 86
-0.082677 0.216535 0.003937 0.1156 -0.6286 0.7691 168 97 90
-0.082677 0.216535 0.011811 0.0768 -0.5962 0.7992 167 134 118
-0.082677 0.216535 0.019685 0.1441 -0.8302 0.5385 139 120 101
-0.082677 0.216535 0.051181 0.3672 -0.6518 0.6636 154 90 88
-0.082677 0.216535 0.059055 0.4830 -0.6264 0.6118 176 97 99
-0.082677 0.224409 -0.011811 0.1540 -0.8230 0.5468 192 92 100
-0.082677 0.224409 -0.003937 0.1204 -0.6731 0.7297 171 84 87
-0.082677 0.224409 0.003937 0.1393 -0.8502 0.5078 176 127 120
-0.082677 0.224409 0.011811 0.1937 -0.8621 0.4682 156 127 113
-0.082677 0.224409 0.019685 0.2146 -0.8470 0.4863 150 114 94
-0.082677 0.224409 0.027559 0.3391 -0.5358 0.7732 159 105 93
-0.082677 0.224409 0.035433 0.3007 -0.4334 0.8496 148 88 80
-0.082677 0.224409 0.043307 0.2580 -0.3605 0.8964 165 113 108
-0.082677 0.224409 0.051181 0.4363 -0.6301 0.6424 162 109 101
-0.082677 0.224409 0.059055 0.4940 -0.6129 0.6167 160 87 83
-0.082677 0.232283 -0.027559 0.1912 -0.8049 0.5617 175 96 94
-0.082677 0.232283 -0.019685 0.1621 -0.8234 0.5438 184 99 101
-0.082677 0.232283 -0.011811 0.1991 -0.9273 0.3171 167 86 94
-0.082677 0.232283 -0.003937 0.2411 -0.9043 0.3522 172 125 118
-0.082677 0.232283 0.003937 0.2083 -0.8748 0.4373 164 108 105
-0.082677 0.232283 0.011811 0.2232 -0.8665 0.4464 178 103 98
-0.082677 0.232283 0.019685 0.2233 -0.8535 0.4709 171 115 109
-0.082677 0.232283 0.027559 0.3395 -0.6248 0.7031 156 120 103
-0.082677 0.232283 0.035433 0.3258 -0.4871 0.8103 160 115 106
-0.082677 0.232283 0.043307 0.3097 -0.4011 0.8621 169 95 87
-0.082677 0.232283 0.051181 0.4717 -0.6180 0.6289 188 113 113
-0.082677 0.232283 0.066929 0.5639 -0.6916 0.4514 145 79 83
-0.082677 0.232283 0.082677 0.4159 -0.8001 -0.4324 130 94 99
-0.082677 0.240157 -0.027559 0.1194 -0.8208 0.5586 176 109 109
-0.082677 0.240157 -0.019685 0.2306 -0.9094 0.3460 181 100 105
-0.082677 0.240157 -0.003937 0.2349 -0.8801 0.4126 162 101 86
-0.082677 0.240157 0.003937 0.2262 -0.8733 0.4314 184 106 101
-0.082677 0.240157 0.011811 0.2240 -0.8721 0.4350 168 99 91
-0.082677 0.240157 0.019685 0.2166 -0.8589 0.4640 162 108 103
-0.082677 0.240157 0.027559 0.3475 -0.6299 0.6946 159 117 100
-0.082677 0.240157 0.035433 0.3331 -0.5600 0.7586 158 101 92
-0.082677 0.240157 0.043307 0.3948 -0.4246 0.8148 175 82 87
-0.082677 0.240157 0.051181 0.4840 -0.5872 0.6488 181 89 93
-0.082677 0.240157 0.059055 0.4898 -0.6406 0.5914 168 99 98
-0.082677 0.240157 0.066929 0.5259 -0.7239 0.4466 156 101 110
-0.082677 0.248031 0.027559 0.3478 -0.6467 0.6789 185 108 107
-0.082677 0.248031 0.035433 0.3472 -0.5832 0.7344 172 101 94
-0.082677 0.248031 0.043307 0.4093 -0.4923 0.7682 172 94 91
-0.082677 0.248031 0.051181 0.4422 -0.3790 0.8129 172 88 93
-0.082677 0.248031 0.059055 0.4942 -0.6583 0.5678 164 89 92
-0.082677 0.255906 0.011811 0.2571 -0.8690 0.4228 167 96 95
-0.082677 0.255906 0.019685 0.2291 -0.8589 0.4580 179 84 82
-0.082677 0.255906 0.027559 0.3576 -0.6433 0.6770 174 87 90
-0.082677 0.255906 0.035433 0.4087 -0.5780 0.7063 162 108 109
-0.082677 0.255906 0.043307 0.4513 -0.5435 0.7078 164 121 119
-0.082677 0.255906 0.051181 0.4115 -0.4099 0.8140 161 108 101
-0.082677 0.263780 0.003937 0.2648 -0.8682 0.4196 173 104 104
-0.082677 0.263780 0.011811 0.2682 -0.8557 0.4426 163 96 88
-0.082677 0.263780 0.019685 0.2646 -0.8453 0.4642 189 108 103
-0.082677 0.263780 0.027559 0.3473 -0.6473 0.6785 181 113 108
-0.074803 0.169291 -0.019685 -0.6123 0.7456 -0.2631 170 100 104
-0.074803 0.177165 -0.019685 -0.9430 0.2788 -0.1817 177 89 84
-0.074803 0.185039 -0.019685 -0.8021 -0.4513 -0.3911 175 116 116
-0.074803 0.185039 -0.011811 0.1433 -0.8214 0.5521 185 78 89
-0.074803 0.185039 0.003937 0.0915 -0.6657 0.7406 148 101 93
-0.074803 0.185039 0.011811 0.0820 -0.5929 0.8011 130 103 94
-0.074803 0.192913 -0.027559 -0.7158 -0.5686 -0.4052 164 92 86
-0.074803 0.192913 -0.019685 -0.1293 -0.9624 -0.2390 172 125 122
-0.074803 0.192913 -0.011811 0.1206 -0.6777 0.7254 180 109 106
-0.074803 0.192913 -0.003937 0.0850 -0.6474 0.7574 170 71 78
-0.074803 0.192913 0.003937 0.0891 -0.6131 0.7849 162 84 84
-0.074803 0.192913 0.011811 0.0828 -0.5818 0.8091 146 99 94
-0.074803 0.200787 -0.035433 -0.6250 -0.6116 -0.4851 158 123 113
-0.074803 0.200787 -0.027559 -0.6053 -0.6834 -0.4081 173 107 95
-0.074803 0.200787 -0.019685 0.1921 -0.8793 0.4358 169 93 91
-0.074803 0.200787 -0.011811 0.1399 -0.8451 0.5159 163 113 107
-0.074803 0.200787 -0.003937 0.1058 -0.6433 0.7583 155 105 99
-0.074803 0.200787 0.003937 0.1092 -0.6319 0.7673 153 87 79
-0.074803 0.200787 0.011811 0.0663 -0.5809 0.8113 149 97 84
-0.074803 0.200787 0.019685 0.0639 -0.5822 0.8106 140 91 87
-0.074803 0.200787 0.027559 0.0252 -0.4707 0.8819 142 100 90
-0.074803 0.200787 0.043307 0.3354 -0.2351 0.9123 183 93 101
-0.074803 0.200787 0.051181 0.3329 -0.2655 0.9048 178 81 82
-0.074803 0.208661 -0.011811 0.1589 -0.8241 0.5438 166 109 102
-0.074803 0.208661 -0.003937 0.1266 -0.6526 0.7470 150 102 96
-0.074803 0.208661 0.003937 0.1330 -0.6367 0.7595 155 98 95
-0.074803 0.208661 0.011811 0.0744 -0.5809 0.8106 166 118 103
-0.074803 0.208661 0.019685 0.1007 -0.6010 0.7929 142 94 77
-0.074803 0.208661 0.027559 0.0620 -0.5333 0.8436 149 88 75
-0.074803 0.208661 0.035433 0.1874 -0.1026 0.9769 174 102 94
-0.074803 0.208661 0.043307 0.3114 -0.3160 0.8962 166 95 87
-0.074803 0.208661 0.059055 0.4606 -0.5893 0.6638 159 80 69
-0.074803 0.208661 0.066929 0.4782 -0.5957 0.6454 156 81 81
-0.074803 0.208661 0.074803 0.1150 -0.9469 -0.3003 166 106 106
-0.074803 0.216535 -0.027559 0.2009 -0.8332 0.5153 163 123 116
-0.074803 0.216535 -0.019685 0.1724 -0.8376 0.5184 160 113 110
-0.074803 0.216535 -0.011811 0.1747 -0.8265 0.5352 183 106 107
-0.074803 0.216535 -0.003937 0.1183 -0.6701 0.7328 150 68 72
-0.074803 0.216535 0.003937 0.1230 -0.6433 0.7557 157 112 105
-0.074803 0.216535 0.011811 0.1060 -0.5966 0.7955 161 140 124
-0.074803 0.216535 0.019685 0.1258 -0.6030 0.7878 152 120 100
-0.074803 0.216535 0.051181 0.4500 -0.5970 0.6642 155 83 83
-0.074803 0.216535 0.059055 0.4788 -0.6063 0.6349 165 72 74
-0.074803 0.216535 0.066929 0.4991 -0.5909 0.6339 146 84 87
-0.074803 0.216535 0.074803 0.2760 -0.9520 0.1321 142 81 87
-0.074803 0.216535 0.082677 0.3881 -0.8021 -0.4540 135 78 78
-0.074803 0.224409 -0.027559 0.1833 -0.8206 0.5414 179 95 97
-0.074803 0.224409 -0.011811 0.1540 -0.8234 0.5461 174 85 86
-0.074803 0.224409 0.011811 0.1006 -0.6260 0.7733 166 119 105
-0.074803 0.224409 0.019685 0.0023 -0.6420 0.7667 165 111 102
-0.074803 0.224409 0.027559 0.2952 -0.6306 0.7177 163 117 104
-0.074803 0.224409 0.035433 0.2898 -0.6187 0.7302 160 114 98
-0.074803 0.224409 0.043307 0.3764 -0.4064 0.8326 142 96 88
-0.074803 0.224409 0.051181 0.4806 -0.5953 0.6440 163 84 87
-0.074803 0.224409 0.059055 0.4898 -0.6086 0.6243 154 87 91
-0.074803 0.224409 0.066929 0.5045 -0.6665 0.5489 130 65 60
-0.074803 0.224409 0.074803 0.2928 -0.9230 0.2495 140 78 71
-0.074803 0.224409 0.082677 0.4163 -0.7846 -0.4595 152 84 85
-0.074803 0.232283 -0.035433 0.1844 -0.8222 0.5385 159 111 97
-0.074803 0.232283 -0.019685 0.1759 -0.8166 0.5497 181 97 102
-0.074803 0.232283 -0.011811 0.1591 -0.8230 0.5452 184 114 107
-0.074803 0.232283 -0.003937 0.1270 -0.7108 0.6919 166 107 92
-0.074803 0.232283 0.003937 0.0479 -0.6658 0.7445 173 100 97
-0.074803 0.232283 0.011811 0.2114 -0.8717 0.4420 182 96 98
-0.074803 0.232283 0.027559 0.3150 -0.6490 0.6925 149 114 96
-0.074803 0.232283 0.035433 0.3744 -0.6025 0.7049 159 105 91
-0.074803 0.232283 0.043307 0.4176 -0.4994 0.7591 180 104 96
-0.074803 0.232283 0.051181 0.4986 -0.6251 0.6005 180 95 99
-0.074803 0.232283 0.066929 0.4975 -0.6803 0.5382 143 87 85
-0.074803 0.232283 0.074803 0.2557 -0.9196 0.2983 150 86 82
-0.074803 0.232283 0.082677 0.4180 -0.7877 -0.4525 161 101 97
-0.074803 0.240157 -0.043307 0.1896 -0.7889 0.5845 176 112 113
-0.074803 0.240157 -0.035433 0.1969 -0.8177 0.5409 174 101 99
-0.074803 0.240157 -0.027559 0.1839 -0.8069 0.5614 166 103 96
-0.074803 0.240157 -0.019685 0.1870 -0.7972 0.5739 166 102 98
-0.074803 0.240157 -0.011811 0.0945 -0.8868 0.4525 180 96 95
-0.074803 0.240157 -0.003937 0.2026 -0.8940 0.3997 175 97 93
-0.074803 0.240157 0.003937 0.1928 -0.8720 0.4499 181 108 102
-0.074803 0.240157 0.011811 0.1920 -0.8660 0.4618 177 116 101
-0.074803 0.240157 0.019685 0.1769 -0.8596 0.4794 170 101 101
-0.074803 0.240157 0.027559 0.3419 -0.6449 0.6836 177 100 103
-0.074803 0.240157 0.035433 0.4553 -0.5831 0.6728 177 102 100
-0.074803 0.240157 0.043307 0.4537 -0.5411 0.7080 172 92 85
-0.074803 0.240157 0.051181 0.4554 -0.6183 0.6406 169 90 90
-0.074803 0.240157 0.059055 0.4909 -0.6596 0.5692 170 91 90
-0.074803 0.240157 0.066929 0.4885 -0.7389 0.4640 165 111 114
-0.074803 0.240157 0.074803 0.2939 -0.8891 0.3509 151 113 119
-0.074803 0.248031 -0.043307 0.2035 -0.8167 0.5401 164 105 103
-0.074803 0.248031 -0.019685 0.1915 -0.9038 0.3827 174 111 114
-0.074803 0.248031 -0.011811 0.2024 -0.9250 0.3217 168 103 100
-0.074803 0.248031 0.011811 0.2044 -0.8694 0.4499 167 104 92
-0.074803 0.248031 0.019685 0.1940 -0.8659 0.4610 173 93 84
-0.074803 0.248031 0.027559 0.3996 -0.6161 0.6788 182 91 87
-0.074803 0.248031 0.035433 0.4529 -0.5737 0.6825 179 107 98
-0.074803 0.248031 0.043307 0.4546 -0.5475 0.7026 171 84 80
-0.074803 0.248031 0.051181 0.4012 -0.4961 0.7700 164 102 99
-0.074803 0.255906 0.003937 0.2303 -0.8798 0.4157 172 90 92
-0.074803 0.255906 0.011811 0.2245 -0.8711 0.4369 178 98 85
-0.074803 0.255906 0.019685 0.2640 -0.8457 0.4639 177 103 97
-0.074803 0.255906 0.027559 0.4434 -0.5869 0.6774 175 78 80
-0.074803 0.255906 0.035433 0.4631 -0.5749 0.6746 171 79 76
-0.074803 0.255906 0.043307 0.4718 -0.5649 0.6770 173 122 122
-0.074803 0.263780 -0.003937 0.2604 -0.8715 0.4156 148 101 92
-0.074803 0.263780 0.003937 0.2410 -0.8747 0.4205 179 95 93
-0.074803 0.263780 0.011811 0.2268 -0.8648 0.4480 177 97 97
-0.074803 0.263780 0.019685 0.3098 -0.8336 0.4574 172 84 82
-0.074803 0.263780 0.027559 0.4087 -0.6755 0.6137 172 87 90
-0.066929 0.169291 -0.019685 -0.6090 0.7670 -0.2021 172 76 77
-0.066929 0.177165 -0.019685 -0.6835 -0.3209 0.6556 168 68 71
-0.066929 0.185039 -0.019685 -0.1159 -0.9933 -0.0004 176 118 124
-0.066929 0.185039 -0.011811 0.0513 -0.7452 0.6648 154 81 86
-0.066929 0.185039 -0.003937 0.0628 -0.7081 0.7033 154 100 103
-0.066929 0.192913 -0.027559 -0.0960 -0.9816 -0.1653 174 80 81
-0.066929 0.192913 -0.019685 0.0721 -0.9727 0.2207 161 88 99
-0.066929 0.192913 -0.011811 0.0843 -0.7320 0.6760 161 110 101
-0.066929 0.192913 -0.003937 0.0799 -0.6612 0.7460 145 80 78
-0.066929 0.192913 0.003937 0.0420 -0.6112 0.7904 147 84 86
-0.066929 0.192913 0.011811 0.0322 -0.6001 0.7993 145 97 91
-0.066929 0.192913 0.019685 0.0223 -0.5806 0.8139 146 106 97
-0.066929 0.200787 -0.027559 0.0413 -0.9984 -0.0377 178 120 113
-0.066929 0.200787 -0.019685 0.1758 -0.8936 0.4130 169 86 92
-0.066929 0.200787 -0.011811 0.1129 -0.8445 0.5235 139 77 68
-0.066929 0.200787 -0.003937 0.0635 -0.6377 0.7676 127 89 79
-0.066929 0.200787 0.003937 0.0577 -0.6195 0.7829 149 96 87
-0.066929 0.200787 0.011811 0.0592 -0.5903 0.8050 152 104 91
-0.066929 0.200787 0.019685 0.0522 -0.6075 0.7926 150 92 86
-0.066929 0.200787 0.027559 0.0497 -0.5540 0.8311 159 99 96
-0.066929 0.200787 0.043307 0.4783 -0.4619 0.7469 185 111 102
-0.066929 0.200787 0.059055 0.4993 -0.2823 0.8191 160 98 93
-0.066929 0.208661 -0.011811 0.1485 -0.8217 0.5503 154 90 88
-0.066929 0.208661 -0.003937 0.0872 -0.6487 0.7560 132 69 70
-0.066929 0.208661 0.003937 0.0818 -0.6245 0.7767 131 95 92
-0.066929 0.208661 0.011811 0.0955 -0.6186 0.7799 140 113 98
-0.066929 0.208661 0.019685 0.0748 -0.5772 0.8131 159 114 97
-0.066929 0.208661 0.027559 -0.0058 -0.5398 0.8418 160 94 79
-0.066929 0.208661 0.043307 0.4716 -0.4667 0.7482 173 117 96
-0.066929 0.208661 0.051181 0.5157 -0.3776 0.7691 168 102 92
-0.066929 0.208661 0.059055 0.5007 -0.2861 0.8170 169 90 82
-0.066929 0.208661 0.066929 0.4461 -0.3934 0.8039 158 69 66
-0.066929 0.208661 0.074803 -0.0087 -0.9922 -0.1240 162 96 95
-0.066929 0.216535 -0.027559 0.1795 -0.8416 0.5094 171 134 129
-0.066929 0.216535 -0.019685 0.1659 -0.8317 0.5299 160 116 105
-0.066929 0.216535 -0.011811 0.1489 -0.8187 0.5545 169 98 98
-0.066929 0.216535 -0.003937 0.1036 -0.6455 0.7567 156 92 92
-0.066929 0.216535 0.003937 0.1100 -0.6435 0.7575 150 110 101
-0.066929 0.216535 0.011811 0.1131 -0.6488 0.7525 148 115 101
-0.066929 0.216535 0.019685 0.0594 -0.6266 0.7771 156 119 101
-0.066929 0.216535 0.027559 0.2565 -0.2630 0.9301 162 122 98
-0.066929 0.216535 0.035433 0.3867 -0.2642 0.8836 164 108 95
-0.066929 0.216535 0.043307 0.4479 -0.3705 0.8137 161 101 92
-0.066929 0.216535 0.051181 0.4318 -0.4753 0.7666 153 88 87
-0.066929 0.216535 0.059055 0.4854 -0.6199 0.6166 164 80 81
-0.066929 0.216535 0.066929 0.4858 -0.5847 0.6498 126 58 56
-0.066929 0.216535 0.074803 0.1823 -0.9320 0.3132 141 71 74
-0.066929 0.216535 0.082677 0.1181 -0.8638 -0.4898 141 82 88
-0.066929 0.224409 -0.043307 0.1475 -0.7599 0.6331 164 121 120
-0.066929 0.224409 -0.035433 0.1870 -0.8679 0.4602 173 98 107
-0.066929 0.224409 -0.027559 0.1836 -0.8253 0.5340 178 93 95
-0.066929 0.224409 -0.019685 0.1635 -0.8174 0.5524 173 93 94
-0.066929 0.224409 -0.011811 0.1517 -0.8227 0.5478 177 107 107
-0.066929 0.224409 -0.003937 0.1288 -0.6761 0.7254 166 117 106
-0.066929 0.224409 0.011811 0.0799 -0.6535 0.7527 167 104 98
-0.066929 0.224409 0.019685 0.0183 -0.6134 0.7896 171 101 92
-0.066929 0.224409 0.027559 0.3093 -0.3192 0.8958 161 108 89
-0.066929 0.224409 0.035433 0.3430 -0.4092 0.8455 161 109 88
-0.066929 0.224409 0.043307 0.3630 -0.4325 0.8253 163 101 85
-0.066929 0.224409 0.051181 0.4220 -0.6920 0.5857 164 88 92
-0.066929 0.224409 0.059055 0.4667 -0.6297 0.6210 155 86 85
-0.066929 0.224409 0.066929 0.4725 -0.5994 0.6461 140 64 60
-0.066929 0.224409 0.074803 0.2262 -0.9272 0.2986 161 84 91
-0.066929 0.224409 0.082677 0.1909 -0.8840 -0.4267 151 89 109
-0.066929 0.224409 0.090551 0.2042 -0.7928 -0.5743 143 102 114
-0.066929 0.232283 -0.051181 0.0261 -0.9635 0.2663 170 125 121
-0.066929 0.232283 -0.043307 0.1499 -0.8135 0.5619 170 119 116
-0.066929 0.232283 -0.035433 0.1848 -0.8302 0.5259 175 105 95
-0.066929 0.232283 -0.019685 0.1765 -0.8081 0.5620 173 115 111
-0.066929 0.232283 -0.011811 0.1472 -0.8357 0.5291 179 100 92
-0.066929 0.232283 -0.003937 0.1375 -0.6791 0.7210 174 120 98
-0.066929 0.232283 0.003937 0.0954 -0.6630 0.7425 181 103 96
-0.066929 0.232283 0.011811 -0.0000 -0.6363 0.7714 188 98 93
-0.066929 0.232283 0.027559 0.4146 -0.6249 0.6616 166 103 91
-0.066929 0.232283 0.035433 0.4351 -0.5716 0.6957 163 93 76
-0.066929 0.232283 0.043307 0.4316 -0.5584 0.7085 178 115 109
-0.066929 0.232283 0.051181 0.4525 -0.7204 0.5256 185 112 107
-0.066929 0.232283 0.059055 0.4737 -0.6724 0.5688 164 88 87
-0.066929 0.232283 0.066929 0.4757 -0.6106 0.6332 175 94 91
-0.066929 0.232283 0.090551 0.2152 -0.7958 -0.5660 156 97 97
-0.066929 0.240157 -0.059055 -0.5033 -0.8575 -0.1071 166 97 103
-0.066929 0.240157 -0.051181 0.0239 -0.9722 0.2331 174 84 82
-0.066929 0.240157 -0.043307 0.1902 -0.8147 0.5478 168 115 114
-0.066929 0.240157 -0.035433 0.1886 -0.8184 0.5428 162 119 115
-0.066929 0.240157 -0.027559 0.1850 -0.8180 0.5446 181 107 102
-0.066929 0.240157 -0.019685 0.1857 -0.8075 0.5598 166 90 87
-0.066929 0.240157 -0.011811 0.1232 -0.8385 0.5307 196 94 100
-0.066929 0.240157 -0.003937 0.0959 -0.6520 0.7521 181 89 95
-0.066929 0.240157 0.003937 0.0231 -0.6303 0.7760 185 93 83
-0.066929 0.240157 0.011811 0.0678 -0.8662 0.4951 165 102 90
-0.066929 0.240157 0.019685 0.1960 -0.8548 0.4806 171 92 90
-0.066929 0.240157 0.027559 0.4407 -0.6034 0.6646 184 103 107
-0.066929 0.240157 0.035433 0.4408 -0.5762 0.6883 170 87 97
-0.066929 0.240157 0.043307 0.4628 -0.5590 0.6880 168 100 100
-0.066929 0.240157 0.051181 0.4761 -0.6826 0.5544 169 113 109
-0.066929 0.240157 0.059055 0.4559 -0.7269 0.5136 168 114 113
-0.066929 0.240157 0.066929 0.4951 -0.6746 0.5475 170 87 84
-0.066929 0.240157 0.074803 0.2643 -0.8992 0.3487 169 101 102
-0.066929 0.248031 -0.027559 0.1984 -0.7960 0.5719 177 110 105
-0.066929 0.248031 -0.019685 0.1598 -0.8089 0.5658 170 112 99
-0.066929 0.248031 -0.011811 0.0497 -0.7236 0.6884 152 110 91
-0.066929 0.248031 -0.003937 0.1943 -0.8896 0.4134 169 133 114
-0.066929 0.248031 0.003937 0.1830 -0.8850 0.4281 177 94 93
-0.066929 0.248031 0.011811 0.2685 -0.8525 0.4485 167 86 92
-0.066929 0.248031 0.019685 0.3065 -0.8302 0.4656 172 87 78
-0.066929 0.248031 0.027559 0.4487 -0.6013 0.6611 186 99 96
-0.066929 0.248031 0.035433 0.4550 -0.5791 0.6765 179 89 85
-0.066929 0.248031 0.043307 0.4640 -0.5589 0.6872 170 91 94
-0.066929 0.248031 0.051181 0.3848 -0.5103 0.7691 161 113 103
-0.066929 0.255906 -0.003937 0.2202 -0.8845 0.4112 172 101 100
-0.066929 0.255906 0.003937 0.1950 -0.8874 0.4177 178 87 82
-0.066929 0.255906 0.011811 0.3113 -0.8366 0.4508 176 89 82
-0.066929 0.255906 0.019685 0.3421 -0.8173 0.4637 181 94 90
-0.066929 0.255906 0.027559 0.4726 -0.5793 0.6642 173 89 81
-0.066929 0.255906 0.035433 0.4651 -0.5737 0.6743 161 99 89
-0.066929 0.255906 0.066929 0.4499 -0.7846 0.4266 152 98 99
-0.066929 0.263780 -0.003937 0.2375 -0.8734 0.4251 166 94 80
-0.066929 0.263780 0.003937 0.2266 -0.8704 0.4372 172 97 98
-0.066929 0.263780 0.011811 0.3456 -0.8249 0.4473 167 108 109
-0.066929 0.263780 0.019685 0.3763 -0.8019 0.4640 187 87 93
-0.066929 0.263780 0.027559 0.3829 -0.7556 0.5315 170 79 81
-0.059055 0.177165 0.011811 -0.0400 0.3185 0.9471 143 112 106
-0.059055 0.185039 0.003937 -0.0161 -0.5716 0.8204 140 86 81
-0.059055 0.185039 0.011811 0.1409 -0.1520 0.9783 152 105 96
-0.059055 0.192913 -0.011811 0.0586 -0.7254 0.6858 154 112 110
-0.059055 0.192913 -0.003937 0.0590 -0.6679 0.7419 138 83 75
-0.059055 0.192913 0.003937 0.0189 -0.6343 0.7728 152 97 93
-0.059055 0.192913 0.011811 -0.0182 -0.5957 0.8030 144 98 95
-0.059055 0.192913 0.019685 -0.0090 -0.5988 0.8009 149 101 98
-0.059055 0.192913 0.027559 -0.0629 -0.5699 0.8193 157 111 101
-0.059055 0.192913 0.035433 0.3077 -0.2847 0.9079 160 114 108
-0.059055 0.192913 0.066929 0.4504 -0.4410 0.7763 130 116 106
-0.059055 0.200787 -0.019685 0.1556 -0.8663 0.4746 169 105 99
-0.059055 0.200787 -0.011811 0.1179 -0.8486 0.5157 144 83 82
-0.059055 0.200787 -0.003937 0.0439 -0.6663 0.7444 127 85 79
-0.059055 0.200787 0.003937 0.0308 -0.6200 0.7840 131 95 89
-0.059055 0.200787 0.011811 0.0121 -0.6182 0.7859 161 123 112
-0.059055 0.200787 0.019685 -0.0240 -0.5799 0.8143 161 102 94
-0.059055 0.200787 0.027559 -0.0321 -0.5557 0.8308 172 98 86
-0.059055 0.200787 0.035433 0.4097 -0.2932 0.8638 183 106 87
-0.059055 0.200787 0.043307 0.4931 -0.5409 0.6814 186 112 110
-0.059055 0.200787 0.059055 0.4644 -0.5188 0.7178 176 116 94
-0.059055 0.200787 0.074803 -0.1299 -0.7171 -0.6848 151 106 106
-0.059055 0.208661 -0.019685 0.1423 -0.8366 0.5290 154 125 107
-0.059055 0.208661 -0.011811 0.1286 -0.8269 0.5474 162 120 113
-0.059055 0.208661 -0.003937 0.0754 -0.6622 0.7456 123 80 72
-0.059055 0.208661 0.003937 0.0547 -0.6452 0.7620 137 85 77
-0.059055 0.208661 0.011811 0.0002 -0.6071 0.7947 152 122 113
-0.059055 0.208661 0.019685 -0.0646 -0.5998 0.7975 155 116 99
-0.059055 0.208661 0.027559 0.2246 -0.5244 0.8213 179 116 95
-0.059055 0.208661 0.043307 0.5007 -0.5108 0.6988 170 118 100
-0.059055 0.208661 0.051181 0.4830 -0.5282 0.6984 169 111 102
-0.059055 0.208661 0.059055 0.4551 -0.5814 0.6744 165 108 106
-0.059055 0.208661 0.066929 0.4258 -0.5061 0.7500 152 100 93
-0.059055 0.208661 0.074803 -0.4518 -0.8694 -0.1997 155 94 92
-0.059055 0.216535 -0.066929 -0.3887 -0.7576 -0.5244 162 99 93
-0.059055 0.216535 -0.027559 0.1782 -0.8351 0.5205 155 105 100
-0.059055 0.216535 -0.019685 0.1493 -0.8106 0.5663 141 110 102
-0.059055 0.216535 -0.011811 0.1378 -0.8129 0.5659 160 134 122
-0.059055 0.216535 -0.003937 0.0959 -0.6690 0.7371 128 90 80
-0.059055 0.216535 0.003937 0.0632 -0.6585 0.7499 163 109 101
-0.059055 0.216535 0.011811 -0.0486 -0.6383 0.7682 157 110 101
-0.059055 0.216535 0.019685 0.0109 -0.6292 0.7772 151 120 98
-0.059055 0.216535 0.027559 0.4613 -0.2902 0.8385 158 120 100
-0.059055 0.216535 0.035433 0.4266 -0.2681 0.8638 172 124 96
-0.059055 0.216535 0.043307 0.4062 -0.2526 0.8782 169 111 89
-0.059055 0.216535 0.051181 0.5274 -0.5099 0.6796 175 103 94
-0.059055 0.216535 0.059055 0.4711 -0.5426 0.6955 166 82 80
-0.059055 0.216535 0.066929 0.3485 -0.5674 0.7461 137 73 68
-0.059055 0.216535 0.074803 -0.0498 -0.9967 0.0641 138 78 71
-0.059055 0.216535 0.082677 0.0406 -0.8825 -0.4685 141 86 82
-0.059055 0.224409 -0.043307 0.1357 -0.7676 0.6264 163 108 109
-0.059055 0.224409 -0.035433 0.1918 -0.8505 0.4897 171 86 95
-0.059055 0.224409 -0.027559 0.1617 -0.8150 0.5565 170 91 91
-0.059055 0.224409 -0.019685 0.1714 -0.8005 0.5744 161 110 114
-0.059055 0.224409 -0.011811 0.1418 -0.8162 0.5601 173 105 108
-0.059055 0.224409 -0.003937 0.1180 -0.7031 0.7013 171 114 107
-0.059055 0.224409 0.011811 0.0368 -0.6562 0.7537 168 107 92
-0.059055 0.224409 0.019685 0.2161 -0.5894 0.7784 175 104 95
-0.059055 0.224409 0.027559 0.4354 -0.3048 0.8471 157 107 93
-0.059055 0.224409 0.035433 0.4414 -0.2689 0.8561 161 113 95
-0.059055 0.224409 0.043307 0.3724 -0.2052 0.9051 181 128 109
-0.059055 0.224409 0.051181 0.4372 -0.5206 0.7334 178 109 100
-0.059055 0.224409 0.066929 0.3105 -0.7947 0.5215 138 70 76
-0.059055 0.224409 0.074803 -0.0156 -0.9893 0.1453 141 73 76
-0.059055 0.224409 0.082677 0.0630 -0.8755 -0.4791 138 66 74
-0.059055 0.232283 -0.051181 0.0077 -0.9586 0.2846 173 96 101
-0.059055 0.232283 -0.043307 0.1504 -0.8031 0.5766 178 110 112
-0.059055 0.232283 -0.035433 0.1821 -0.8232 0.5377 163 110 104
-0.059055 0.232283 -0.027559 0.1711 -0.8099 0.5610 177 133 124
-0.059055 0.232283 -0.019685 0.1665 -0.8057 0.5684 169 104 88
-0.059055 0.232283 -0.011811 0.1494 -0.8412 0.5197 181 112 110
-0.059055 0.232283 -0.003937 0.0475 -0.6670 0.7435 178 89 85
-0.059055 0.232283 0.003937 0.0171 -0.6643 0.7473 180 94 79
-0.059055 0.232283 0.011811 0.0821 -0.6719 0.7361 175 100 76
-0.059055 0.232283 0.019685 0.3115 -0.6001 0.7368 175 94 92
-0.059055 0.232283 0.027559 0.4331 -0.2919 0.8528 178 86 87
-0.059055 0.232283 0.035433 0.3868 -0.3015 0.8715 171 85 79
-0.059055 0.232283 0.043307 0.4368 -0.5507 0.7113 184 96 81
-0.059055 0.232283 0.051181 0.4309 -0.6648 0.6102 172 112 94
-0.059055 0.232283 0.059055 0.4248 -0.7500 0.5069 180 112 102
-0.059055 0.232283 0.066929 0.3808 -0.7886 0.4828 173 99 109
-0.059055 0.232283 0.082677 0.0886 -0.8842 -0.4586 159 108 111
-0.059055 0.240157 -0.066929 0.2327 -0.9657 -0.1154 163 101 100
-0.059055 0.240157 -0.059055 0.0680 -0.9798 0.1881 179 99 100
-0.059055 0.240157 -0.051181 0.0268 -0.9698 0.2425 165 90 91
-0.059055 0.240157 -0.043307 0.1814 -0.8200 0.5429 168 109 105
-0.059055 0.240157 -0.035433 0.1910 -0.8210 0.5380 164 122 116
-0.059055 0.240157 -0.027559 0.1769 -0.8120 0.5562 171 105 96
-0.059055 0.240157 -0.019685 0.1705 -0.8019 0.5727 183 103 107
-0.059055 0.240157 -0.011811 0.1237 -0.8366 0.5336 185 93 92
-0.059055 0.240157 -0.003937 0.0311 -0.6700 0.7417 180 115 106
-0.059055 0.240157 0.003937 0.0692 -0.6770 0.7328 178 88 80
-0.059055 0.240157 0.011811 0.2353 -0.6331 0.7375 170 89 74
-0.059055 0.240157 0.019685 0.2912 -0.5935 0.7503 175 93 84
-0.059055 0.240157 0.027559 0.3520 -0.3355 0.8738 174 102 101
-0.059055 0.240157 0.035433 0.4335 -0.5777 0.6916 175 95 94
-0.059055 0.240157 0.043307 0.4318 -0.5492 0.7155 173 73 73
-0.059055 0.240157 0.051181 0.4405 -0.5420 0.7157 172 98 90
-0.059055 0.240157 0.059055 0.4464 -0.7696 0.4565 166 107 92
-0.059055 0.240157 0.066929 0.4349 -0.7946 0.4236 176 113 106
-0.059055 0.240157 0.074803 0.1598 -0.9652 0.2070 173 94 100
-0.059055 0.248031 -0.066929 0.2493 -0.9641 -0.0917 155 109 103
-0.059055 0.248031 -0.059055 0.0961 -0.9676 0.2334 160 110 106
-0.059055 0.248031 -0.051181 0.1745 -0.8985 0.4027 161 113 107
-0.059055 0.248031 -0.043307 0.2075 -0.8139 0.5427 175 98 104
-0.059055 0.248031 -0.035433 0.2022 -0.8140 0.5446 179 82 87
-0.059055 0.248031 -0.027559 0.1800 -0.8099 0.5583 183 98 98
-0.059055 0.248031 -0.019685 0.1749 -0.8104 0.5592 170 106 96
-0.059055 0.248031 -0.011811 0.0913 -0.7542 0.6502 174 103 91
-0.059055 0.248031 -0.003937 0.0551 -0.6515 0.7566 168 110 98
-0.059055 0.248031 0.003937 0.1710 -0.6391 0.7499 175 93 86
-0.059055 0.248031 0.011811 0.3286 -0.8325 0.4461 173 96 100
-0.059055 0.248031 0.019685 0.3249 -0.8089 0.4900 179 85 81
-0.059055 0.248031 0.027559 0.4562 -0.5940 0.6626 179 99 95
-0.059055 0.248031 0.035433 0.4459 -0.5765 0.6847 167 90 93
-0.059055 0.248031 0.043307 0.4605 -0.5703 0.6802 175 102 111
-0.059055 0.248031 0.059055 0.4876 -0.6846 0.5418 172 106 103
-0.059055 0.248031 0.066929 0.4653 -0.7590 0.4554 164 98 93
-0.059055 0.255906 -0.035433 0.2079 -0.8063 0.5538 167 110 108
-0.059055 0.255906 -0.019685 0.1629 -0.8615 0.4809 160 99 97
-0.059055 0.255906 -0.011811 0.0526 -0.7229 0.6890 176 97 98
-0.059055 0.255906 -0.003937 0.0658 -0.7724 0.6317 170 87 90
-0.059055 0.255906 0.011811 0.3348 -0.8252 0.4549 164 110 91
-0.059055 0.255906 0.019685 0.3573 -0.8112 0.4630 182 84 86
-0.059055 0.255906 0.027559 0.4406 -0.6136 0.6553 181 80 88
-0.059055 0.255906 0.051181 0.4630 -0.5310 0.7097 163 107 104
-0.059055 0.255906 0.066929 0.4055 -0.6316 0.6608 169 103 103
-0.059055 0.263780 -0.011811 0.2230 -0.8882 0.4016 171 104 100
-0.059055 0.263780 -0.003937 0.2894 -0.8564 0.4277 165 88 79
-0.059055 0.263780 0.003937 0.3497 -0.8205 0.4521 186 101 95
-0.051181 0.177165 0.003937 0.0406 0.8157 0.5770 152 98 90
-0.051181 0.177165 0.011811 0.0168 0.8340 0.5514 156 108 97
-0.051181 0.185039 -0.003937 -0.0646 -0.5793 0.8125 169 86 84
-0.051181 0.185039 0.003937 -0.0684 -0.5506 0.8320 170 91 92
-0.051181 0.185039 0.011811 0.1409 -0.0932 0.9856 160 108 107
-0.051181 0.192913 -0.011811 0.0356 -0.7544 0.6555 156 113 101
-0.051181 0.192913 -0.003937 -0.0049 -0.6891 0.7246 151 100 93
-0.051181 0.192913 0.003937 -0.0226 -0.6647 0.7468 162 101 98
-0.051181 0.192913 0.011811 -0.0319 -0.6297 0.7762 162 109 98
-0.051181 0.192913 0.019685 -0.0599 -0.6171 0.7846 160 104 98
-0.051181 0.192913 0.027559 0.1495 -0.5220 0.8397 157 116 103
-0.051181 0.200787 -0.003937 -0.0108 -0.6614 0.7500 159 108 98
-0.051181 0.200787 0.003937 -0.0167 -0.6398 0.7684 143 100 105
-0.051181 0.200787 0.011811 -0.0497 -0.6005 0.7981 163 122 109
-0.051181 0.200787 0.019685 0.0090 -0.5994 0.8004 164 127 110
-0.051181 0.200787 0.027559 0.2855 -0.5155 0.8079 164 117 101
-0.051181 0.200787 0.035433 0.4054 -0.2814 0.8697 167 109 91
-0.051181 0.200787 0.043307 0.3981 -0.6675 0.6293 178 123 104
-0.051181 0.200787 0.051181 0.3676 -0.7088 0.6020 154 136 118
-0.051181 0.200787 0.082677 0.0039 -0.6830 -0.7304 153 110 107
-0.051181 0.208661 -0.027559 0.1353 -0.8555 0.4998 162 127 118
-0.051181 0.208661 -0.003937 0.0613 -0.6701 0.7398 159 109 106
-0.051181 0.208661 0.003937 -0.0223 -0.6294 0.7768 152 109 101
-0.051181 0.208661 0.019685 0.2552 -0.5699 0.7811 148 117 96
-0.051181 0.208661 0.027559 0.3671 -0.3358 0.8674 151 128 109
-0.051181 0.208661 0.051181 0.3797 -0.6855 0.6212 170 114 108
-0.051181 0.208661 0.059055 0.3536 -0.7310 0.5836 166 112 106
-0.051181 0.208661 0.082677 -0.0078 -0.7285 -0.6850 152 93 88
-0.051181 0.216535 -0.066929 0.1359 -0.8961 -0.4225 170 104 99
-0.051181 0.216535 -0.027559 0.1637 -0.8430 0.5123 149 112 105
-0.051181 0.216535 -0.011811 0.1352 -0.8345 0.5342 162 116 107
-0.051181 0.216535 -0.003937 0.0221 -0.6712 0.7410 182 135 123
-0.051181 0.216535 0.003937 -0.0492 -0.6731 0.7379 155 132 110
-0.051181 0.216535 0.011811 0.0793 -0.6354 0.7681 156 120 99
-0.051181 0.216535 0.019685 0.3437 -0.5590 0.7545 159 105 89
-0.051181 0.216535 0.027559 0.4392 -0.3039 0.8454 146 119 96
-0.051181 0.216535 0.035433 0.4281 -0.2856 0.8574 162 129 105
-0.051181 0.216535 0.043307 0.3545 -0.2547 0.8997 167 115 97
-0.051181 0.216535 0.051181 0.4101 -0.6591 0.6304 184 117 101
-0.051181 0.216535 0.059055 0.3245 -0.7521 0.5736 165 92 83
-0.051181 0.216535 0.066929 0.3523 -0.7284 0.5877 147 85 81
-0.051181 0.216535 0.074803 -0.2382 -0.9690 0.0659 136 86 84
-0.051181 0.216535 0.082677 -0.0244 -0.7585 -0.6512 159 103 95
-0.051181 0.224409 -0.066929 0.2275 -0.9582 -0.1737 164 96 92
-0.051181 0.224409 -0.035433 0.1846 -0.8309 0.5248 164 87 86
-0.051181 0.224409 -0.027559 0.1622 -0.8197 0.5493 160 104 98
-0.051181 0.224409 -0.019685 0.1546 -0.8233 0.5461 166 107 109
-0.051181 0.224409 -0.011811 0.1277 -0.8417 0.5246 169 96 98
-0.051181 0.224409 -0.003937 -0.0602 -0.6741 0.7361 161 118 106
-0.051181 0.224409 0.003937 0.1400 -0.6532 0.7442 162 133 107
-0.051181 0.224409 0.011811 0.2874 -0.6020 0.7449 177 114 99
-0.051181 0.224409 0.027559 0.4296 -0.3090 0.8485 151 108 94
-0.051181 0.224409 0.035433 0.4337 -0.2826 0.8556 158 111 100
-0.051181 0.224409 0.043307 0.4004 -0.2459 0.8827 169 116 103
-0.051181 0.224409 0.051181 0.4382 -0.5925 0.6759 181 119 112
-0.051181 0.224409 0.066929 0.3150 -0.7786 0.5428 149 86 81
-0.051181 0.224409 0.074803 -0.2020 -0.9719 0.1212 139 85 88
-0.051181 0.232283 -0.066929 0.2269 -0.9641 -0.1382 168 97 100
-0.051181 0.232283 -0.059055 0.2054 -0.9644 -0.1666 174 94 96
-0.051181 0.232283 -0.051181 0.0492 -0.9686 0.2437 177 96 94
-0.051181 0.232283 -0.043307 0.1551 -0.8098 0.5658 167 98 95
-0.051181 0.232283 -0.035433 0.1864 -0.8234 0.5360 167 113 107
-0.051181 0.232283 -0.027559 0.1713 -0.8158 0.5524 179 129 129
-0.051181 0.232283 -0.019685 0.1579 -0.8152 0.5573 183 97 96
-0.051181 0.232283 -0.011811 0.0702 -0.8738 0.4811 186 99 98
-0.051181 0.232283 -0.003937 0.0235 -0.7131 0.7006 181 99 88
-0.051181 0.232283 0.003937 0.2948 -0.6316 0.7171 186 101 92
-0.051181 0.232283 0.011811 0.3404 -0.6040 0.7206 188 92 73
-0.051181 0.232283 0.019685 0.3262 -0.5769 0.7489 171 91 87
-0.051181 0.232283 0.027559 0.4394 -0.2923 0.8494 181 94 92
-0.051181 0.232283 0.035433 0.4388 -0.2767 0.8549 175 82 71
-0.051181 0.232283 0.043307 0.4184 -0.2507 0.8730 177 86 77
-0.051181 0.232283 0.051181 0.4019 -0.5257 0.7497 186 112 110
-0.051181 0.232283 0.059055 0.3142 -0.8684 0.3835 174 117 112
-0.051181 0.232283 0.066929 0.3143 -0.8700 0.3799 174 112 105
-0.051181 0.240157 -0.066929 0.2475 -0.9626 -0.1102 165 80 83
-0.051181 0.240157 -0.051181 0.1076 -0.9601 0.2580 165 101 101
-0.051181 0.240157 -0.043307 0.1982 -0.8275 0.5254 172 114 109
-0.051181 0.240157 -0.035433 0.1916 -0.8142 0.5480 160 88 87
-0.051181 0.240157 -0.027559 0.1612 -0.8081 0.5666 187 100 100
-0.051181 0.240157 -0.019685 0.1563 -0.8231 0.5460 172 96 93
-0.051181 0.240157 -0.011811 0.0179 -0.8242 0.5660 177 101 96
-0.051181 0.240157 -0.003937 0.2077 -0.6790 0.7042 174 122 101
-0.051181 0.240157 0.003937 0.2955 -0.6299 0.7183 174 98 84
-0.051181 0.240157 0.011811 0.3423 -0.5759 0.7424 178 91 88
-0.051181 0.240157 0.019685 0.3414 -0.5773 0.7417 176 91 84
-0.051181 0.240157 0.027559 0.4368 -0.2906 0.8513 173 91 75
-0.051181 0.240157 0.035433 0.4194 -0.3029 0.8558 178 95 90
-0.051181 0.240157 0.043307 0.3578 -0.3640 0.8599 192 94 92
-0.051181 0.240157 0.051181 0.3873 -0.5455 0.7433 174 95 92
-0.051181 0.240157 0.059055 0.3482 -0.8629 0.3664 175 111 102
-0.051181 0.248031 -0.082677 0.2620 -0.9615 -0.0829 171 95 102
-0.051181 0.248031 -0.074803 0.2511 -0.9630 -0.0983 161 95 97
-0.051181 0.248031 -0.066929 0.2757 -0.9526 -0.1290 159 106 106
-0.051181 0.248031 -0.051181 0.3188 -0.8672 0.3826 162 116 117
-0.051181 0.248031 -0.043307 0.2268 -0.8202 0.5252 175 95 92
-0.051181 0.248031 -0.035433 0.1902 -0.8151 0.5472 188 88 103
-0.051181 0.248031 -0.019685 0.1455 -0.8252 0.5458 168 96 85
-0.051181 0.248031 -0.011811 0.0830 -0.7077 0.7016 175 110 103
-0.051181 0.248031 -0.003937 0.3404 -0.6337 0.6947 182 99 91
-0.051181 0.248031 0.003937 0.3697 -0.6111 0.6999 187 85 82
-0.051181 0.248031 0.011811 0.3261 -0.5846 0.7429 170 109 104
-0.051181 0.248031 0.019685 0.2838 -0.5678 0.7727 175 88 89
-0.051181 0.248031 0.027559 0.3934 -0.2940 0.8711 176 86 84
-0.051181 0.248031 0.035433 0.4516 -0.5787 0.6791 163 104 89
-0.051181 0.248031 0.043307 0.4436 -0.5734 0.6888 173 111 103
-0.051181 0.248031 0.051181 0.4367 -0.5297 0.7271 176 98 96
-0.051181 0.248031 0.059055 0.2930 -0.7203 0.6288 171 92 97
-0.051181 0.248031 0.066929 0.3177 -0.8402 0.4393 160 99 104
-0.051181 0.255906 -0.043307 0.2324 -0.8211 0.5213 164 93 89
-0.051181 0.255906 -0.035433 0.2076 -0.8148 0.5413 160 110 99
-0.051181 0.255906 -0.019685 0.1430 -0.9153 0.3766 177 95 100
-0.051181 0.255906 -0.011811 0.2876 -0.6755 0.6789 177 89 83
-0.051181 0.255906 -0.003937 0.3255 -0.6067 0.7253 167 89 85
-0.051181 0.255906 0.003937 0.3296 -0.5938 0.7340 174 98 89
-0.051181 0.255906 0.011811 0.3085 -0.7866 0.5349 165 125 107
-0.051181 0.255906 0.019685 0.3533 -0.8052 0.4763 160 101 86
-0.051181 0.255906 0.027559 0.3875 -0.6716 0.6315 170 88 87
-0.051181 0.255906 0.051181 0.4535 -0.5472 0.7034 158 99 95
-0.051181 0.255906 0.059055 0.3733 -0.5573 0.7416 163 87 93
-0.051181 0.255906 0.066929 0.2989 -0.7469 0.5940 168 97 102
-0.051181 0.263780 -0.011811 0.2774 -0.6522 0.7055 169 100 102
-0.051181 0.263780 -0.003937 0.3730 -0.8360 0.4024 175 80 69
-0.051181 0.263780 0.003937 0.3616 -0.8222 0.4396 173 82 80
-0.051181 0.263780 0.011811 0.3768 -0.8112 0.4472 161 102 107
-0.051181 0.263780 0.043307 0.4317 -0.5700 0.6992 158 100 103
-0.051181 0.271654 0.003937 0.3717 -0.8182 0.4386 155 123 120
-0.043307 -0.043307 0.003937 0.8754 -0.0696 -0.4783 97 115 88
-0.043307 0.177165 0.003937 -0.4606 0.8631 0.2070 150 98 94
-0.043307 0.177165 0.011811 -0.4289 0.8679 0.2507 155 115 109
-0.043307 0.185039 -0.019685 -0.1294 -0.9639 0.2328 164 124 122
-0.043307 0.185039 -0.011811 -0.1359 -0.5271 0.8389 170 95 95
-0.043307 0.185039 -0.003937 -0.0904 -0.4505 0.8882 184 83 82
-0.043307 0.185039 0.003937 0.1505 0.0631 0.9866 172 94 89
-0.043307 0.185039 0.011811 0.0355 0.1255 0.9915 171 125 113
-0.043307 0.185039 0.019685 0.2490 -0.0284 0.9681 155 126 115
-0.043307 0.192913 -0.003937 -0.0690 -0.6788 0.7311 165 117 107
-0.043307 0.192913 0.003937 -0.0778 -0.6426 0.7623 164 113 104
-0.043307 0.192913 0.011811 -0.0654 -0.6678 0.7415 159 121 107
-0.043307 0.192913 0.019685 0.2176 -0.6422 0.7350 158 117 110
-0.043307 0.192913 0.027559 0.1349 -0.6179 0.7746 149 117 108
-0.043307 0.192913 0.035433 0.4471 -0.0670 0.8919 140 111 93
-0.043307 0.200787 0.003937 -0.0981 -0.6425 0.7600 179 122 111
-0.043307 0.200787 0.011811 0.2011 -0.6053 0.7702 168 135 122
-0.043307 0.200787 0.019685 0.2637 -0.6031 0.7528 157 133 110
-0.043307 0.200787 0.027559 0.1643 -0.6905 0.7044 159 125 100
-0.043307 0.200787 0.035433 0.2740 -0.4240 0.8632 134 122 101
-0.043307 0.200787 0.043307 0.3331 -0.7242 0.6038 152 117 93
-0.043307 0.208661 -0.027559 0.1430 -0.8530 0.5019 160 131 124
-0.043307 0.208661 -0.019685 0.1234 -0.8478 0.5158 160 130 125
-0.043307 0.208661 0.003937 -0.0055 -0.6624 0.7491 182 135 119
-0.043307 0.208661 0.011811 0.2834 -0.5973 0.7503 173 145 128
-0.043307 0.208661 0.019685 0.2898 -0.5771 0.7635 141 129 109
-0.043307 0.208661 0.051181 0.3185 -0.7191 0.6176 161 115 109
-0.043307 0.208661 0.059055 0.3129 -0.7368 0.5993 165 96 89
-0.043307 0.208661 0.066929 0.3315 -0.7169 0.6134 143 90 82
-0.043307 0.208661 0.082677 -0.0321 -0.7947 -0.6062 154 98 91
-0.043307 0.216535 -0.027559 0.1720 -0.8542 0.4907 156 120 116
-0.043307 0.216535 -0.011811 0.0740 -0.8306 0.5519 181 117 115
-0.043307 0.216535 0.003937 0.2306 -0.6492 0.7248 180 140 120
-0.043307 0.216535 0.011811 0.3181 -0.5994 0.7345 163 140 117
-0.043307 0.216535 0.019685 0.3036 -0.5902 0.7479 155 143 116
-0.043307 0.216535 0.027559 0.3802 -0.4067 0.8307 151 117 92
-0.043307 0.216535 0.035433 0.3050 -0.4220 0.8537 148 112 87
-0.043307 0.216535 0.043307 0.2173 -0.3282 0.9193 155 144 121
-0.043307 0.216535 0.051181 0.3289 -0.7092 0.6236 173 132 120
-0.043307 0.216535 0.059055 0.3328 -0.7399 0.5846 175 112 109
-0.043307 0.216535 0.066929 0.3120 -0.7423 0.5930 158 87 78
-0.043307 0.216535 0.074803 -0.1952 -0.9806 -0.0143 155 84 86
-0.043307 0.216535 0.082677 -0.0100 -0.7903 -0.6127 159 105 100
-0.043307 0.224409 -0.043307 0.3379 -0.8123 0.4755 161 101 100
-0.043307 0.224409 -0.035433 0.2421 -0.8415 0.4830 161 100 92
-0.043307 0.224409 -0.019685 0.1332 -0.8320 0.5385 186 99 102
-0.043307 0.224409 -0.011811 0.0285 -0.8646 0.5016 175 101 95
-0.043307 0.224409 -0.003937 0.2665 -0.6477 0.7138 169 119 102
-0.043307 0.224409 0.003937 0.3520 -0.6320 0.6904 167 123 108
-0.043307 0.224409 0.011811 0.3392 -0.6003 0.7243 173 129 102
-0.043307 0.224409 0.027559 0.4055 -0.3485 0.8450 158 114 103
-0.043307 0.224409 0.035433 0.3438 -0.4028 0.8482 159 100 96
-0.043307 0.224409 0.043307 0.2527 -0.3763 0.8914 158 94 87
-0.043307 0.224409 0.051181 0.3194 -0.6673 0.6729 166 110 102
-0.043307 0.232283 -0.066929 0.2245 -0.9673 -0.1182 168 95 96
-0.043307 0.232283 -0.059055 0.2188 -0.9691 -0.1136 172 84 80
-0.043307 0.232283 -0.051181 0.1382 -0.9783 0.1543 167 91 82
-0.043307 0.232283 -0.043307 0.3961 -0.8351 0.3818 155 100 98
-0.043307 0.232283 -0.035433 0.2382 -0.8504 0.4691 160 97 91
-0.043307 0.232283 -0.027559 0.1425 -0.8254 0.5462 177 97 99
-0.043307 0.232283 -0.019685 0.1053 -0.8295 0.5485 181 87 88
-0.043307 0.232283 -0.011811 0.1227 -0.8795 0.4597 173 98 90
-0.043307 0.232283 -0.003937 0.3308 -0.6367 0.6965 178 97 87
-0.043307 0.232283 0.003937 0.3247 -0.6248 0.7100 180 93 85
-0.043307 0.232283 0.011811 0.3364 -0.5993 0.7264 175 98 86
-0.043307 0.232283 0.019685 0.3163 -0.5894 0.7433 176 105 95
-0.043307 0.232283 0.027559 0.4205 -0.3157 0.8506 180 105 96
-0.043307 0.232283 0.035433 0.3937 -0.3520 0.8492 172 101 100
-0.043307 0.232283 0.043307 0.2624 -0.3734 0.8898 175 86 85
-0.043307 0.232283 0.051181 0.3015 -0.5430 0.7837 174 95 93
-0.043307 0.240157 -0.082677 0.2469 -0.9625 -0.1127 171 119 119
-0.043307 0.240157 -0.066929 0.2489 -0.9633 -0.1006 178 85 87
-0.043307 0.240157 -0.059055 0.1840 -0.9772 0.1056 171 107 108
-0.043307 0.240157 -0.051181 0.1738 -0.9661 0.1910 173 111 110
-0.043307 0.240157 -0.035433 0.2580 -0.8319 0.4912 172 98 97
-0.043307 0.240157 -0.027559 0.1173 -0.8211 0.5587 178 78 74
-0.043307 0.240157 -0.019685 0.1070 -0.8437 0.5261 184 97 89
-0.043307 0.240157 -0.011811 0.2451 -0.7643 0.5964 179 103 91
-0.043307 0.240157 -0.003937 0.3901 -0.6266 0.6746 180 102 86
-0.043307 0.240157 0.003937 0.3506 -0.6264 0.6962 181 84 79
-0.043307 0.240157 0.011811 0.3474 -0.5979 0.7224 179 111 106
-0.043307 0.240157 0.019685 0.3282 -0.5776 0.7474 179 90 79
-0.043307 0.240157 0.027559 0.4347 -0.3086 0.8460 186 94 84
-0.043307 0.240157 0.035433 0.4308 -0.3211 0.8434 177 98 95
-0.043307 0.240157 0.043307 0.2898 -0.3716 0.8820 187 105 113
-0.043307 0.240157 0.051181 0.1816 -0.3230 0.9288 176 96 99
-0.043307 0.248031 -0.090551 0.2611 -0.9610 -0.0915 179 115 115
-0.043307 0.248031 -0.082677 0.2645 -0.9602 -0.0895 168 95 96
-0.043307 0.248031 -0.074803 0.2650 -0.9611 -0.0780 167 96 100
-0.043307 0.248031 -0.066929 0.2727 -0.9509 -0.1464 175 123 124
-0.043307 0.248031 -0.059055 0.1684 -0.9774 0.1278 151 95 88
-0.043307 0.248031 -0.051181 0.4093 -0.8407 0.3546 169 100 106
-0.043307 0.248031 -0.035433 0.2806 -0.8290 0.4837 176 90 95
-0.043307 0.248031 -0.027559 0.1407 -0.8188 0.5566 158 99 101
-0.043307 0.248031 -0.019685 0.1926 -0.8520 0.4868 172 99 92
-0.043307 0.248031 -0.011811 0.3904 -0.6701 0.6313 178 85 76
-0.043307 0.248031 -0.003937 0.3668 -0.6242 0.6898 166 102 101
-0.043307 0.248031 0.003937 0.3465 -0.6042 0.7175 171 96 94
-0.043307 0.248031 0.011811 0.3598 -0.5971 0.7170 172 81 64
-0.043307 0.248031 0.019685 0.3594 -0.5790 0.7319 186 94 92
-0.043307 0.248031 0.027559 0.4467 -0.2650 0.8545 180 76 81
-0.043307 0.248031 0.035433 0.4224 -0.3049 0.8536 174 97 85
-0.043307 0.248031 0.043307 0.2845 -0.3787 0.8807 169 116 108
-0.043307 0.255906 -0.066929 0.1791 -0.9669 0.1818 163 101 109
-0.043307 0.255906 -0.019685 0.3886 -0.8724 0.2965 167 85 83
-0.043307 0.255906 -0.011811 0.4040 -0.6413 0.6523 176 86 91
-0.043307 0.255906 -0.003937 0.3761 -0.6224 0.6864 171 86 80
-0.043307 0.255906 0.003937 0.3727 -0.6058 0.7030 169 100 89
-0.043307 0.255906 0.011811 0.3664 -0.5807 0.7270 165 110 100
-0.043307 0.255906 0.035433 0.4533 -0.5778 0.6788 172 107 104
-0.043307 0.255906 0.043307 0.4110 -0.6540 0.6351 178 105 101
-0.043307 0.255906 0.051181 0.3539 -0.6725 0.6500 167 103 102
-0.043307 0.263780 -0.011811 0.3962 -0.6566 0.6418 156 97 90
-0.043307 0.263780 -0.003937 0.3917 -0.6331 0.6677 178 95 93
-0.043307 0.263780 0.027559 0.3548 -0.7856 0.5069 168 103 93
-0.035433 0.003937 0.011811 0.3895 0.4806 -0.7857 111 133 101
-0.035433 0.011811 0.011811 -0.2369 0.5462 -0.8035 108 132 97
-0.035433 0.019685 0.011811 -0.4559 0.4209 -0.7842 106 132 90
-0.035433 0.027559 0.011811 -0.4706 0.3136 -0.8247 106 132 91
-0.035433 0.035433 0.011811 -0.5831 0.2280 -0.7797 107 137 93
-0.035433 0.177165 -0.003937 -0.4061 0.8904 0.2055 155 91 98
-0.035433 0.185039 -0.027559 -0.4904 -0.8036 -0.3371 146 94 91
-0.035433 0.185039 -0.019685 -0.1670 0.3857 0.9074 148 95 97
-0.035433 0.185039 -0.011811 -0.3668 0.3814 0.8485 169 97 98
-0.035433 0.185039 -0.003937 -0.0687 0.5508 0.8318 176 96 96
-0.035433 0.185039 0.003937 -0.6911 0.7040 0.1635 174 118 118
-0.035433 0.192913 -0.027559 0.0152 -0.9916 -0.1283 166 108 92
-0.035433 0.192913 -0.003937 -0.0749 -0.7242 0.6855 160 110 100
-0.035433 0.192913 0.003937 -0.0660 -0.7279 0.6824 169 129 120
-0.035433 0.192913 0.011811 0.1953 -0.6964 0.6906 161 131 116
-0.035433 0.192913 0.035433 0.4137 0.0538 0.9088 148 107 86
-0.035433 0.192913 0.043307 0.3969 -0.4255 0.8133 174 107 94
-0.035433 0.192913 0.051181 0.5949 -0.2182 0.7736 169 109 100
-0.035433 0.200787 0.011811 0.1672 -0.7534 0.6360 171 156 134
-0.035433 0.200787 0.019685 0.0295 -0.7930 0.6085 165 146 122
-0.035433 0.200787 0.027559 0.0515 -0.7345 0.6766 143 133 104
-0.035433 0.200787 0.035433 0.2857 -0.4403 0.8512 143 121 87
-0.035433 0.200787 0.043307 0.3116 -0.6699 0.6739 151 115 100
-0.035433 0.208661 -0.027559 0.2413 -0.8927 0.3806 166 115 108
-0.035433 0.208661 -0.019685 0.1169 -0.8547 0.5058 156 123 117
-0.035433 0.208661 0.019685 0.0306 -0.8018 0.5968 172 160 131
-0.035433 0.208661 0.027559 0.2819 -0.4580 0.8431 141 129 118
-0.035433 0.208661 0.035433 0.2475 -0.4624 0.8514 145 124 109
-0.035433 0.208661 0.043307 0.2750 -0.5679 0.7758 151 134 118
-0.035433 0.208661 0.051181 0.3167 -0.7274 0.6088 155 125 120
-0.035433 0.208661 0.059055 0.3149 -0.7398 0.5946 162 96 90
-0.035433 0.208661 0.066929 0.3394 -0.7405 0.5801 137 80 70
-0.035433 0.208661 0.074803 -0.1101 -0.9921 0.0610 144 75 75
-0.035433 0.216535 -0.066929 0.2406 -0.9632 -0.1200 174 101 96
-0.035433 0.216535 -0.035433 0.4335 -0.8555 0.2833 147 92 91
-0.035433 0.216535 -0.027559 0.2865 -0.8768 0.3861 171 110 104
-0.035433 0.216535 -0.019685 0.0862 -0.8490 0.5213 175 127 125
-0.035433 0.216535 -0.011811 0.1766 -0.8340 0.5228 186 125 125
-0.035433 0.216535 -0.003937 0.3133 -0.6577 0.6851 189 139 124
-0.035433 0.216535 0.019685 0.0600 -0.8093 0.5844 173 141 124
-0.035433 0.216535 0.027559 0.2541 -0.4664 0.8473 143 143 117
-0.035433 0.216535 0.035433 0.2522 -0.4282 0.8678 153 130 107
-0.035433 0.216535 0.043307 0.1980 -0.3465 0.9169 150 128 106
-0.035433 0.216535 0.051181 0.3198 -0.7021 0.6362 162 122 112
-0.035433 0.216535 0.066929 0.3298 -0.7302 0.5984 164 85 83
-0.035433 0.216535 0.074803 -0.2185 -0.9758 -0.0067 157 87 76
-0.035433 0.216535 0.082677 0.0033 -0.7967 -0.6044 160 100 94
-0.035433 0.216535 0.090551 0.0023 -0.7794 -0.6265 156 106 102
-0.035433 0.224409 -0.066929 0.2458 -0.9551 -0.1657 158 81 82
-0.035433 0.224409 -0.043307 0.3523 -0.8221 0.4472 154 94 88
-0.035433 0.224409 -0.035433 0.4024 -0.8557 0.3254 163 90 84
-0.035433 0.224409 -0.019685 0.1000 -0.8568 0.5059 179 89 82
-0.035433 0.224409 -0.011811 0.3148 -0.8146 0.4872 175 107 103
-0.035433 0.224409 -0.003937 0.3717 -0.6349 0.6773 172 129 111
-0.035433 0.224409 0.003937 0.3383 -0.6330 0.6963 176 140 122
-0.035433 0.224409 0.019685 0.0703 -0.8312 0.5515 167 138 122
-0.035433 0.224409 0.027559 0.2764 -0.4564 0.8458 155 141 120
-0.035433 0.224409 0.035433 0.2750 -0.4325 0.8587 150 121 104
-0.035433 0.224409 0.043307 0.2327 -0.3674 0.9005 172 108 96
-0.035433 0.224409 0.051181 0.2970 -0.6694 0.6809 161 105 98
-0.035433 0.224409 0.059055 0.2990 -0.7612 0.5755 166 127 123
-0.035433 0.224409 0.066929 0.3069 -0.7531 0.5820 165 114 102
-0.035433 0.224409 0.074803 -0.2129 -0.9756 0.0534 170 113 99
-0.035433 0.224409 0.082677 -0.0094 -0.8012 -0.5983 171 116 105
-0.035433 0.232283 -0.090551 0.2868 -0.9523 -0.1040 150 104 97
-0.035433 0.232283 -0.074803 0.2717 -0.9532 -0.1325 151 101 101
-0.035433 0.232283 -0.066929 0.2446 -0.9611 -0.1286 142 77 83
-0.035433 0.232283 -0.059055 0.1575 -0.9785 0.1328 148 80 75
-0.035433 0.232283 -0.051181 0.1388 -0.9825 0.1238 154 87 79
-0.035433 0.232283 -0.043307 0.4074 -0.8368 0.3659 156 82 86
-0.035433 0.232283 -0.035433 0.3855 -0.8570 0.3421 166 86 89
-0.035433 0.232283 -0.027559 0.2546 -0.8828 0.3948 175 84 80
-0.035433 0.232283 -0.019685 0.2549 -0.8015 0.5409 185 92 86
-0.035433 0.232283 -0.011811 0.3268 -0.8029 0.4986 185 89 85
-0.035433 0.232283 -0.003937 0.3611 -0.6415 0.6768 179 96 85
-0.035433 0.232283 0.003937 0.3427 -0.6313 0.6957 180 90 80
-0.035433 0.232283 0.011811 0.3444 -0.6067 0.7165 171 97 86
-0.035433 0.232283 0.019685 0.1360 -0.7768 0.6148 176 105 95
-0.035433 0.232283 0.027559 0.2920 -0.4397 0.8494 170 117 107
-0.035433 0.232283 0.035433 0.2696 -0.4295 0.8619 176 108 101
-0.035433 0.232283 0.043307 0.2346 -0.3869 0.8918 166 95 93
-0.035433 0.240157 -0.082677 0.2684 -0.9568 -0.1118 161 113 109
-0.035433 0.240157 -0.074803 0.2547 -0.9623 -0.0955 161 99 96
-0.035433 0.240157 -0.066929 0.2502 -0.9636 -0.0939 162 97 94
-0.035433 0.240157 -0.051181 0.2327 -0.9332 0.2739 164 89 88
-0.035433 0.240157 -0.043307 0.3589 -0.8411 0.4047 173 89 83
-0.035433 0.240157 -0.035433 0.3386 -0.8621 0.3771 170 78 75
-0.035433 0.240157 -0.027559 0.3311 -0.8632 0.3812 169 91 81
-0.035433 0.240157 -0.019685 0.3073 -0.7872 0.5346 178 88 82
-0.035433 0.240157 -0.011811 0.3485 -0.7171 0.6036 176 76 72
-0.035433 0.240157 -0.003937 0.3395 -0.6424 0.6871 173 100 99
-0.035433 0.240157 0.003937 0.3440 -0.6271 0.6988 180 84 80
-0.035433 0.240157 0.011811 0.3452 -0.5903 0.7296 184 107 100
-0.035433 0.240157 0.019685 0.2172 -0.7271 0.6513 174 89 80
-0.035433 0.240157 0.027559 0.3332 -0.4200 0.8441 186 103 105
-0.035433 0.240157 0.043307 0.2478 -0.3756 0.8930 173 95 93
-0.035433 0.248031 -0.090551 0.2786 -0.9547 -0.1046 163 99 100
-0.035433 0.248031 -0.082677 0.2704 -0.9588 -0.0868 156 100 103
-0.035433 0.248031 -0.074803 0.2602 -0.9625 -0.0771 162 129 127
-0.035433 0.248031 -0.059055 0.1684 -0.9763 0.1361 166 98 98
-0.035433 0.248031 -0.051181 0.4039 -0.8349 0.3738 171 91 92
-0.035433 0.248031 -0.043307 0.3643 -0.8410 0.4001 179 87 87
-0.035433 0.248031 -0.035433 0.3360 -0.8577 0.3892 172 90 91
-0.035433 0.248031 -0.027559 0.4552 -0.7921 0.4066 161 93 90
-0.035433 0.248031 -0.019685 0.3502 -0.8337 0.4270 190 92 89
-0.035433 0.248031 -0.011811 0.4086 -0.6561 0.6345 174 78 75
-0.035433 0.248031 -0.003937 0.3647 -0.6471 0.6695 183 91 88
-0.035433 0.248031 0.003937 0.3696 -0.6161 0.6956 170 84 76
-0.035433 0.248031 0.011811 0.3694 -0.5968 0.7123 159 94 77
-0.035433 0.248031 0.019685 0.3131 -0.6466 0.6956 181 98 96
-0.035433 0.248031 0.027559 0.3753 -0.3847 0.8433 172 87 95
-0.035433 0.248031 0.035433 0.2647 -0.4469 0.8545 165 104 98
-0.035433 0.248031 0.043307 0.2696 -0.3992 0.8763 162 100 98
-0.035433 0.255906 -0.074803 0.2595 -0.9625 -0.0789 163 114 109
-0.035433 0.255906 -0.066929 0.1709 -0.9694 0.1763 177 115 116
-0.035433 0.255906 -0.059055 0.1458 -0.9821 0.1194 158 101 101
-0.035433 0.255906 -0.051181 0.3710 -0.8357 0.4050 175 103 107
-0.035433 0.255906 -0.043307 0.3705 -0.8418 0.3926 156 95 92
-0.035433 0.255906 -0.019685 0.5514 -0.7975 0.2449 168 90 87
-0.035433 0.255906 -0.011811 0.4143 -0.6409 0.6462 163 101 91
-0.035433 0.255906 -0.003937 0.3778 -0.6247 0.6834 166 79 67
-0.035433 0.255906 0.003937 0.3832 -0.6135 0.6905 177 80 71
-0.035433 0.255906 0.019685 0.3559 -0.5851 0.7287 172 104 93
-0.035433 0.255906 0.027559 0.3012 -0.6111 0.7320 179 92 77
-0.035433 0.255906 0.035433 0.2565 -0.4241 0.8685 171 127 117
-0.035433 0.255906 0.043307 0.2042 -0.4459 0.8715 166 107 111
-0.035433 0.263780 -0.059055 0.1911 -0.9494 0.2492 168 106 108
-0.035433 0.263780 -0.051181 0.3922 -0.8358 0.3843 174 89 92
-0.035433 0.263780 -0.011811 0.4277 -0.6526 0.6255 163 99 91
-0.035433 0.263780 -0.003937 0.4035 -0.6399 0.6540 174 79 74
-0.035433 0.263780 0.003937 0.3982 -0.6137 0.6817 163 106 106
-0.035433 0.263780 0.027559 0.2363 -0.6239 0.7449 173 92 91
-0.035433 0.263780 0.035433 0.4039 -0.6968 0.5928 163 116 113
-0.035433 0.271654 0.035433 0.4813 -0.4142 0.7725 162 118 120
-0.027559 -0.098425 0.003937 -0.7319 -0.0659 -0.6782 106 128 100
-0.027559 -0.090551 0.003937 -0.4832 0.7534 -0.4461 110 131 100
-0.027559 -0.059055 0.003937 0.1167 -0.1688 -0.9787 116 141 101
-0.027559 -0.051181 0.003937 -0.9110 0.1608 -0.3799 116 141 101
-0.027559 -0.043307 0.003937 -0.8162 0.4396 -0.3749 114 143 97
-0.027559 -0.035433 0.003937 -0.7462 0.3044 -0.5921 113 142 95
-0.027559 -0.027559 0.003937 -0.5974 0.4124 -0.6878 113 144 96
-0.027559 -0.019685 0.003937 -0.5854 0.1721 -0.7923 113 143 95
-0.027559 -0.011811 0.003937 -0.6174 0.1592 -0.7704 118 145 102
-0.027559 -0.011811 0.011811 -0.6204 0.4662 -0.6306 111 141 94
-0.027559 -0.003937 0.003937 -0.6192 0.1841 -0.7634 119 141 107
-0.027559 -0.003937 0.011811 -0.5207 0.4053 -0.7514 109 143 91
-0.027559 0.003937 0.011811 -0.5472 0.3034 -0.7801 108 141 92
-0.027559 0.011811 0.011811 -0.4471 0.3458 -0.8249 108 143 93
-0.027559 0.019685 0.011811 -0.4384 0.3197 -0.8400 108 142 94
-0.027559 0.027559 0.011811 -0.4429 0.2301 -0.8666 110 143 98
-0.027559 0.035433 0.011811 -0.6229 0.3102 -0.7181 110 142 96
-0.027559 0.043307 0.011811 -0.9662 0.2569 0.0220 110 141 98
-0.027559 0.051181 0.003937 -0.9939 0.0321 0.1057 120 137 110
-0.027559 0.051181 0.011811 -0.9813 0.1927 0.0014 109 142 97
-0.027559 0.059055 0.003937 -0.8419 0.5186 0.1495 118 138 109
-0.027559 0.059055 0.011811 -0.7951 0.5652 0.2198 109 142 95
-0.027559 0.066929 0.003937 -0.5764 0.7950 -0.1893 117 138 109
-0.027559 0.066929 0.011811 -0.7832 0.6139 0.0983 108 142 94
-0.027559 0.074803 0.011811 -0.8334 0.5524 0.0160 108 142 95
-0.027559 0.082677 0.011811 -0.8184 0.5701 -0.0719 106 139 95
-0.027559 0.090551 0.011811 -0.7296 0.5795 -0.3630 108 138 95
-0.027559 0.098425 0.011811 -0.5353 0.7263 -0.4312 110 137 97
-0.027559 0.106299 0.011811 -0.4213 0.5368 -0.7309 110 134 97
-0.027559 0.185039 -0.027559 -0.5817 0.6490 -0.4904 157 88 82
-0.027559 0.185039 -0.019685 -0.5435 0.8256 0.1515 151 85 89
-0.027559 0.185039 -0.011811 -0.6255 0.7576 0.1863 144 101 102
-0.027559 0.185039 0.003937 -0.4175 0.8093 0.4132 151 108 103
-0.027559 0.185039 0.027559 -0.3813 0.7873 0.4845 135 120 100
-0.027559 0.185039 0.035433 0.4668 0.4794 0.7432 141 114 97
-0.027559 0.185039 0.043307 0.4466 0.0565 0.8929 151 117 94
-0.027559 0.192913 -0.027559 0.5576 -0.6496 -0.5168 174 118 101
-0.027559 0.192913 -0.019685 0.2654 -0.9087 0.3223 173 117 102
-0.027559 0.192913 -0.011811 0.0688 -0.9222 0.3805 165 120 107
-0.027559 0.192913 0.003937 0.2469 -0.6299 0.7364 152 108 101
-0.027559 0.192913 0.011811 0.2857 -0.3802 0.8797 152 125 101
-0.027559 0.192913 0.019685 0.2310 -0.4413 0.8671 149 115 95
-0.027559 0.192913 0.027559 -0.4429 0.6993 0.5610 143 115 84
-0.027559 0.192913 0.035433 0.4104 0.5390 0.7356 155 99 76
-0.027559 0.192913 0.043307 0.6323 0.3033 0.7129 160 91 84
-0.027559 0.192913 0.051181 0.6384 0.2372 0.7322 168 104 89
-0.027559 0.192913 0.059055 0.6418 0.2533 0.7238 173 110 92
-0.027559 0.200787 -0.019685 0.2553 -0.9051 0.3399 173 128 113
-0.027559 0.200787 -0.011811 0.2222 -0.8656 0.4487 174 126 114
-0.027559 0.200787 0.019685 0.0537 -0.7826 0.6202 147 151 122
-0.027559 0.200787 0.027559 0.2702 -0.4668 0.8420 169 143 117
-0.027559 0.200787 0.043307 0.2964 -0.5267 0.7967 160 130 121
-0.027559 0.200787 0.051181 0.5356 -0.4115 0.7375 162 107 101
-0.027559 0.200787 0.059055 0.5062 -0.4670 0.7251 157 105 95
-0.027559 0.200787 0.066929 0.5169 -0.2825 0.8081 144 88 73
-0.027559 0.200787 0.074803 0.0997 -0.5781 -0.8099 138 78 75
-0.027559 0.208661 -0.059055 0.3902 -0.8165 -0.4256 142 108 90
-0.027559 0.208661 -0.027559 0.3557 -0.8695 0.3427 174 115 105
-0.027559 0.208661 -0.019685 0.3048 -0.8819 0.3595 171 129 115
-0.027559 0.208661 0.035433 0.2716 -0.4286 0.8617 158 133 125
-0.027559 0.208661 0.051181 0.3307 -0.7241 0.6052 156 129 113
-0.027559 0.208661 0.059055 0.3383 -0.7352 0.5874 157 108 101
-0.027559 0.208661 0.066929 0.3607 -0.7215 0.5911 140 69 69
-0.027559 0.208661 0.074803 -0.2025 -0.8084 -0.5527 141 79 73
-0.027559 0.216535 -0.066929 0.4379 -0.8247 -0.3580 156 96 96
-0.027559 0.216535 -0.059055 0.4592 -0.7420 -0.4885 158 113 108
-0.027559 0.216535 -0.051181 0.2881 -0.9468 0.1436 158 113 104
-0.027559 0.216535 -0.035433 0.3954 -0.8571 0.3301 162 96 87
-0.027559 0.216535 -0.027559 0.3651 -0.8734 0.3222 187 115 104
-0.027559 0.216535 -0.019685 0.4772 -0.8001 0.3633 184 124 113
-0.027559 0.216535 -0.011811 0.4452 -0.7831 0.4342 185 120 112
-0.027559 0.216535 -0.003937 0.2840 -0.7844 0.5514 164 142 122
-0.027559 0.216535 0.035433 0.2354 -0.4282 0.8725 157 132 116
-0.027559 0.216535 0.043307 0.2068 -0.3564 0.9112 147 128 115
-0.027559 0.216535 0.059055 0.3170 -0.7511 0.5791 165 114 112
-0.027559 0.216535 0.066929 0.3303 -0.7339 0.5935 155 89 84
-0.027559 0.216535 0.074803 -0.2698 -0.9603 -0.0709 166 95 89
-0.027559 0.216535 0.082677 0.0023 -0.7999 -0.6002 168 102 99
-0.027559 0.216535 0.090551 -0.0268 -0.7918 -0.6103 151 95 96
-0.027559 0.224409 -0.066929 0.4711 -0.8011 -0.3694 138 78 79
-0.027559 0.224409 -0.059055 0.2429 -0.9675 0.0697 144 83 81
-0.027559 0.224409 -0.043307 0.3850 -0.8550 0.3475 163 94 88
-0.027559 0.224409 -0.035433 0.3616 -0.8628 0.3534 171 84 77
-0.027559 0.224409 -0.019685 0.5192 -0.7690 0.3729 186 92 78
-0.027559 0.224409 -0.011811 0.4573 -0.7880 0.4122 176 103 89
-0.027559 0.224409 -0.003937 0.3458 -0.7251 0.5956 179 142 121
-0.027559 0.224409 0.003937 0.2353 -0.7879 0.5690 181 134 123
-0.027559 0.224409 0.011811 0.0131 -0.8826 0.4699 185 148 123
-0.027559 0.224409 0.019685 0.2417 -0.5129 0.8237 176 158 142
-0.027559 0.224409 0.035433 0.2657 -0.4163 0.8695 157 130 113
-0.027559 0.224409 0.043307 0.2324 -0.3781 0.8961 171 126 113
-0.027559 0.224409 0.051181 0.2819 -0.6416 0.7134 172 124 114
-0.027559 0.224409 0.059055 0.3155 -0.7529 0.5776 174 117 108
-0.027559 0.224409 0.066929 0.3254 -0.7201 0.6128 156 116 100
-0.027559 0.224409 0.090551 0.0048 -0.7910 -0.6118 163 116 106
-0.027559 0.232283 -0.090551 0.4902 -0.8218 -0.2905 154 107 111
-0.027559 0.232283 -0.082677 0.4902 -0.7973 -0.3521 148 83 81
-0.027559 0.232283 -0.066929 0.2492 -0.9628 -0.1049 144 84 83
-0.027559 0.232283 -0.059055 0.1687 -0.9778 0.1247 143 81 74
-0.027559 0.232283 -0.051181 0.1403 -0.9853 0.0974 154 83 82
-0.027559 0.232283 -0.043307 0.3187 -0.8769 0.3599 175 91 88
-0.027559 0.232283 -0.035433 0.3416 -0.8765 0.3392 173 92 84
-0.027559 0.232283 -0.027559 0.5041 -0.7715 0.3882 191 83 78
-0.027559 0.232283 -0.019685 0.5250 -0.7593 0.3845 184 90 86
-0.027559 0.232283 -0.011811 0.5399 -0.7783 0.3206 177 90 78
-0.027559 0.232283 -0.003937 0.3806 -0.6675 0.6400 181 107 94
-0.027559 0.232283 0.003937 0.3091 -0.7237 0.6170 174 82 78
-0.027559 0.232283 0.011811 0.0223 -0.8691 0.4941 177 105 100
-0.027559 0.232283 0.019685 -0.0058 -0.8437 0.5367 164 94 90
-0.027559 0.232283 0.027559 0.2566 -0.4743 0.8421 173 121 118
-0.027559 0.232283 0.051181 0.2601 -0.4197 0.8696 157 122 114
-0.027559 0.232283 0.059055 0.2769 -0.8286 0.4866 144 110 102
-0.027559 0.240157 -0.074803 0.2845 -0.9536 -0.0986 145 109 102
-0.027559 0.240157 -0.059055 0.1679 -0.9762 0.1371 156 99 100
-0.027559 0.240157 -0.051181 0.2515 -0.9199 0.3008 165 81 94
-0.027559 0.240157 -0.043307 0.3269 -0.8721 0.3641 172 80 71
-0.027559 0.240157 -0.035433 0.4153 -0.8281 0.3766 180 89 83
-0.027559 0.240157 -0.027559 0.5202 -0.7676 0.3744 175 87 80
-0.027559 0.240157 -0.019685 0.5242 -0.7677 0.3685 174 78 73
-0.027559 0.240157 -0.011811 0.6273 -0.6563 0.4193 171 87 83
-0.027559 0.240157 -0.003937 0.3884 -0.6428 0.6602 174 80 70
-0.027559 0.240157 0.003937 0.3472 -0.6662 0.6600 184 87 87
-0.027559 0.240157 0.011811 0.0717 -0.8538 0.5156 171 101 102
-0.027559 0.240157 0.019685 0.0099 -0.8563 0.5164 171 86 80
-0.027559 0.240157 0.027559 0.2782 -0.4407 0.8534 180 87 83
-0.027559 0.240157 0.035433 0.2424 -0.4324 0.8685 162 94 90
-0.027559 0.248031 -0.082677 0.2638 -0.9605 -0.0883 157 112 109
-0.027559 0.248031 -0.066929 0.2662 -0.9617 0.0659 162 116 117
-0.027559 0.248031 -0.051181 0.3463 -0.8636 0.3664 168 98 96
-0.027559 0.248031 -0.043307 0.3455 -0.8551 0.3866 162 71 58
-0.027559 0.248031 -0.035433 0.4985 -0.7749 0.3886 170 90 85
-0.027559 0.248031 -0.011811 0.6739 -0.6176 0.4055 179 93 87
-0.027559 0.248031 -0.003937 0.3967 -0.6402 0.6578 183 95 89
-0.027559 0.248031 0.003937 0.3720 -0.6448 0.6677 186 88 77
-0.027559 0.248031 0.011811 0.1665 -0.8217 0.5451 181 117 110
-0.027559 0.248031 0.019685 0.0694 -0.8555 0.5131 173 110 108
-0.027559 0.248031 0.027559 0.1216 -0.5814 0.8045 172 93 96
-0.027559 0.255906 -0.051181 0.3532 -0.8597 0.3689 170 86 88
-0.027559 0.255906 -0.043307 0.4386 -0.8118 0.3856 175 84 84
-0.027559 0.255906 -0.011811 0.6570 -0.6147 0.4364 166 91 82
-0.027559 0.255906 -0.003937 0.4340 -0.6245 0.6493 171 93 78
-0.027559 0.255906 0.003937 0.3976 -0.6265 0.6704 180 92 92
-0.027559 0.255906 0.011811 0.3030 -0.7187 0.6259 161 97 102
-0.027559 0.255906 0.019685 0.1374 -0.8123 0.5668 172 111 110
-0.027559 0.255906 0.027559 -0.0225 -0.8111 0.5845 163 107 105
-0.027559 0.263780 -0.059055 0.3920 -0.8553 0.3388 162 95 100
-0.027559 0.263780 -0.051181 0.4819 -0.7881 0.3830 175 92 85
-0.027559 0.263780 -0.043307 0.5049 -0.7680 0.3941 171 97 99
-0.027559 0.263780 0.027559 -0.0050 -0.8188 0.5741 172 89 86
-0.019685 -0.114173 0.003937 -0.2392 -0.1554 -0.9585 102 124 91
-0.019685 -0.106299 0.011811 0.4981 0.0145 -0.8670 102 127 90
-0.019685 -0.098425 -0.019685 -0.4976 -0.6222 0.6044 119 140 109
-0.019685 -0.098425 0.003937 -0.5201 0.7946 -0.3133 117 145 105
-0.019685 -0.090551 0.003937 -0.4219 0.8692 -0.2581 113 143 99
-0.019685 -0.082677 0.003937 -0.5558 0.7976 -0.2344 114 143 100
-0.019685 -0.074803 0.003937 -0.8804 0.3766 -0.2883 113 143 98
-0.019685 -0.066929 0.003937 -0.9398 -0.1575 0.3032 114 143 98
-0.019685 -0.059055 0.003937 -0.9361 -0.1263 0.3284 114 141 98
-0.019685 -0.051181 0.003937 -0.9881 -0.0837 0.1288 116 142 102
-0.019685 -0.011811 0.011811 -0.5152 0.1896 -0.8358 117 134 107
-0.019685 0.090551 0.011811 -0.8073 0.5653 -0.1694 111 140 96
-0.019685 0.098425 0.011811 -0.6854 0.6858 -0.2448 112 141 94
-0.019685 0.106299 0.011811 -0.1776 -0.0572 -0.9824 112 141 93
-0.019685 0.114173 0.011811 -0.3310 0.0925 -0.9391 112 141 93
-0.019685 0.122047 0.011811 -0.4299 0.3786 -0.8197 111 143 93
-0.019685 0.122047 0.019685 -0.3359 0.1054 -0.9360 112 137 97
-0.019685 0.129921 0.011811 -0.6081 0.6766 -0.4151 111 145 94
-0.019685 0.129921 0.019685 -0.2539 0.9573 -0.1384 109 140 93
-0.019685 0.137795 0.011811 -0.3250 0.9228 -0.2067 114 140 97
-0.019685 0.137795 0.019685 0.0316 0.9110 0.4111 127 137 89
-0.019685 0.145669 0.011811 -0.0469 0.9489 0.3121 133 129 104
-0.019685 0.145669 0.019685 0.2894 0.7870 0.5449 144 131 94
-0.019685 0.161417 0.066929 0.6226 -0.0362 -0.7817 156 116 105
-0.019685 0.169291 0.011811 -0.1327 0.8908 0.4345 128 106 94
-0.019685 0.177165 0.011811 -0.2989 0.8407 0.4514 125 110 102
-0.019685 0.177165 0.043307 0.4697 0.0360 0.8821 160 117 108
-0.019685 0.185039 -0.003937 -0.4827 0.8230 0.2996 130 100 97
-0.019685 0.185039 0.011811 -0.4093 0.8092 0.4215 126 111 93
-0.019685 0.185039 0.019685 -0.1301 0.8709 0.4739 133 107 97
-0.019685 0.185039 0.027559 0.3681 0.6304 0.6834 145 116 102
-0.019685 0.185039 0.035433 0.4707 0.5042 0.7240 156 118 103
-0.019685 0.185039 0.043307 0.4528 0.0543 0.8899 164 119 102
-0.019685 0.185039 0.059055 0.6201 0.2839 0.7314 167 90 93
-0.019685 0.192913 0.003937 -0.7478 0.3065 0.5890 129 104 86
-0.019685 0.192913 0.011811 -0.4854 0.7118 0.5077 132 128 96
-0.019685 0.192913 0.019685 -0.1949 0.8465 0.4955 141 116 89
-0.019685 0.192913 0.027559 0.3823 0.5607 0.7345 151 106 87
-0.019685 0.192913 0.035433 0.4142 0.5374 0.7346 161 100 77
-0.019685 0.192913 0.043307 0.5850 0.3600 0.7268 169 93 75
-0.019685 0.192913 0.051181 0.6048 0.3133 0.7322 168 107 93
-0.019685 0.200787 -0.027559 0.9208 -0.3847 0.0643 163 125 108
-0.019685 0.200787 -0.019685 0.9379 -0.3208 0.1324 168 133 117
-0.019685 0.200787 -0.011811 0.8720 -0.4814 0.0888 174 132 115
-0.019685 0.200787 0.003937 0.2234 -0.7822 0.5816 150 137 115
-0.019685 0.200787 0.019685 0.1471 -0.7552 0.6387 150 132 105
-0.019685 0.200787 0.027559 0.4352 -0.2139 0.8746 157 126 116
-0.019685 0.200787 0.043307 0.4579 -0.1971 0.8668 151 125 118
-0.019685 0.200787 0.051181 0.6832 0.2304 0.6929 168 121 116
-0.019685 0.200787 0.059055 0.6383 0.2535 0.7268 146 87 86
-0.019685 0.200787 0.066929 0.6544 0.2833 0.7011 141 77 73
-0.019685 0.200787 0.074803 0.3055 -0.2250 -0.9252 139 64 62
-0.019685 0.200787 0.082677 0.3660 -0.3024 -0.8801 159 113 109
-0.019685 0.208661 -0.066929 0.4169 -0.7991 -0.4332 157 95 85
-0.019685 0.208661 -0.059055 0.3859 -0.8005 -0.4585 149 118 107
-0.019685 0.208661 -0.027559 0.8946 -0.3617 0.2624 172 117 101
-0.019685 0.208661 -0.019685 0.8321 -0.5521 0.0529 165 132 115
-0.019685 0.208661 -0.011811 0.5639 -0.7911 0.2370 173 123 113
-0.019685 0.208661 -0.003937 0.3598 -0.9165 0.1749 146 123 107
-0.019685 0.208661 0.003937 0.0983 -0.8760 0.4722 150 148 119
-0.019685 0.208661 0.035433 0.2514 -0.4250 0.8696 169 143 120
-0.019685 0.208661 0.043307 0.1731 -0.3699 0.9128 165 140 115
-0.019685 0.208661 0.051181 0.3134 -0.7165 0.6233 166 127 119
-0.019685 0.208661 0.059055 0.3339 -0.7361 0.5888 161 107 99
-0.019685 0.208661 0.066929 0.3370 -0.6563 0.6751 145 85 81
-0.019685 0.208661 0.074803 -0.3664 -0.8716 -0.3257 146 79 84
-0.019685 0.208661 0.082677 0.0278 -0.6912 -0.7222 154 95 86
-0.019685 0.216535 -0.066929 0.4461 -0.7924 -0.4161 166 96 93
-0.019685 0.216535 -0.059055 0.4308 -0.7526 -0.4980 172 125 116
-0.019685 0.216535 -0.051181 0.2264 -0.9561 0.1859 148 106 95
-0.019685 0.216535 -0.035433 0.8894 -0.4569 -0.0144 169 103 83
-0.019685 0.216535 -0.027559 0.8623 -0.4471 0.2378 177 118 96
-0.019685 0.216535 -0.019685 0.4702 -0.8396 0.2718 176 124 110
-0.019685 0.216535 -0.011811 0.4037 -0.8974 0.1778 180 121 105
-0.019685 0.216535 -0.003937 0.3095 -0.9464 0.0925 181 143 120
-0.019685 0.216535 0.059055 0.3130 -0.7563 0.5744 166 117 114
-0.019685 0.216535 0.066929 0.3139 -0.7304 0.6067 153 109 101
-0.019685 0.216535 0.074803 -0.2719 -0.9600 -0.0664 156 99 91
-0.019685 0.216535 0.082677 0.0030 -0.7990 -0.6013 153 103 100
-0.019685 0.224409 -0.074803 0.4611 -0.8192 -0.3410 134 102 105
-0.019685 0.224409 -0.066929 0.4700 -0.8069 -0.3578 147 92 92
-0.019685 0.224409 -0.059055 0.3619 -0.9306 0.0546 153 81 82
-0.019685 0.224409 -0.051181 0.2705 -0.9565 0.1095 157 96 99
-0.019685 0.224409 -0.043307 0.8543 -0.4955 0.1568 170 102 102
-0.019685 0.224409 -0.035433 0.4958 -0.7654 0.4103 168 96 88
-0.019685 0.224409 -0.027559 0.5427 -0.7414 0.3948 181 114 106
-0.019685 0.224409 -0.019685 0.5053 -0.8179 0.2752 180 101 90
-0.019685 0.224409 -0.011811 0.4270 -0.8836 0.1923 186 115 102
-0.019685 0.224409 -0.003937 0.3748 -0.9259 0.0468 185 123 102
-0.019685 0.224409 0.003937 0.0907 -0.9169 0.3888 195 140 124
-0.019685 0.224409 0.011811 -0.0036 -0.8876 0.4606 180 153 131
-0.019685 0.224409 0.051181 0.2776 -0.6117 0.7408 171 139 123
-0.019685 0.224409 0.059055 0.2938 -0.7712 0.5648 162 125 109
-0.019685 0.224409 0.066929 0.3181 -0.7249 0.6111 163 113 105
-0.019685 0.224409 0.074803 -0.2447 -0.9696 0.0003 154 117 117
-0.019685 0.232283 -0.074803 0.4472 -0.8477 -0.2853 157 104 96
-0.019685 0.232283 -0.066929 0.4820 -0.8167 -0.3174 149 86 79
-0.019685 0.232283 -0.059055 0.3094 -0.9509 0.0047 175 88 90
-0.019685 0.232283 -0.051181 0.0674 -0.9872 0.1448 166 74 70
-0.019685 0.232283 -0.043307 0.3592 -0.8578 0.3675 158 88 82
-0.019685 0.232283 -0.035433 0.5617 -0.7574 0.3329 179 93 89
-0.019685 0.232283 -0.027559 0.5556 -0.7493 0.3604 180 87 76
-0.019685 0.232283 -0.019685 0.5315 -0.7766 0.3384 180 103 89
-0.019685 0.232283 -0.011811 0.4682 -0.8756 0.1189 180 90 81
-0.019685 0.232283 -0.003937 0.3746 -0.9270 0.0159 168 99 84
-0.019685 0.232283 0.003937 0.0837 -0.9238 0.3736 176 94 86
-0.019685 0.232283 0.011811 -0.0157 -0.8941 0.4477 171 111 107
-0.019685 0.232283 0.027559 0.2576 -0.4659 0.8465 180 114 117
-0.019685 0.232283 0.051181 0.1905 -0.3500 0.9172 155 133 119
-0.019685 0.232283 0.059055 0.3085 -0.8135 0.4930 153 135 124
-0.019685 0.232283 0.066929 0.2518 -0.8416 0.4778 149 113 107
-0.019685 0.240157 -0.082677 0.4789 -0.8295 -0.2872 145 112 110
-0.019685 0.240157 -0.074803 0.4920 -0.8201 -0.2921 146 110 105
-0.019685 0.240157 -0.066929 0.3875 -0.9089 -0.1541 160 102 101
-0.019685 0.240157 -0.059055 0.1547 -0.9791 0.1320 159 99 101
-0.019685 0.240157 -0.051181 0.2800 -0.9207 0.2718 166 89 86
-0.019685 0.240157 -0.043307 0.5030 -0.7729 0.3868 163 81 76
-0.019685 0.240157 -0.035433 0.5419 -0.7482 0.3829 172 73 73
-0.019685 0.240157 -0.027559 0.5598 -0.7412 0.3703 178 80 79
-0.019685 0.240157 -0.019685 0.5144 -0.7723 0.3728 187 84 81
-0.019685 0.240157 -0.011811 0.6305 -0.7460 0.2142 176 78 73
-0.019685 0.240157 -0.003937 0.3711 -0.9235 0.0977 182 99 98
-0.019685 0.240157 0.003937 0.1366 -0.9295 0.3426 171 62 57
-0.019685 0.240157 0.011811 -0.0132 -0.8911 0.4536 165 74 64
-0.019685 0.240157 0.019685 -0.0283 -0.8545 0.5187 175 91 88
-0.019685 0.240157 0.027559 0.2417 -0.4733 0.8471 162 99 94
-0.019685 0.240157 0.035433 0.2672 -0.4139 0.8702 162 124 112
-0.019685 0.248031 -0.066929 0.1767 -0.9693 0.1711 158 98 102
-0.019685 0.248031 -0.051181 0.4819 -0.7933 0.3720 165 124 116
-0.019685 0.248031 -0.043307 0.5282 -0.7531 0.3923 166 86 78
-0.019685 0.248031 -0.019685 0.5741 -0.8025 0.1625 176 81 74
-0.019685 0.248031 -0.011811 0.7340 -0.6476 0.2047 173 95 87
-0.019685 0.248031 -0.003937 0.4376 -0.8895 0.1311 163 94 89
-0.019685 0.248031 0.003937 0.1819 -0.9311 0.3163 175 86 83
-0.019685 0.248031 0.011811 -0.0289 -0.8967 0.4417 167 95 89
-0.019685 0.255906 -0.051181 0.5284 -0.7566 0.3851 180 99 91
-0.019685 0.255906 -0.043307 0.5290 -0.7541 0.3892 170 73 69
-0.019685 0.255906 -0.019685 0.7269 -0.6745 -0.1290 162 98 91
-0.019685 0.255906 -0.011811 0.6828 -0.6247 0.3789 162 101 98
-0.019685 0.255906 0.003937 0.2607 -0.9209 0.2897 175 120 118
-0.019685 0.255906 0.011811 -0.0160 -0.8875 0.4605 164 121 124
-0.019685 0.263780 -0.066929 0.1375 -0.9830 0.1217 157 120 121
-0.019685 0.263780 -0.051181 0.5444 -0.7516 0.3724 176 82 81
-0.019685 0.263780 -0.019685 0.7699 -0.6227 -0.1398 157 109 109
-0.019685 0.263780 0.003937 0.3575 -0.8793 0.3148 153 109 112
-0.011811 -0.129921 0.003937 0.7413 0.2873 -0.6066 108 132 93
-0.011811 -0.122047 0.003937 -0.5492 0.7977 -0.2492 116 143 103
-0.011811 -0.106299 0.011811 0.4603 -0.0696 -0.8850 109 142 94
-0.011811 -0.098425 0.003937 -0.6599 0.7493 0.0551 113 143 99
-0.011811 -0.090551 0.003937 -0.8612 0.4833 0.1575 113 144 98
-0.011811 -0.082677 0.003937 -0.9150 0.1333 0.3808 114 141 99
-0.011811 -0.074803 0.003937 -0.9212 0.0982 0.3764 117 138 104
-0.011811 0.129921 0.011811 -0.6251 0.6963 -0.3527 110 139 101
-0.011811 0.137795 0.011811 0.2059 0.9552 0.2126 124 137 99
-0.011811 0.145669 0.011811 0.3684 0.8133 0.4504 149 124 95
-0.011811 0.145669 0.019685 0.4138 0.7426 0.5266 144 125 99
-0.011811 0.161417 0.011811 0.3245 0.7805 0.5343 146 123 88
-0.011811 0.161417 0.066929 0.6358 0.0323 -0.7712 182 101 89
-0.011811 0.161417 0.082677 0.4513 -0.1172 -0.8846 166 105 88
-0.011811 0.169291 -0.003937 -0.3475 0.9129 0.2140 156 106 104
-0.011811 0.169291 0.003937 0.1332 0.8680 0.4784 144 102 83
-0.011811 0.169291 0.011811 0.2702 0.7881 0.5531 141 112 87
-0.011811 0.169291 0.066929 0.6478 0.3265 0.6883 159 91 79
-0.011811 0.177165 0.003937 -0.1507 0.9225 0.3552 140 102 84
-0.011811 0.177165 0.011811 0.2386 0.7330 0.6370 127 108 85
-0.011811 0.177165 0.019685 0.3991 0.6723 0.6235 125 107 85
-0.011811 0.177165 0.043307 0.4809 0.0403 0.8759 172 108 102
-0.011811 0.177165 0.066929 0.6283 0.2940 0.7203 166 108 98
-0.011811 0.185039 -0.003937 -0.2818 0.9591 -0.0276 133 92 79
-0.011811 0.185039 0.003937 -0.0889 0.9859 0.1416 128 99 80
-0.011811 0.185039 0.011811 0.2131 0.7445 0.6326 117 106 86
-0.011811 0.185039 0.027559 0.3664 0.6345 0.6805 130 109 87
-0.011811 0.185039 0.035433 0.4754 0.4918 0.7294 148 100 87
-0.011811 0.185039 0.043307 0.4800 0.0545 0.8756 187 108 104
-0.011811 0.185039 0.051181 0.6092 0.2686 0.7461 179 91 91
-0.011811 0.192913 -0.019685 0.0998 0.9877 -0.1205 164 125 110
-0.011811 0.192913 -0.003937 -0.1758 0.9843 -0.0166 126 96 77
-0.011811 0.192913 0.003937 -0.1591 0.9854 0.0602 126 101 83
-0.011811 0.192913 0.011811 0.1026 0.7529 0.6502 124 121 95
-0.011811 0.192913 0.019685 0.2667 0.7028 0.6595 125 110 82
-0.011811 0.192913 0.035433 0.4343 0.5268 0.7306 163 101 85
-0.011811 0.192913 0.043307 0.5930 0.3711 0.7146 177 93 92
-0.011811 0.192913 0.051181 0.6133 0.3361 0.7148 179 104 99
-0.011811 0.192913 0.066929 0.6298 0.3209 0.7073 145 92 84
-0.011811 0.192913 0.074803 0.7890 -0.1634 -0.5923 144 78 77
-0.011811 0.200787 -0.011811 -0.1833 0.9719 -0.1476 156 125 98
-0.011811 0.200787 -0.003937 -0.3267 0.9436 -0.0547 135 104 77
-0.011811 0.200787 0.003937 -0.0100 0.9991 -0.0421 149 131 97
-0.011811 0.200787 0.011811 0.5618 0.6009 0.5686 141 129 105
-0.011811 0.200787 0.019685 0.4401 -0.1024 0.8921 149 124 101
-0.011811 0.200787 0.043307 0.4603 0.5350 0.7085 163 117 115
-0.011811 0.200787 0.051181 0.6226 0.3299 0.7096 158 107 99
-0.011811 0.200787 0.059055 0.6040 0.3187 0.7305 170 91 90
-0.011811 0.200787 0.066929 0.6193 0.3230 0.7157 144 67 68
-0.011811 0.200787 0.074803 0.8014 -0.0472 -0.5963 139 76 75
-0.011811 0.200787 0.082677 0.3991 -0.2542 -0.8810 158 98 90
-0.011811 0.208661 -0.066929 0.3770 -0.8014 -0.4643 170 87 80
-0.011811 0.208661 -0.059055 0.3833 -0.7768 -0.4996 160 86 82
-0.011811 0.208661 -0.011811 0.8823 -0.4649 0.0739 151 121 102
-0.011811 0.208661 -0.003937 0.9835 0.0942 -0.1543 158 122 96
-0.011811 0.208661 0.003937 0.6194 -0.6813 0.3901 159 136 111
-0.011811 0.208661 0.011811 0.0528 -0.8169 0.5743 159 134 113
-0.011811 0.208661 0.019685 0.0898 -0.8079 0.5824 168 143 121
-0.011811 0.208661 0.043307 0.3769 -0.1118 0.9195 168 142 123
-0.011811 0.208661 0.051181 0.5124 -0.5192 0.6840 169 128 118
-0.011811 0.208661 0.059055 0.5418 -0.4809 0.6894 173 108 109
-0.011811 0.208661 0.066929 0.4824 -0.4903 0.7259 156 87 88
-0.011811 0.208661 0.074803 -0.1337 -0.6750 -0.7256 156 94 89
-0.011811 0.208661 0.082677 0.2523 -0.4327 -0.8655 151 92 94
-0.011811 0.208661 0.090551 0.3490 -0.3360 -0.8748 155 108 105
-0.011811 0.216535 -0.066929 0.4067 -0.8193 -0.4041 162 95 90
-0.011811 0.216535 -0.059055 0.4287 -0.7364 -0.5234 179 117 109
-0.011811 0.216535 -0.043307 0.8560 -0.3769 0.3537 167 131 114
-0.011811 0.216535 -0.035433 0.9071 -0.3440 0.2426 162 116 94
-0.011811 0.216535 -0.027559 0.8695 -0.4831 0.1032 163 129 101
-0.011811 0.216535 -0.019685 0.8571 -0.5133 0.0439 161 123 97
-0.011811 0.216535 -0.011811 0.7273 -0.6848 -0.0455 175 121 99
-0.011811 0.216535 -0.003937 0.6657 -0.7240 0.1808 168 131 98
-0.011811 0.216535 0.003937 0.4279 -0.8819 0.1977 162 124 102
-0.011811 0.216535 0.051181 0.2998 -0.6883 0.6605 182 137 130
-0.011811 0.216535 0.059055 0.2600 -0.7666 0.5871 177 126 114
-0.011811 0.216535 0.066929 0.2977 -0.7322 0.6126 161 111 108
-0.011811 0.216535 0.074803 -0.2722 -0.9622 -0.0073 149 116 107
-0.011811 0.216535 0.082677 0.0121 -0.7956 -0.6057 160 123 120
-0.011811 0.216535 0.090551 -0.0395 -0.7956 -0.6046 151 102 101
-0.011811 0.224409 -0.074803 0.4651 -0.8064 -0.3653 147 99 93
-0.011811 0.224409 -0.066929 0.4573 -0.8122 -0.3623 151 90 91
-0.011811 0.224409 -0.059055 0.3088 -0.9507 0.0270 170 86 87
-0.011811 0.224409 -0.051181 0.2763 -0.9514 0.1362 184 114 109
-0.011811 0.224409 -0.043307 0.8827 -0.2917 0.3683 162 104 88
-0.011811 0.224409 -0.035433 0.8895 -0.2912 0.3521 171 121 106
-0.011811 0.224409 -0.027559 0.8459 -0.5211 0.1139 175 125 112
-0.011811 0.224409 -0.019685 0.7337 -0.6795 0.0080 182 111 97
-0.011811 0.224409 -0.011811 0.3244 -0.9380 0.1223 177 106 95
-0.011811 0.224409 -0.003937 0.4241 -0.9053 0.0225 173 110 95
-0.011811 0.224409 0.003937 0.3573 -0.9299 0.0871 185 123 104
-0.011811 0.224409 0.011811 0.1739 -0.9498 0.2601 172 121 99
-0.011811 0.224409 0.027559 0.2929 -0.4627 0.8368 188 147 140
-0.011811 0.224409 0.066929 0.3009 -0.7281 0.6159 169 132 128
-0.011811 0.224409 0.082677 0.0828 -0.7941 -0.6021 151 128 125
-0.011811 0.232283 -0.074803 0.4656 -0.8286 -0.3109 146 112 108
-0.011811 0.232283 -0.059055 0.2096 -0.9777 0.0166 176 107 103
-0.011811 0.232283 -0.051181 0.4381 -0.8663 0.2402 170 80 77
-0.011811 0.232283 -0.043307 0.8719 -0.2663 0.4109 160 92 85
-0.011811 0.232283 -0.035433 0.8719 -0.3671 0.3241 168 94 91
-0.011811 0.232283 -0.027559 0.4594 -0.8280 0.3214 194 109 96
-0.011811 0.232283 -0.019685 0.3784 -0.9103 0.1677 180 104 89
-0.011811 0.232283 -0.011811 0.3107 -0.9483 -0.0648 187 105 89
-0.011811 0.232283 -0.003937 0.3590 -0.9332 -0.0148 173 105 88
-0.011811 0.232283 0.003937 0.3694 -0.9246 0.0936 174 98 90
-0.011811 0.232283 0.011811 0.1886 -0.9610 0.2024 182 116 103
-0.011811 0.232283 0.019685 0.0461 -0.9014 0.4305 189 111 108
-0.011811 0.232283 0.027559 0.2817 -0.4663 0.8386 184 116 119
-0.011811 0.232283 0.035433 0.2598 -0.4214 0.8689 169 124 113
-0.011811 0.232283 0.043307 0.2355 -0.3984 0.8865 181 145 132
-0.011811 0.240157 -0.059055 0.3387 -0.9368 0.0873 180 110 98
-0.011811 0.240157 -0.051181 0.8245 -0.4922 0.2791 167 85 80
-0.011811 0.240157 -0.043307 0.8672 -0.4240 0.2611 168 74 70
-0.011811 0.240157 -0.035433 0.5431 -0.7055 0.4553 164 88 78
-0.011811 0.240157 -0.027559 0.4867 -0.8395 0.2414 153 78 76
-0.011811 0.240157 -0.019685 0.3814 -0.9207 0.0823 176 79 74
-0.011811 0.240157 -0.011811 0.4372 -0.8747 -0.2090 180 89 82
-0.011811 0.240157 -0.003937 0.3762 -0.9260 0.0308 175 83 79
-0.011811 0.240157 0.003937 0.3613 -0.9286 0.0845 183 84 86
-0.011811 0.240157 0.019685 -0.0149 -0.8740 0.4858 166 88 87
-0.011811 0.240157 0.035433 0.2383 -0.4502 0.8605 154 117 108
-0.011811 0.240157 0.043307 0.2696 -0.4041 0.8741 159 123 123
-0.011811 0.248031 -0.059055 0.4139 -0.9045 0.1023 153 113 102
-0.011811 0.248031 -0.043307 0.5557 -0.7301 0.3978 154 76 71
-0.011811 0.248031 -0.035433 0.5500 -0.7375 0.3918 157 99 97
-0.011811 0.248031 -0.019685 0.4670 -0.8467 -0.2550 166 84 79
-0.011811 0.248031 -0.011811 0.4307 -0.9014 -0.0435 180 95 97
-0.011811 0.248031 -0.003937 0.3800 -0.9229 0.0629 171 77 73
-0.011811 0.248031 0.003937 0.3467 -0.9334 0.0927 168 87 76
-0.011811 0.248031 0.011811 0.2665 -0.9521 0.1498 160 115 105
-0.011811 0.248031 0.019685 -0.0103 -0.8800 0.4749 163 88 79
-0.011811 0.255906 -0.059055 0.4172 -0.8709 0.2597 169 116 114
-0.011811 0.255906 -0.051181 0.5403 -0.7456 0.3902 155 79 78
-0.011811 0.255906 -0.011811 0.3940 -0.9190 0.0169 160 95 91
-0.011811 0.263780 -0.051181 0.5452 -0.7461 0.3822 168 85 89
-0.011811 0.263780 -0.019685 0.7097 -0.6644 -0.2341 160 99 101
-0.011811 0.263780 -0.011811 0.4289 -0.9024 0.0418 174 89 93
-0.011811 0.263780 -0.003937 0.3626 -0.9301 0.0586 166 84 87
-0.011811 0.271654 -0.011811 0.5141 -0.8501 0.1139 181 106 102
-0.011811 0.271654 -0.003937 0.4619 -0.8827 0.0861 172 108 104
-0.003937 -0.153543 0.003937 0.8910 -0.4514 -0.0480 104 125 93
-0.003937 -0.145669 0.003937 0.7477 -0.6469 0.1502 104 131 88
-0.003937 -0.137795 0.003937 0.8940 -0.4172 -0.1633 111 138 96
-0.003937 -0.129921 -0.011811 0.2358 -0.7266 0.6453 99 127 87
-0.003937 -0.129921 0.003937 0.5467 0.1327 -0.8268 114 141 101
-0.003937 -0.122047 0.003937 -0.3134 0.7771 -0.5458 112 139 99
-0.003937 -0.106299 0.003937 -0.8987 0.1267 0.4199 115 142 100
-0.003937 -0.098425 0.003937 -0.8982 0.1710 0.4050 117 137 103
-0.003937 0.145669 -0.019685 -0.3888 0.7865 -0.4797 159 122 107
-0.003937 0.153543 -0.011811 -0.1885 0.9282 -0.3207 167 131 109
-0.003937 0.153543 -0.003937 0.2868 0.9436 -0.1653 158 94 73
-0.003937 0.161417 -0.011811 -0.0703 0.9763 -0.2049 150 118 106
-0.003937 0.161417 0.003937 0.2594 0.8749 0.4089 172 117 95
-0.003937 0.161417 0.011811 0.2920 0.7430 0.6022 161 108 87
-0.003937 0.161417 0.066929 0.9048 0.4144 0.0982 164 107 94
-0.003937 0.169291 -0.003937 0.2419 0.8750 0.4193 157 100 77
-0.003937 0.169291 0.011811 0.2460 0.8823 0.4013 156 120 94
-0.003937 0.169291 0.082677 0.4480 -0.1245 -0.8853 163 81 78
-0.003937 0.177165 -0.019685 -0.4861 0.8699 0.0839 157 125 108
-0.003937 0.177165 -0.011811 -0.3726 0.8620 0.3438 145 110 94
-0.003937 0.177165 -0.003937 0.3431 0.7591 0.5532 152 110 89
-0.003937 0.177165 0.003937 0.2929 0.8123 0.5043 155 99 76
-0.003937 0.177165 0.011811 0.1677 0.8715 0.4608 165 121 98
-0.003937 0.177165 0.019685 0.0861 0.8220 0.5630 149 111 102
-0.003937 0.177165 0.027559 0.4168 0.6591 0.6260 136 96 84
-0.003937 0.177165 0.051181 0.6384 0.3258 0.6974 185 87 70
-0.003937 0.177165 0.059055 0.6336 0.2674 0.7260 189 72 66
-0.003937 0.177165 0.066929 0.6326 0.2982 0.7147 174 80 83
-0.003937 0.185039 -0.019685 0.0016 0.9946 0.1034 170 124 101
-0.003937 0.185039 -0.011811 -0.2388 0.9701 0.0429 156 113 84
-0.003937 0.185039 -0.003937 0.4175 0.8750 0.2450 137 100 70
-0.003937 0.185039 0.003937 0.3625 0.9009 0.2387 151 109 90
-0.003937 0.185039 0.011811 0.2265 0.9292 0.2919 141 119 93
-0.003937 0.185039 0.019685 0.0718 0.8554 0.5130 136 104 91
-0.003937 0.185039 0.027559 0.3559 0.6363 0.6844 136 101 82
-0.003937 0.185039 0.035433 0.4579 0.5041 0.7323 152 98 85
-0.003937 0.185039 0.043307 0.5654 0.1766 0.8057 170 94 93
-0.003937 0.185039 0.051181 0.6244 0.2931 0.7241 173 96 91
-0.003937 0.185039 0.059055 0.6370 0.2860 0.7159 185 86 83
-0.003937 0.185039 0.066929 0.6398 0.3018 0.7068 154 85 84
-0.003937 0.192913 -0.019685 0.1069 0.9781 -0.1787 161 128 109
-0.003937 0.192913 -0.011811 -0.0763 0.9971 -0.0058 147 116 86
-0.003937 0.192913 -0.003937 0.6101 0.7783 0.1482 131 107 88
-0.003937 0.192913 0.003937 0.3990 0.8884 0.2269 147 126 101
-0.003937 0.192913 0.011811 0.3050 0.9226 0.2362 141 119 88
-0.003937 0.192913 0.019685 0.1162 0.8888 0.4433 135 112 91
-0.003937 0.192913 0.027559 0.4075 0.5640 0.7182 142 103 87
-0.003937 0.192913 0.035433 0.4223 0.5422 0.7264 142 91 88
-0.003937 0.192913 0.043307 0.5680 0.3449 0.7473 150 93 93
-0.003937 0.192913 0.051181 0.6099 0.3252 0.7226 156 98 95
-0.003937 0.192913 0.066929 0.6387 0.3191 0.7002 139 76 75
-0.003937 0.200787 -0.019685 -0.0321 0.9913 -0.1274 147 135 107
-0.003937 0.200787 -0.011811 -0.0967 0.9931 -0.0661 154 138 109
-0.003937 0.200787 -0.003937 0.6138 0.7723 0.1635 133 104 83
-0.003937 0.200787 0.003937 0.6046 0.7672 0.2143 137 124 97
-0.003937 0.200787 0.011811 0.5495 0.8096 0.2065 150 132 100
-0.003937 0.200787 0.019685 0.4293 0.8579 0.2822 133 103 81
-0.003937 0.200787 0.043307 0.4196 0.5560 0.7175 153 110 108
-0.003937 0.200787 0.051181 0.6051 0.3613 0.7095 155 108 104
-0.003937 0.200787 0.059055 0.6229 0.3133 0.7168 175 84 85
-0.003937 0.200787 0.066929 0.6266 0.3267 0.7075 156 77 75
-0.003937 0.200787 0.074803 0.7916 -0.0304 -0.6103 124 54 56
-0.003937 0.200787 0.082677 0.4197 -0.2466 -0.8735 144 78 72
-0.003937 0.200787 0.090551 0.4335 -0.2531 -0.8649 139 105 91
-0.003937 0.208661 -0.066929 0.3771 -0.7520 -0.5406 174 107 105
-0.003937 0.208661 -0.035433 0.9408 -0.3370 -0.0361 155 128 113
-0.003937 0.208661 -0.027559 0.9711 -0.2309 -0.0599 151 127 101
-0.003937 0.208661 -0.019685 0.9685 -0.2083 -0.1368 140 128 97
-0.003937 0.208661 -0.011811 0.9429 -0.3330 0.0076 156 121 97
-0.003937 0.208661 -0.003937 0.8765 0.4812 -0.0134 164 118 95
-0.003937 0.208661 0.011811 0.6881 0.7087 0.1556 164 128 100
-0.003937 0.208661 0.019685 0.7064 0.6336 0.3156 160 120 104
-0.003937 0.208661 0.027559 0.5137 0.1187 0.8497 155 124 106
-0.003937 0.208661 0.043307 0.4136 0.1604 0.8962 168 138 126
-0.003937 0.208661 0.051181 0.5261 -0.0519 0.8488 171 117 113
-0.003937 0.208661 0.066929 0.6492 0.3449 0.6779 150 98 93
-0.003937 0.208661 0.074803 0.8275 0.5451 0.1347 147 88 88
-0.003937 0.208661 0.082677 0.4292 -0.2806 -0.8585 145 82 85
-0.003937 0.208661 0.090551 0.4071 -0.2823 -0.8687 154 102 100
-0.003937 0.216535 -0.066929 0.3875 -0.7844 -0.4842 173 99 99
-0.003937 0.216535 -0.059055 0.3782 -0.7586 -0.5305 174 118 113
-0.003937 0.216535 -0.051181 0.3746 -0.9268 0.0254 167 119 107
-0.003937 0.216535 -0.043307 0.9090 -0.4105 0.0723 160 108 95
-0.003937 0.216535 -0.019685 0.8774 -0.4791 -0.0251 169 118 91
-0.003937 0.216535 -0.011811 0.8317 -0.5545 -0.0273 166 124 94
-0.003937 0.216535 -0.003937 0.8756 0.3097 -0.3708 170 129 100
-0.003937 0.216535 0.003937 0.9758 0.1441 -0.1644 178 127 108
-0.003937 0.216535 0.011811 0.6990 -0.6635 0.2668 179 124 101
-0.003937 0.216535 0.019685 0.4726 -0.4077 0.7813 166 135 114
-0.003937 0.216535 0.027559 0.3716 -0.4828 0.7930 166 127 109
-0.003937 0.216535 0.035433 0.3630 -0.3628 0.8582 160 123 112
-0.003937 0.216535 0.066929 0.4964 -0.5743 0.6509 174 122 106
-0.003937 0.216535 0.074803 0.1544 -0.9847 0.0805 155 104 108
-0.003937 0.216535 0.082677 0.1900 -0.7599 -0.6217 155 128 121
-0.003937 0.224409 -0.090551 0.4871 -0.8031 -0.3431 152 107 107
-0.003937 0.224409 -0.066929 0.3888 -0.8205 -0.4190 179 102 93
-0.003937 0.224409 -0.059055 0.3794 -0.9213 0.0855 181 98 84
-0.003937 0.224409 -0.051181 0.4102 -0.9041 0.1201 169 115 100
-0.003937 0.224409 -0.043307 0.8835 -0.4346 0.1749 160 116 100
-0.003937 0.224409 -0.035433 0.8487 -0.5265 0.0509 158 114 97
-0.003937 0.224409 -0.027559 0.8149 -0.5776 0.0475 183 134 114
-0.003937 0.224409 -0.019685 0.8326 -0.5535 0.0211 164 99 81
-0.003937 0.224409 -0.011811 0.8079 -0.5563 -0.1943 177 111 90
-0.003937 0.224409 -0.003937 0.8847 0.1268 -0.4485 178 114 95
-0.003937 0.224409 0.003937 0.6840 -0.6975 0.2137 176 101 83
-0.003937 0.224409 0.011811 0.4393 -0.8891 0.1286 183 126 105
-0.003937 0.224409 0.019685 0.4026 -0.8387 0.3667 178 110 98
-0.003937 0.224409 0.074803 -0.1661 -0.9858 0.0238 169 127 129
-0.003937 0.232283 -0.090551 0.4861 -0.8145 -0.3167 142 115 116
-0.003937 0.232283 -0.082677 0.4724 -0.8182 -0.3277 149 96 92
-0.003937 0.232283 -0.074803 0.4338 -0.8340 -0.3411 162 88 87
-0.003937 0.232283 -0.066929 0.3983 -0.8057 -0.4384 170 111 102
-0.003937 0.232283 -0.059055 0.4550 -0.8825 0.1193 158 98 91
-0.003937 0.232283 -0.051181 0.4850 -0.8444 0.2277 164 91 87
-0.003937 0.232283 -0.043307 0.8691 -0.4069 0.2813 170 109 99
-0.003937 0.232283 -0.035433 0.8231 -0.5582 0.1043 172 105 104
-0.003937 0.232283 -0.027559 0.7862 -0.6116 0.0888 185 94 82
-0.003937 0.232283 -0.019685 0.7899 -0.6124 -0.0310 168 106 91
-0.003937 0.232283 -0.011811 0.7796 -0.4049 -0.4778 179 108 92
-0.003937 0.232283 -0.003937 0.3797 -0.9133 0.1470 174 99 81
-0.003937 0.232283 0.003937 0.3872 -0.9181 0.0850 188 95 81
-0.003937 0.232283 0.011811 0.3634 -0.9231 0.1260 183 108 102
-0.003937 0.232283 0.019685 0.3338 -0.9178 0.2150 192 103 92
-0.003937 0.232283 0.027559 0.4668 -0.4940 0.7336 189 105 93
-0.003937 0.232283 0.043307 0.2426 -0.3987 0.8844 183 152 143
-0.003937 0.232283 0.051181 0.1403 -0.3339 0.9321 178 136 130
-0.003937 0.240157 -0.066929 0.4744 -0.8669 0.1528 169 104 101
-0.003937 0.240157 -0.059055 0.4734 -0.8719 0.1254 149 102 98
-0.003937 0.240157 -0.043307 0.8566 -0.4659 0.2217 166 83 69
-0.003937 0.240157 -0.035433 0.8158 -0.5671 0.1133 165 80 74
-0.003937 0.240157 -0.027559 0.7640 -0.6452 -0.0028 157 83 82
-0.003937 0.240157 -0.019685 0.6488 -0.7513 -0.1212 155 72 67
-0.003937 0.240157 -0.011811 0.4557 -0.8660 -0.2060 179 103 90
-0.003937 0.240157 0.011811 0.3977 -0.9127 0.0944 175 93 83
-0.003937 0.240157 0.019685 0.3495 -0.9238 0.1562 165 89 79
-0.003937 0.240157 0.027559 0.4752 -0.4997 0.7242 166 96 90
-0.003937 0.240157 0.035433 0.3065 -0.4387 0.8447 163 117 112
-0.003937 0.240157 0.043307 0.2690 -0.4169 0.8682 165 126 127
-0.003937 0.240157 0.051181 0.2079 -0.3327 0.9198 152 126 126
-0.003937 0.248031 -0.051181 0.8357 -0.3733 0.4028 164 121 119
-0.003937 0.248031 -0.043307 0.8466 -0.5140 0.1378 164 81 73
-0.003937 0.248031 -0.019685 0.4157 -0.7944 -0.4427 157 90 83
-0.003937 0.248031 -0.011811 0.3826 -0.9203 -0.0812 158 83 82
-0.003937 0.248031 0.003937 0.3860 -0.9220 0.0308 171 101 90
-0.003937 0.248031 0.011811 0.3248 -0.9405 0.0994 155 104 97
-0.003937 0.255906 -0.019685 0.4382 -0.7442 -0.5041 152 105 110
-0.003937 0.255906 -0.011811 0.3536 -0.9353 0.0130 154 76 75
-0.003937 0.255906 -0.003937 0.3315 -0.9408 0.0710 156 78 70
-0.003937 0.263780 -0.011811 0.3661 -0.9306 0.0074 166 87 93
-0.003937 0.271654 -0.011811 0.3950 -0.9162 0.0673 176 91 88
0.003937 -0.177165 0.003937 0.9223 -0.3035 -0.2394 105 129 97
0.003937 -0.169291 -0.003937 0.9115 -0.3884 0.1354 110 138 98
0.003937 -0.169291 0.003937 0.9351 -0.3529 -0.0331 103 134 92
0.003937 -0.161417 0.003937 0.9661 -0.2557 -0.0364 103 132 88
0.003937 -0.153543 -0.011811 0.7336 -0.6269 -0.2625 113 143 100
0.003937 -0.153543 0.003937 0.2956 0.9534 0.0612 112 139 97
0.003937 -0.145669 0.003937 0.0112 0.8058 0.5921 113 139 100
0.003937 -0.137795 0.003937 -0.1487 0.8339 0.5314 115 138 102
0.003937 -0.129921 0.003937 -0.4216 0.8396 0.3424 115 137 102
0.003937 0.153543 0.066929 0.5491 -0.0614 -0.8335 141 120 106
0.003937 0.161417 0.003937 0.3960 0.8341 0.3839 174 105 94
0.003937 0.161417 0.011811 0.2842 0.8663 0.4108 165 101 81
0.003937 0.169291 -0.019685 0.9128 0.3748 -0.1624 153 118 98
0.003937 0.169291 -0.011811 0.6509 0.6866 0.3238 166 122 99
0.003937 0.169291 -0.003937 0.3000 0.8587 0.4155 169 127 116
0.003937 0.169291 0.003937 0.2731 0.8537 0.4434 161 122 112
0.003937 0.169291 0.011811 0.2341 0.8273 0.5106 165 111 102
0.003937 0.169291 0.051181 0.5129 0.0548 0.8567 153 111 97
0.003937 0.169291 0.059055 0.6243 0.2711 0.7326 156 106 102
0.003937 0.169291 0.082677 0.4795 -0.1098 -0.8706 155 84 83
0.003937 0.177165 -0.027559 -0.3820 -0.1962 -0.9031 158 113 93
0.003937 0.177165 -0.019685 0.8770 0.4305 0.2136 155 127 100
0.003937 0.177165 -0.011811 0.8268 0.4461 0.3427 152 119 94
0.003937 0.177165 -0.003937 0.4022 0.7772 0.4839 161 119 94
0.003937 0.177165 0.003937 0.3839 0.7932 0.4727 170 125 101
0.003937 0.177165 0.011811 0.3561 0.7981 0.4861 165 120 102
0.003937 0.177165 0.019685 0.3206 0.7906 0.5217 157 110 94
0.003937 0.177165 0.027559 0.2103 0.8411 0.4984 162 116 97
0.003937 0.177165 0.051181 0.6363 0.3351 0.6949 167 75 61
0.003937 0.177165 0.059055 0.6386 0.2625 0.7233 188 72 75
0.003937 0.177165 0.066929 0.6363 0.2975 0.7117 170 75 83
0.003937 0.177165 0.074803 0.5912 -0.0892 -0.8016 159 85 87
0.003937 0.177165 0.082677 0.4571 -0.1147 -0.8820 166 77 77
0.003937 0.185039 -0.027559 0.2910 0.9567 0.0039 151 136 107
0.003937 0.185039 -0.019685 0.7565 0.6020 0.2555 155 119 86
0.003937 0.185039 -0.011811 0.6436 0.6946 0.3214 155 112 80
0.003937 0.185039 -0.003937 0.5018 0.8282 0.2496 143 112 77
0.003937 0.185039 0.003937 0.4222 0.8735 0.2425 156 116 91
0.003937 0.185039 0.011811 0.3454 0.7681 0.5392 162 127 103
0.003937 0.185039 0.019685 0.3235 0.7485 0.5789 169 122 107
0.003937 0.185039 0.027559 0.2241 0.7915 0.5687 150 99 83
0.003937 0.185039 0.035433 0.2426 0.6772 0.6947 154 91 73
0.003937 0.185039 0.043307 0.6212 0.3737 0.6888 153 75 70
0.003937 0.185039 0.051181 0.6247 0.3254 0.7098 153 76 78
0.003937 0.185039 0.059055 0.6437 0.3001 0.7040 156 77 73
0.003937 0.185039 0.066929 0.6463 0.3088 0.6978 162 83 84
0.003937 0.185039 0.074803 0.8129 -0.1751 -0.5554 157 82 82
0.003937 0.192913 -0.019685 0.8581 0.4710 0.2046 158 132 108
0.003937 0.192913 -0.011811 0.8394 0.4889 0.2375 157 118 95
0.003937 0.192913 -0.003937 0.5724 0.7987 0.1857 141 98 71
0.003937 0.192913 0.003937 0.4350 0.8764 0.2065 158 121 90
0.003937 0.192913 0.011811 0.3768 0.8878 0.2644 150 128 99
0.003937 0.192913 0.019685 0.3470 0.8918 0.2905 141 110 88
0.003937 0.192913 0.027559 0.4317 0.7829 0.4480 147 98 86
0.003937 0.192913 0.043307 0.5027 0.4027 0.7649 136 103 96
0.003937 0.192913 0.051181 0.5934 0.3676 0.7160 133 88 84
0.003937 0.192913 0.059055 0.6288 0.3148 0.7110 140 90 94
0.003937 0.192913 0.066929 0.6456 0.3303 0.6886 121 54 58
0.003937 0.192913 0.074803 0.8282 -0.1398 -0.5427 119 53 59
0.003937 0.200787 -0.027559 -0.0199 0.9902 -0.1382 153 117 93
0.003937 0.200787 -0.019685 0.8613 0.4693 0.1946 157 127 97
0.003937 0.200787 -0.011811 0.8266 0.5077 0.2429 160 123 100
0.003937 0.200787 -0.003937 0.6334 0.7616 0.1366 143 111 85
0.003937 0.200787 0.003937 0.6246 0.7610 0.1754 149 131 98
0.003937 0.200787 0.011811 0.6294 0.7590 0.1666 153 129 107
0.003937 0.200787 0.019685 0.5490 0.8028 0.2328 154 114 95
0.003937 0.200787 0.027559 0.4632 0.7349 0.4954 145 93 82
0.003937 0.200787 0.059055 0.6202 0.3359 0.7089 148 74 74
0.003937 0.200787 0.066929 0.6364 0.3418 0.6915 127 58 64
0.003937 0.200787 0.074803 0.7924 0.1418 -0.5933 130 61 65
0.003937 0.200787 0.082677 0.4319 -0.2386 -0.8698 150 84 80
0.003937 0.200787 0.090551 0.4528 -0.2484 -0.8563 150 101 90
0.003937 0.208661 -0.066929 -0.6051 0.0256 -0.7958 178 120 117
0.003937 0.208661 -0.035433 0.0328 0.9508 -0.3079 156 115 93
0.003937 0.208661 -0.027559 -0.1120 0.9901 -0.0851 160 117 90
0.003937 0.208661 -0.019685 0.8571 0.4497 0.2513 157 136 105
0.003937 0.208661 -0.011811 0.8331 0.4760 0.2817 166 120 100
0.003937 0.208661 -0.003937 0.6471 0.7546 0.1093 159 132 100
0.003937 0.208661 0.011811 0.6357 0.7564 0.1541 161 111 93
0.003937 0.208661 0.019685 0.6160 0.6747 0.4067 155 122 103
0.003937 0.208661 0.027559 0.6318 0.6295 0.4522 159 125 102
0.003937 0.208661 0.035433 0.6018 0.6596 0.4503 157 113 97
0.003937 0.208661 0.043307 0.3727 0.2555 0.8921 153 104 93
0.003937 0.208661 0.059055 0.6159 0.1608 0.7713 172 112 108
0.003937 0.208661 0.066929 0.6419 0.3656 0.6740 150 73 72
0.003937 0.208661 0.074803 0.7037 0.5145 0.4900 143 85 77
0.003937 0.208661 0.082677 0.4287 -0.2164 -0.8772 155 91 86
0.003937 0.208661 0.090551 0.4291 -0.2620 -0.8644 165 92 89
0.003937 0.216535 -0.066929 0.4011 -0.8135 -0.4211 169 102 96
0.003937 0.216535 -0.059055 0.4937 -0.8570 -0.1473 169 115 112
0.003937 0.216535 -0.035433 0.9153 -0.4023 -0.0207 156 106 86
0.003937 0.216535 -0.019685 0.9394 -0.3391 0.0507 169 121 103
0.003937 0.216535 -0.011811 0.9903 -0.1265 0.0579 170 120 98
0.003937 0.216535 -0.003937 0.7802 0.6205 -0.0787 169 122 88
0.003937 0.216535 0.003937 0.8465 0.5321 0.0152 177 127 104
0.003937 0.216535 0.011811 0.7741 0.6330 0.0008 175 120 92
0.003937 0.216535 0.027559 0.7059 0.5913 0.3900 177 126 110
0.003937 0.216535 0.035433 0.7101 0.4990 0.4968 164 98 86
0.003937 0.216535 0.043307 0.4747 0.1483 0.8676 180 124 110
0.003937 0.216535 0.066929 0.5977 -0.1972 0.7771 174 130 121
0.003937 0.216535 0.074803 0.3917 -0.7622 0.5154 165 122 111
0.003937 0.224409 -0.090551 0.4560 -0.8116 -0.3651 149 97 94
0.003937 0.224409 -0.074803 0.3816 -0.8204 -0.4258 157 103 97
0.003937 0.224409 -0.066929 0.5569 -0.7776 -0.2918 166 124 113
0.003937 0.224409 -0.059055 0.3478 -0.9371 -0.0295 168 100 89
0.003937 0.224409 -0.051181 0.3409 -0.9342 0.1049 163 104 89
0.003937 0.224409 -0.043307 0.8553 -0.5181 0.0028 150 119 101
0.003937 0.224409 -0.035433 0.8533 -0.5209 0.0227 168 111 94
0.003937 0.224409 -0.027559 0.8478 -0.5301 -0.0186 182 94 75
0.003937 0.224409 -0.019685 0.8118 -0.5834 -0.0236 167 105 88
0.003937 0.224409 -0.011811 0.8001 -0.5095 -0.3167 170 109 102
0.003937 0.224409 -0.003937 0.8626 0.3513 -0.3639 169 109 81
0.003937 0.224409 0.003937 0.9026 0.3313 -0.2749 176 110 88
0.003937 0.224409 0.011811 0.9261 0.3224 -0.1958 173 112 92
0.003937 0.224409 0.019685 0.9484 0.3142 0.0424 181 102 87
0.003937 0.224409 0.027559 0.5307 -0.3032 0.7915 183 101 93
0.003937 0.224409 0.035433 0.4723 -0.3949 0.7880 179 114 108
0.003937 0.224409 0.043307 0.2485 -0.4188 0.8734 174 126 115
0.003937 0.232283 -0.090551 0.4760 -0.8160 -0.3280 149 107 109
0.003937 0.232283 -0.082677 0.3992 -0.8322 -0.3849 162 116 111
0.003937 0.232283 -0.074803 0.5045 -0.8131 -0.2904 166 102 95
0.003937 0.232283 -0.066929 0.6042 -0.7374 -0.3021 165 108 96
0.003937 0.232283 -0.059055 0.3872 -0.9218 -0.0176 164 117 108
0.003937 0.232283 -0.051181 0.8089 -0.5776 0.1099 164 97 83
0.003937 0.232283 -0.043307 0.7977 -0.6003 0.0584 167 102 84
0.003937 0.232283 -0.035433 0.7900 -0.6107 0.0552 169 102 93
0.003937 0.232283 -0.027559 0.8102 -0.5855 0.0287 168 105 93
0.003937 0.232283 -0.019685 0.8045 -0.5940 -0.0021 173 95 83
0.003937 0.232283 -0.011811 0.8415 0.0657 -0.5363 172 100 86
0.003937 0.232283 -0.003937 0.8882 0.3332 -0.3165 182 110 93
0.003937 0.232283 0.003937 0.9264 0.2932 -0.2363 182 89 70
0.003937 0.232283 0.011811 0.9589 -0.1688 -0.2281 170 86 72
0.003937 0.232283 0.019685 0.6329 -0.7053 0.3193 185 96 83
0.003937 0.232283 0.027559 0.5816 -0.4502 0.6775 185 112 101
0.003937 0.232283 0.035433 0.5595 -0.4113 0.7196 183 130 116
0.003937 0.232283 0.043307 0.3047 -0.3737 0.8761 171 126 113
0.003937 0.240157 -0.066929 0.5412 -0.8261 0.1573 159 101 96
0.003937 0.240157 -0.051181 0.7972 -0.5892 0.1311 175 130 124
0.003937 0.240157 -0.043307 0.7768 -0.6267 0.0618 166 93 87
0.003937 0.240157 -0.035433 0.7816 -0.6187 0.0793 171 114 108
0.003937 0.240157 -0.027559 0.7887 -0.6093 0.0822 164 104 94
0.003937 0.240157 -0.019685 0.6878 -0.5576 -0.4647 151 85 76
0.003937 0.240157 -0.011811 0.7769 0.3038 -0.5515 183 103 90
0.003937 0.240157 -0.003937 0.8888 -0.1019 -0.4467 173 88 93
0.003937 0.240157 0.003937 0.8895 -0.4528 -0.0615 184 85 79
0.003937 0.240157 0.011811 0.3762 -0.9161 0.1386 183 105 90
0.003937 0.240157 0.019685 0.4007 -0.9058 0.1374 181 87 76
0.003937 0.240157 0.027559 0.5853 -0.4415 0.6801 181 106 104
0.003937 0.240157 0.035433 0.5378 -0.4558 0.7092 166 112 103
0.003937 0.248031 -0.043307 0.7700 -0.6347 0.0658 170 107 110
0.003937 0.248031 -0.019685 0.6392 -0.2250 -0.7354 161 99 100
0.003937 0.248031 -0.003937 0.3950 -0.9144 0.0888 145 81 79
0.003937 0.248031 0.003937 0.3985 -0.9171 0.0043 153 100 90
0.003937 0.255906 -0.019685 0.4577 -0.7181 -0.5243 149 111 111
0.011811 -0.200787 0.003937 0.9348 -0.3500 0.0599 101 126 87
0.011811 -0.192913 0.003937 0.9018 -0.3882 0.1897 102 131 87
0.011811 -0.185039 -0.003937 0.8628 -0.3991 0.3102 108 139 95
0.011811 -0.185039 0.003937 0.9440 -0.3283 0.0320 104 135 86
0.011811 -0.177165 -0.011811 0.7650 -0.5668 -0.3058 112 144 98
0.011811 -0.177165 -0.003937 0.7997 -0.3101 0.5142 106 135 90
0.011811 -0.177165 0.003937 0.5750 -0.0997 0.8121 104 134 87
0.011811 -0.169291 -0.011811 0.8056 -0.5707 -0.1592 105 137 95
0.011811 -0.169291 -0.003937 0.3735 -0.1764 0.9107 103 130 87
0.011811 -0.169291 0.003937 -0.4334 0.2210 0.8737 112 139 100
0.011811 -0.161417 0.003937 -0.5072 0.2680 0.8191 112 136 100
0.011811 0.153543 0.066929 0.9454 -0.0820 -0.3154 153 109 81
0.011811 0.161417 -0.011811 0.8268 0.5623 -0.0178 157 102 101
0.011811 0.161417 0.003937 0.6343 0.6796 0.3685 152 109 96
0.011811 0.161417 0.011811 0.4846 0.7694 0.4162 152 121 103
0.011811 0.161417 0.066929 0.6233 0.3455 0.7015 151 106 89
0.011811 0.169291 -0.027559 0.8492 0.1740 -0.4986 166 132 113
0.011811 0.169291 -0.019685 0.9262 0.3622 -0.1047 171 130 112
0.011811 0.169291 -0.011811 0.7177 0.6391 0.2765 173 111 103
0.011811 0.169291 0.027559 0.3579 0.7940 0.4915 170 110 96
0.011811 0.169291 0.043307 0.3871 -0.0043 0.9220 164 91 77
0.011811 0.169291 0.059055 0.6513 0.2480 0.7171 153 108 97
0.011811 0.169291 0.082677 0.4853 -0.1166 -0.8666 165 109 101
0.011811 0.169291 0.090551 0.5077 -0.1632 -0.8459 150 126 109
0.011811 0.177165 -0.035433 0.9194 -0.2472 -0.3059 147 119 102
0.011811 0.177165 -0.027559 0.7983 -0.4284 -0.4233 174 117 89
0.011811 0.177165 -0.019685 0.9013 0.2910 0.3210 170 115 89
0.011811 0.177165 -0.011811 0.9163 0.2038 0.3449 170 115 95
0.011811 0.177165 -0.003937 0.9255 0.2982 0.2337 160 112 97
0.011811 0.177165 0.003937 0.4793 0.7542 0.4489 174 117 98
0.011811 0.177165 0.011811 0.3886 0.7835 0.4849 163 120 101
0.011811 0.177165 0.019685 0.3856 0.7684 0.5107 165 98 83
0.011811 0.177165 0.027559 0.3592 0.7656 0.5336 163 91 74
0.011811 0.177165 0.035433 0.4155 0.6084 0.6762 162 85 72
0.011811 0.177165 0.043307 0.3251 0.3497 0.8787 174 87 76
0.011811 0.177165 0.051181 0.6327 0.3437 0.6939 176 76 64
0.011811 0.177165 0.059055 0.6617 0.2737 0.6981 174 90 87
0.011811 0.177165 0.066929 0.6409 0.3095 0.7025 158 95 98
0.011811 0.177165 0.074803 0.6680 -0.1156 -0.7351 166 86 91
0.011811 0.177165 0.082677 0.4680 -0.0911 -0.8790 191 85 84
0.011811 0.185039 -0.027559 0.9048 0.3761 0.1997 156 118 99
0.011811 0.185039 -0.019685 0.9897 -0.0675 0.1258 153 106 79
0.011811 0.185039 -0.011811 0.9839 0.0769 0.1616 164 129 100
0.011811 0.185039 -0.003937 0.9136 0.3211 0.2495 149 112 93
0.011811 0.185039 0.003937 0.4161 0.7213 0.5537 152 116 88
0.011811 0.185039 0.011811 0.3552 0.7359 0.5765 152 129 93
0.011811 0.185039 0.019685 0.2884 0.7258 0.6245 163 117 90
0.011811 0.185039 0.027559 0.3838 0.6259 0.6789 164 99 73
0.011811 0.185039 0.035433 0.3907 0.5743 0.7194 170 81 68
0.011811 0.185039 0.043307 0.3997 0.6923 0.6008 176 82 87
0.011811 0.185039 0.051181 0.5658 0.3805 0.7315 152 80 81
0.011811 0.185039 0.059055 0.6542 0.3070 0.6912 143 80 74
0.011811 0.185039 0.066929 0.6576 0.2949 0.6932 133 65 65
0.011811 0.185039 0.074803 0.8201 -0.1524 -0.5516 167 73 77
0.011811 0.185039 0.082677 0.4468 -0.1556 -0.8810 171 77 79
0.011811 0.185039 0.090551 0.4860 -0.2049 -0.8496 155 93 92
0.011811 0.192913 -0.011811 0.8779 0.4437 0.1801 164 125 99
0.011811 0.192913 -0.003937 0.6677 0.7312 0.1399 145 102 84
0.011811 0.192913 0.003937 0.5021 0.8396 0.2075 167 128 105
0.011811 0.192913 0.019685 0.4335 0.8666 0.2474 155 118 93
0.011811 0.192913 0.027559 0.4907 0.7438 0.4539 155 113 94
0.011811 0.192913 0.043307 0.4278 0.6968 0.5757 120 85 87
0.011811 0.192913 0.059055 0.6143 0.3601 0.7021 116 72 70
0.011811 0.192913 0.066929 0.6531 0.3283 0.6824 109 52 53
0.011811 0.192913 0.074803 0.8157 -0.0727 -0.5739 109 46 47
0.011811 0.192913 0.082677 0.4767 -0.2273 -0.8492 172 103 103
0.011811 0.200787 -0.027559 0.8411 0.4998 0.2069 157 126 105
0.011811 0.200787 -0.019685 0.8471 0.4834 0.2207 156 128 102
0.011811 0.200787 -0.011811 0.8564 0.4646 0.2252 172 121 107
0.011811 0.200787 -0.003937 0.6394 0.7595 0.1200 168 111 96
0.011811 0.200787 0.003937 0.6441 0.7477 0.1615 161 118 99
0.011811 0.200787 0.011811 0.6189 0.7644 0.1805 157 114 95
0.011811 0.200787 0.019685 0.5108 0.8163 0.2696 161 120 98
0.011811 0.200787 0.027559 0.5441 0.7127 0.4428 155 117 97
0.011811 0.200787 0.035433 0.4345 0.7521 0.4955 157 107 87
0.011811 0.200787 0.043307 0.3526 0.7710 0.5303 131 87 77
0.011811 0.200787 0.051181 0.4794 0.4852 0.7313 117 83 82
0.011811 0.200787 0.059055 0.5694 0.3911 0.7230 119 81 78
0.011811 0.200787 0.066929 0.6281 0.3547 0.6926 116 58 58
0.011811 0.200787 0.074803 0.8412 0.4941 -0.2196 129 65 66
0.011811 0.200787 0.082677 0.4873 -0.2169 -0.8459 168 86 91
0.011811 0.200787 0.090551 0.6196 -0.0337 -0.7842 174 104 104
0.011811 0.208661 -0.035433 0.2871 0.9576 -0.0234 147 114 97
0.011811 0.208661 -0.027559 0.8144 0.5214 0.2547 153 117 102
0.011811 0.208661 -0.019685 0.8380 0.4988 0.2213 171 119 97
0.011811 0.208661 -0.011811 0.8705 0.4294 0.2405 178 111 85
0.011811 0.208661 -0.003937 0.6328 0.7682 0.0972 174 132 98
0.011811 0.208661 0.011811 0.6326 0.7558 0.1692 164 122 99
0.011811 0.208661 0.019685 0.6223 0.6661 0.4112 163 130 108
0.011811 0.208661 0.027559 0.6427 0.6346 0.4292 152 118 95
0.011811 0.208661 0.035433 0.5927 0.6651 0.4542 164 97 88
0.011811 0.208661 0.043307 0.4892 0.7221 0.4892 159 106 96
0.011811 0.208661 0.051181 0.3965 0.4368 0.8074 138 95 90
0.011811 0.208661 0.059055 0.5347 0.4073 0.7404 148 99 93
0.011811 0.208661 0.066929 0.5794 0.3456 0.7382 149 82 80
0.011811 0.208661 0.074803 0.6265 0.5592 0.5429 159 80 80
0.011811 0.208661 0.082677 0.5720 -0.1156 -0.8121 176 103 103
0.011811 0.208661 0.090551 0.6190 0.0203 -0.7851 176 98 98
0.011811 0.216535 -0.043307 -0.2210 0.9288 -0.2974 144 130 107
0.011811 0.216535 -0.027559 0.8684 0.4141 0.2728 171 118 103
0.011811 0.216535 -0.019685 0.8867 0.4068 0.2200 183 99 90
0.011811 0.216535 -0.011811 0.8621 0.4618 0.2087 187 115 101
0.011811 0.216535 -0.003937 0.6455 0.7610 0.0647 169 122 103
0.011811 0.216535 0.003937 0.6514 0.7475 0.1297 174 120 93
0.011811 0.216535 0.011811 0.6251 0.7616 0.1711 169 130 105
0.011811 0.216535 0.027559 0.6384 0.6196 0.4566 177 109 97
0.011811 0.216535 0.035433 0.6169 0.6208 0.4837 159 111 90
0.011811 0.216535 0.043307 0.6117 0.6291 0.4797 183 117 100
0.011811 0.216535 0.051181 0.5335 0.3512 0.7695 166 122 107
0.011811 0.216535 0.059055 0.5717 -0.2020 0.7952 167 116 103
0.011811 0.216535 0.066929 0.5531 -0.1056 0.8264 162 111 101
0.011811 0.216535 0.074803 0.4242 -0.6526 0.6279 161 109 98
0.011811 0.224409 -0.090551 0.4401 -0.8059 -0.3959 161 108 105
0.011811 0.224409 -0.082677 0.4384 -0.7999 -0.4098 151 112 110
0.011811 0.224409 -0.074803 0.4897 -0.7889 -0.3714 171 127 121
0.011811 0.224409 -0.043307 0.8355 -0.5484 0.0359 169 128 115
0.011811 0.224409 -0.035433 0.8561 -0.5143 0.0508 162 119 107
0.011811 0.224409 -0.027559 0.8940 -0.4479 0.0111 178 103 91
0.011811 0.224409 -0.019685 0.8618 -0.5064 -0.0293 189 107 98
0.011811 0.224409 -0.011811 0.8894 -0.2343 -0.3926 166 94 83
0.011811 0.224409 -0.003937 0.8814 0.3568 -0.3095 169 125 106
0.011811 0.224409 0.003937 0.8388 0.5417 -0.0550 174 103 87
0.011811 0.224409 0.011811 0.8511 0.5240 -0.0328 178 128 107
0.011811 0.224409 0.019685 0.7916 0.6065 0.0738 176 90 75
0.011811 0.224409 0.027559 0.7649 0.4042 0.5015 181 96 86
0.011811 0.224409 0.035433 0.7560 0.4634 0.4624 174 119 101
0.011811 0.224409 0.043307 0.7824 0.4584 0.4215 165 119 113
0.011811 0.224409 0.051181 0.5039 0.0311 0.8632 173 127 120
0.011811 0.224409 0.059055 0.6621 -0.3125 0.6811 171 135 127
0.011811 0.232283 -0.090551 0.4337 -0.8282 -0.3550 161 108 102
0.011811 0.232283 -0.082677 0.5363 -0.7919 -0.2919 151 108 89
0.011811 0.232283 -0.059055 0.2964 -0.9474 -0.1208 163 133 117
0.011811 0.232283 -0.051181 0.8359 -0.5466 0.0508 164 112 97
0.011811 0.232283 -0.043307 0.8214 -0.5698 0.0241 168 90 78
0.011811 0.232283 -0.035433 0.8367 -0.5464 0.0381 176 93 74
0.011811 0.232283 -0.027559 0.8346 -0.5507 0.0127 168 100 94
0.011811 0.232283 -0.019685 0.7868 -0.6017 -0.1373 175 100 87
0.011811 0.232283 -0.011811 0.7342 0.3053 -0.6064 189 111 99
0.011811 0.232283 -0.003937 0.8872 0.3207 -0.3319 173 92 82
0.011811 0.232283 0.003937 0.8991 0.3580 -0.2518 182 93 79
0.011811 0.232283 0.011811 0.8692 0.4134 -0.2713 174 97 75
0.011811 0.232283 0.019685 0.9174 0.3736 -0.1369 169 89 75
0.011811 0.232283 0.027559 0.7631 0.3284 0.5567 178 99 82
0.011811 0.232283 0.035433 0.6105 -0.1634 0.7750 170 121 109
0.011811 0.232283 0.043307 0.4872 -0.2405 0.8395 166 120 109
0.011811 0.240157 -0.074803 0.5273 -0.7942 -0.3020 158 119 110
0.011811 0.240157 -0.066929 0.3763 -0.9254 -0.0458 161 119 116
0.011811 0.240157 -0.059055 0.2542 -0.9585 -0.1293 151 99 88
0.011811 0.240157 -0.051181 0.7966 -0.5979 0.0888 180 118 106
0.011811 0.240157 -0.043307 0.8038 -0.5942 0.0287 170 96 81
0.011811 0.240157 -0.035433 0.7939 -0.6052 0.0587 167 119 111
0.011811 0.240157 -0.019685 0.6450 -0.3398 -0.6844 174 108 100
0.011811 0.240157 -0.011811 0.8074 0.3208 -0.4951 188 103 102
0.011811 0.240157 -0.003937 0.9195 0.2334 -0.3164 175 87 79
0.011811 0.240157 0.003937 0.8955 0.3298 -0.2988 178 90 72
0.011811 0.240157 0.011811 0.9273 0.2976 -0.2268 188 123 101
0.011811 0.240157 0.019685 0.9530 -0.2476 -0.1745 180 84 67
0.011811 0.240157 0.027559 0.6287 -0.2201 0.7459 172 100 91
0.011811 0.248031 -0.019685 0.6257 -0.0765 -0.7763 163 100 96
0.011811 0.248031 -0.011811 0.8665 0.2898 -0.4064 160 86 82
0.011811 0.248031 0.003937 0.9431 0.0954 -0.3186 161 98 92
0.011811 0.255906 -0.019685 0.6016 0.0020 -0.7988 149 123 124
0.019685 -0.224409 -0.003937 0.9375 -0.3470 -0.0281 105 131 90
0.019685 -0.224409 0.003937 0.9484 -0.3075 0.0775 100 125 86
0.019685 -0.216535 -0.003937 0.9547 -0.2968 0.0215 108 137 93
0.019685 -0.216535 0.003937 0.9436 -0.3306 0.0200 104 132 89
0.019685 -0.208661 -0.003937 0.9351 -0.3131 0.1659 107 137 92
0.019685 -0.208661 0.003937 0.9673 -0.2274 -0.1122 103 133 87
0.019685 -0.200787 -0.011811 0.8319 -0.5408 -0.1247 114 144 103
0.019685 -0.200787 -0.003937 0.8597 -0.2980 0.4149 105 135 89
0.019685 -0.200787 0.003937 0.9580 -0.2826 -0.0478 103 132 86
0.019685 -0.192913 -0.003937 0.6267 -0.1507 0.7646 104 133 88
0.019685 -0.185039 -0.003937 -0.6848 0.2958 0.6660 106 132 88
0.019685 -0.177165 -0.003937 -0.7492 0.2782 0.6011 114 134 101
0.019685 0.153543 0.066929 0.9493 -0.1136 -0.2933 151 112 92
0.019685 0.153543 0.074803 0.5369 -0.1455 -0.8310 157 131 112
0.019685 0.161417 0.066929 0.6313 0.2912 0.7188 150 105 95
0.019685 0.161417 0.082677 0.5058 -0.1342 -0.8522 147 119 96
0.019685 0.169291 -0.027559 0.7579 -0.2332 -0.6093 176 87 82
0.019685 0.169291 0.019685 0.5674 0.7065 0.4230 138 122 113
0.019685 0.169291 0.027559 0.3962 0.7764 0.4901 155 123 103
0.019685 0.169291 0.043307 0.4800 0.0857 0.8731 170 93 76
0.019685 0.169291 0.082677 0.5057 -0.1032 -0.8565 147 117 100
0.019685 0.169291 0.090551 0.5565 -0.1926 -0.8082 134 115 103
0.019685 0.177165 -0.035433 0.9238 -0.2833 -0.2574 171 137 113
0.019685 0.177165 -0.027559 0.8964 -0.4073 -0.1749 171 123 106
0.019685 0.177165 -0.019685 0.9243 0.2436 0.2939 178 122 108
0.019685 0.177165 -0.011811 0.9554 -0.1482 0.2555 174 105 86
0.019685 0.177165 -0.003937 0.9411 0.2369 0.2411 167 91 77
0.019685 0.177165 0.003937 0.8872 0.3704 0.2752 182 98 81
0.019685 0.177165 0.011811 0.8460 0.4238 0.3234 170 111 89
0.019685 0.177165 0.027559 0.3527 0.7742 0.5256 161 106 94
0.019685 0.177165 0.035433 0.4771 0.5621 0.6756 175 109 99
0.019685 0.177165 0.043307 0.4525 0.0823 0.8880 163 73 71
0.019685 0.177165 0.051181 0.5295 0.4284 0.7322 171 81 77
0.019685 0.177165 0.059055 0.6151 0.3441 0.7094 174 69 68
0.019685 0.177165 0.066929 0.6670 0.3092 0.6779 166 97 92
0.019685 0.177165 0.074803 0.7445 -0.0943 -0.6610 154 115 98
0.019685 0.177165 0.082677 0.4817 -0.0970 -0.8710 161 108 94
0.019685 0.177165 0.090551 0.5454 -0.1654 -0.8217 161 105 100
0.019685 0.185039 -0.027559 0.9602 -0.2368 0.1480 157 118 99
0.019685 0.185039 -0.019685 0.9378 -0.2957 0.1821 170 106 102
0.019685 0.185039 -0.011811 0.9278 -0.2843 0.2416 171 116 105
0.019685 0.185039 -0.003937 0.8834 0.2806 0.3752 146 108 85
0.019685 0.185039 0.003937 0.8519 0.3907 0.3487 158 111 87
0.019685 0.185039 0.011811 0.8648 0.3788 0.3297 165 125 93
0.019685 0.185039 0.019685 0.4329 0.7000 0.5680 159 106 73
0.019685 0.185039 0.027559 0.4451 0.6073 0.6581 168 99 82
0.019685 0.185039 0.035433 0.4473 0.5841 0.6773 166 90 79
0.019685 0.185039 0.043307 0.6072 0.4394 0.6621 161 88 85
0.019685 0.185039 0.051181 0.6437 0.4352 0.6295 157 101 93
0.019685 0.185039 0.066929 0.6398 0.3748 0.6710 141 69 64
0.019685 0.185039 0.074803 0.8304 -0.1282 -0.5422 150 75 73
0.019685 0.185039 0.082677 0.4818 -0.1804 -0.8575 169 81 79
0.019685 0.192913 -0.019685 0.8859 0.4319 0.1692 184 120 114
0.019685 0.192913 -0.011811 0.8709 0.4476 0.2028 185 121 113
0.019685 0.192913 -0.003937 0.6672 0.7377 0.1031 151 112 90
0.019685 0.192913 0.003937 0.5346 0.8243 0.1865 151 133 108
0.019685 0.192913 0.019685 0.4135 0.8647 0.2851 148 109 82
0.019685 0.192913 0.027559 0.5053 0.6999 0.5047 141 104 86
0.019685 0.192913 0.043307 0.5392 0.4992 0.6783 151 103 102
0.019685 0.192913 0.059055 0.4796 0.5685 0.6684 133 78 78
0.019685 0.192913 0.066929 0.5973 0.3864 0.7028 124 62 63
0.019685 0.192913 0.074803 0.8223 -0.1109 -0.5582 123 63 62
0.019685 0.192913 0.082677 0.4969 -0.1827 -0.8483 157 104 100
0.019685 0.200787 -0.027559 0.8667 0.4627 0.1865 169 124 105
0.019685 0.200787 -0.019685 0.8563 0.4644 0.2259 159 114 100
0.019685 0.200787 -0.011811 0.8687 0.4422 0.2231 167 103 95
0.019685 0.200787 -0.003937 0.6432 0.7563 0.1195 160 106 90
0.019685 0.200787 0.003937 0.6495 0.7426 0.1632 168 128 108
0.019685 0.200787 0.011811 0.6524 0.7391 0.1674 170 126 106
0.019685 0.200787 0.019685 0.5822 0.7372 0.3429 159 108 89
0.019685 0.200787 0.027559 0.5056 0.7329 0.4552 137 101 76
0.019685 0.200787 0.035433 0.4533 0.7411 0.4953 148 103 80
0.019685 0.200787 0.043307 0.3876 0.7554 0.5283 141 102 86
0.019685 0.200787 0.051181 0.6007 0.6590 0.4526 127 80 78
0.019685 0.200787 0.066929 0.5156 0.4540 0.7267 113 57 54
0.019685 0.200787 0.074803 0.6361 0.6327 0.4416 123 63 63
0.019685 0.200787 0.082677 0.6272 0.0476 -0.7774 149 97 102
0.019685 0.200787 0.090551 0.6174 0.0896 -0.7815 154 115 116
0.019685 0.208661 -0.059055 -0.1609 -0.6204 -0.7676 156 116 102
0.019685 0.208661 -0.043307 0.8727 0.4211 0.2471 144 118 101
0.019685 0.208661 -0.035433 0.8583 0.4785 0.1856 148 119 100
0.019685 0.208661 -0.019685 0.8544 0.4672 0.2273 180 114 100
0.019685 0.208661 -0.011811 0.8665 0.4388 0.2378 175 106 98
0.019685 0.208661 -0.003937 0.6323 0.7691 0.0932 174 110 95
0.019685 0.208661 0.003937 0.6364 0.7594 0.1349 182 103 97
0.019685 0.208661 0.011811 0.6415 0.7497 0.1625 174 109 78
0.019685 0.208661 0.019685 0.6228 0.6619 0.4171 165 129 107
0.019685 0.208661 0.027559 0.6382 0.6375 0.4317 156 108 89
0.019685 0.208661 0.035433 0.5993 0.6459 0.4729 141 97 86
0.019685 0.208661 0.043307 0.4915 0.7371 0.4638 136 89 75
0.019685 0.208661 0.051181 0.5348 0.6321 0.5608 152 103 92
0.019685 0.208661 0.059055 0.5290 0.6470 0.5491 149 90 86
0.019685 0.208661 0.066929 0.4809 0.4583 0.7475 133 71 71
0.019685 0.208661 0.074803 0.5054 0.6715 0.5419 142 78 81
0.019685 0.208661 0.090551 0.6364 0.0752 -0.7677 165 78 79
0.019685 0.208661 0.098425 0.6101 0.2046 -0.7654 182 111 114
0.019685 0.216535 -0.059055 -0.3012 -0.8128 -0.4986 153 102 86
0.019685 0.216535 -0.051181 0.1261 -0.9521 0.2787 158 117 96
0.019685 0.216535 -0.035433 0.8593 0.4508 0.2417 160 123 110
0.019685 0.216535 -0.027559 0.8657 0.4347 0.2483 165 111 96
0.019685 0.216535 -0.019685 0.8564 0.4620 0.2307 175 94 96
0.019685 0.216535 -0.011811 0.8566 0.4937 0.1499 188 100 102
0.019685 0.216535 -0.003937 0.6286 0.7739 0.0769 183 92 77
0.019685 0.216535 0.003937 0.6306 0.7642 0.1357 168 113 92
0.019685 0.216535 0.011811 0.6387 0.7564 0.1412 170 128 102
0.019685 0.216535 0.019685 0.6296 0.7265 0.2752 159 114 97
0.019685 0.216535 0.027559 0.6431 0.6167 0.4540 175 123 113
0.019685 0.216535 0.035433 0.6291 0.6161 0.4740 157 101 82
0.019685 0.216535 0.043307 0.6149 0.6267 0.4786 156 92 77
0.019685 0.216535 0.051181 0.5508 0.6626 0.5075 151 107 89
0.019685 0.216535 0.059055 0.8372 0.4408 0.3239 172 104 91
0.019685 0.216535 0.066929 0.5354 0.2430 0.8089 171 104 94
0.019685 0.216535 0.098425 0.5779 0.2190 -0.7862 172 118 113
0.019685 0.224409 -0.098425 0.3173 -0.8559 -0.4084 168 129 125
0.019685 0.224409 -0.090551 0.3985 -0.7843 -0.4754 162 121 114
0.019685 0.224409 -0.082677 0.5716 -0.6907 -0.4430 156 113 104
0.019685 0.224409 -0.074803 0.4821 -0.7481 -0.4561 152 107 100
0.019685 0.224409 -0.066929 0.5148 -0.7102 -0.4802 144 124 108
0.019685 0.224409 -0.059055 0.3002 -0.9476 -0.1097 146 100 84
0.019685 0.224409 -0.051181 0.6913 -0.7225 0.0069 166 105 87
0.019685 0.224409 -0.043307 0.9899 -0.0655 0.1256 164 103 90
0.019685 0.224409 -0.035433 0.9559 0.2786 0.0933 170 117 110
0.019685 0.224409 -0.027559 0.9886 0.1125 0.1004 177 113 103
0.019685 0.224409 -0.019685 0.9318 0.3513 0.0909 169 105 97
0.019685 0.224409 -0.011811 0.7793 0.6256 -0.0368 185 98 90
0.019685 0.224409 -0.003937 0.6572 0.7504 0.0708 168 90 75
0.019685 0.224409 0.003937 0.6349 0.7662 0.0998 180 97 90
0.019685 0.224409 0.011811 0.6374 0.7583 0.1365 168 104 89
0.019685 0.224409 0.019685 0.6373 0.7521 0.1677 185 108 87
0.019685 0.224409 0.027559 0.6339 0.6194 0.4631 173 112 95
0.019685 0.224409 0.035433 0.6331 0.6102 0.4764 161 110 95
0.019685 0.224409 0.043307 0.6144 0.6094 0.5011 156 110 94
0.019685 0.224409 0.051181 0.5749 0.6458 0.5024 164 118 104
0.019685 0.224409 0.059055 0.8667 0.2372 0.4388 166 119 109
0.019685 0.232283 -0.082677 0.4526 -0.7881 -0.4171 149 114 104
0.019685 0.232283 -0.066929 0.4178 -0.7874 -0.4533 158 129 115
0.019685 0.232283 -0.059055 0.2966 -0.9448 -0.1390 166 126 113
0.019685 0.232283 -0.051181 0.8292 -0.5563 0.0548 162 114 98
0.019685 0.232283 -0.043307 0.8125 -0.5830 -0.0055 179 104 95
0.019685 0.232283 -0.035433 0.8105 -0.5857 0.0009 177 89 82
0.019685 0.232283 -0.027559 0.8194 -0.5728 -0.0209 169 90 85
0.019685 0.232283 -0.019685 0.7900 -0.5786 -0.2026 189 104 91
0.019685 0.232283 -0.011811 0.7006 0.3999 -0.5910 178 109 95
0.019685 0.232283 -0.003937 0.8747 0.3924 -0.2846 186 92 87
0.019685 0.232283 0.003937 0.8790 0.3803 -0.2877 181 78 76
0.019685 0.232283 0.011811 0.9097 0.3634 -0.2009 160 105 94
0.019685 0.232283 0.019685 0.8620 0.4713 -0.1867 179 107 87
0.019685 0.232283 0.027559 0.7653 0.4664 0.4437 174 106 89
0.019685 0.232283 0.035433 0.7202 0.5237 0.4550 163 121 104
0.019685 0.240157 -0.082677 0.4324 -0.7942 -0.4269 151 116 106
0.019685 0.240157 -0.074803 0.3908 -0.8202 -0.4177 148 110 99
0.019685 0.240157 -0.066929 0.2872 -0.9518 -0.1074 156 111 92
0.019685 0.240157 -0.043307 0.8097 -0.5866 -0.0172 164 91 80
0.019685 0.240157 -0.035433 0.8040 -0.5943 0.0213 168 125 117
0.019685 0.240157 -0.027559 0.8169 -0.5763 -0.0257 172 123 113
0.019685 0.240157 -0.019685 0.6345 -0.1439 -0.7594 168 101 88
0.019685 0.240157 -0.011811 0.8254 0.3238 -0.4624 171 100 90
0.019685 0.240157 -0.003937 0.8963 0.2619 -0.3579 166 97 84
0.019685 0.240157 0.003937 0.8605 0.3763 -0.3433 173 108 92
0.019685 0.240157 0.011811 0.8911 0.3562 -0.2813 181 113 97
0.019685 0.240157 0.019685 0.8869 0.4274 -0.1752 162 91 70
0.019685 0.248031 -0.051181 0.7689 -0.6382 0.0394 161 106 101
0.019685 0.248031 -0.043307 0.7807 -0.6242 0.0283 166 126 121
0.019685 0.248031 -0.019685 0.6186 -0.0196 -0.7855 163 94 91
0.019685 0.248031 -0.011811 0.8620 0.2654 -0.4318 165 92 88
0.019685 0.248031 -0.003937 0.8938 0.2828 -0.3480 174 80 66
0.019685 0.248031 0.003937 0.9005 0.3559 -0.2497 176 104 102
0.019685 0.248031 0.011811 0.8907 0.3924 -0.2295 155 105 106
0.027559 -0.255906 -0.003937 0.9228 -0.3732 -0.0958 92 118 80
0.027559 -0.248031 -0.003937 0.9371 -0.3490 -0.0082 106 134 90
0.027559 -0.248031 0.003937 0.9582 -0.2836 0.0384 92 118 82
0.027559 -0.240157 -0.011811 0.8778 -0.4771 -0.0435 109 138 97
0.027559 -0.240157 -0.003937 0.9205 -0.3885 -0.0425 109 137 95
0.027559 -0.240157 0.003937 0.9608 -0.2732 0.0481 93 123 81
0.027559 -0.232283 -0.011811 0.8241 -0.4918 0.2811 108 140 94
0.027559 -0.232283 -0.003937 0.9282 -0.3636 -0.0786 106 138 97
0.027559 -0.232283 0.003937 0.9597 -0.2806 0.0142 100 130 87
0.027559 -0.224409 -0.011811 0.8257 -0.5398 0.1636 114 145 101
0.027559 -0.224409 -0.003937 0.9693 -0.2317 0.0818 105 134 93
0.027559 -0.224409 0.003937 0.9462 -0.0173 -0.3231 100 130 85
0.027559 -0.216535 -0.003937 0.9711 0.0645 0.2298 103 131 90
0.027559 -0.216535 0.003937 0.9405 0.3398 0.0084 100 130 86
0.027559 -0.208661 -0.003937 -0.5658 0.5900 0.5760 106 129 93
0.027559 0.169291 -0.027559 0.7144 -0.5183 -0.4701 176 103 95
0.027559 0.169291 -0.019685 0.9976 0.0570 0.0401 156 109 102
0.027559 0.169291 0.051181 0.7203 0.3947 0.5705 179 93 72
0.027559 0.169291 0.059055 0.4866 -0.1262 0.8645 185 99 90
0.027559 0.169291 0.074803 0.8800 -0.1027 -0.4638 156 111 112
0.027559 0.169291 0.082677 0.5195 -0.1213 -0.8458 145 111 99
0.027559 0.169291 0.090551 0.5658 -0.1474 -0.8112 141 129 113
0.027559 0.177165 -0.035433 0.8093 -0.4527 -0.3743 169 109 98
0.027559 0.177165 -0.027559 0.9729 -0.1949 0.1245 176 92 81
0.027559 0.177165 -0.019685 0.9466 -0.2588 0.1920 192 91 80
0.027559 0.177165 -0.011811 0.9369 -0.2043 0.2835 168 93 75
0.027559 0.177165 -0.003937 0.9191 0.2553 0.3001 143 86 67
0.027559 0.177165 0.003937 0.8880 0.3673 0.2765 158 101 89
0.027559 0.177165 0.043307 0.6361 0.2033 0.7444 177 109 108
0.027559 0.177165 0.051181 0.6608 0.3635 0.6567 187 114 107
0.027559 0.177165 0.059055 0.6630 0.4120 0.6251 179 93 75
0.027559 0.177165 0.066929 0.5981 0.1966 0.7769 170 110 91
0.027559 0.177165 0.074803 0.9406 0.0031 -0.3395 167 104 94
0.027559 0.177165 0.090551 0.6378 0.0668 -0.7673 142 104 94
0.027559 0.185039 -0.019685 0.8986 -0.3650 0.2435 176 123 108
0.027559 0.185039 -0.011811 0.8966 -0.3650 0.2506 170 101 88
0.027559 0.185039 -0.003937 0.9400 0.2418 0.2406 148 83 72
0.027559 0.185039 0.003937 0.8524 0.3974 0.3397 170 107 85
0.027559 0.185039 0.011811 0.8737 0.3894 0.2914 167 114 91
0.027559 0.185039 0.019685 0.8587 0.3552 0.3693 164 112 92
0.027559 0.185039 0.027559 0.7366 0.3984 0.5465 150 95 80
0.027559 0.185039 0.035433 0.5222 0.5637 0.6400 158 104 99
0.027559 0.185039 0.043307 0.6287 0.3885 0.6736 152 107 108
0.027559 0.185039 0.051181 0.6664 0.3619 0.6518 156 96 89
0.027559 0.185039 0.066929 0.6585 0.4471 0.6053 161 89 79
0.027559 0.185039 0.074803 0.8556 0.0474 -0.5154 141 49 47
0.027559 0.185039 0.082677 0.6200 0.0329 -0.7839 164 99 93
0.027559 0.192913 -0.019685 0.8707 0.4507 0.1970 160 115 98
0.027559 0.192913 -0.011811 0.8715 0.4193 0.2544 190 110 101
0.027559 0.192913 -0.003937 0.6610 0.7378 0.1365 165 81 75
0.027559 0.192913 0.003937 0.5997 0.7713 0.2129 157 107 93
0.027559 0.192913 0.011811 0.8206 0.5221 0.2323 159 120 104
0.027559 0.192913 0.019685 0.5426 0.7767 0.3198 143 109 91
0.027559 0.192913 0.027559 0.7604 0.3938 0.5165 143 125 105
0.027559 0.192913 0.035433 0.4780 0.5199 0.7080 147 118 101
0.027559 0.192913 0.043307 0.4397 0.5883 0.6787 146 111 104
0.027559 0.192913 0.051181 0.6376 0.3529 0.6848 153 97 91
0.027559 0.192913 0.059055 0.6471 0.3989 0.6498 153 66 67
0.027559 0.192913 0.066929 0.5833 0.4869 0.6502 151 70 73
0.027559 0.192913 0.074803 0.7830 0.4324 -0.4472 133 76 82
0.027559 0.200787 -0.066929 -0.2199 0.1013 -0.9702 161 126 111
0.027559 0.200787 -0.027559 0.8569 0.4682 0.2156 181 110 103
0.027559 0.200787 -0.011811 0.8648 0.4348 0.2510 172 90 84
0.027559 0.200787 -0.003937 0.6434 0.7566 0.1166 176 109 95
0.027559 0.200787 0.011811 0.6518 0.7451 0.1416 156 113 90
0.027559 0.200787 0.019685 0.5880 0.7081 0.3910 139 111 96
0.027559 0.200787 0.027559 0.5867 0.6740 0.4490 142 115 97
0.027559 0.200787 0.035433 0.4825 0.7324 0.4804 145 100 79
0.027559 0.200787 0.043307 0.4353 0.7501 0.4979 143 99 75
0.027559 0.200787 0.059055 0.6653 0.6273 0.4048 179 121 109
0.027559 0.200787 0.066929 0.5450 0.7364 0.4008 145 79 78
0.027559 0.200787 0.082677 0.5555 0.2193 -0.8021 119 94 93
0.027559 0.208661 -0.074803 -0.2767 -0.0713 -0.9583 152 121 106
0.027559 0.208661 -0.066929 -0.2064 0.0558 -0.9769 159 106 91
0.027559 0.208661 -0.059055 0.8865 -0.4609 -0.0407 153 101 86
0.027559 0.208661 -0.051181 0.7803 -0.5963 0.1886 148 105 84
0.027559 0.208661 -0.043307 0.8544 0.4454 0.2674 157 117 96
0.027559 0.208661 -0.035433 0.8612 0.4650 0.2053 160 112 97
0.027559 0.208661 -0.019685 0.8498 0.4664 0.2455 185 115 108
0.027559 0.208661 -0.011811 0.8627 0.4465 0.2376 188 116 111
0.027559 0.208661 -0.003937 0.6375 0.7644 0.0966 177 124 111
0.027559 0.208661 0.003937 0.6364 0.7552 0.1569 177 110 99
0.027559 0.208661 0.011811 0.6388 0.7488 0.1765 177 115 92
0.027559 0.208661 0.027559 0.6428 0.6232 0.4455 147 89 78
0.027559 0.208661 0.035433 0.6196 0.6433 0.4497 137 83 68
0.027559 0.208661 0.043307 0.5446 0.6953 0.4690 155 103 77
0.027559 0.208661 0.051181 0.5277 0.6237 0.5767 165 114 96
0.027559 0.208661 0.059055 0.6080 0.6422 0.4668 169 102 91
0.027559 0.208661 0.066929 0.5284 0.7014 0.4784 154 85 83
0.027559 0.208661 0.074803 0.1407 0.9704 0.1961 134 94 90
0.027559 0.208661 0.090551 0.6585 0.1009 -0.7458 136 100 100
0.027559 0.216535 -0.090551 -0.3061 -0.1468 -0.9406 153 131 127
0.027559 0.216535 -0.066929 -0.2106 -0.0524 -0.9762 152 114 97
0.027559 0.216535 -0.059055 0.7947 -0.5891 0.1465 159 97 87
0.027559 0.216535 -0.051181 0.8150 -0.4479 0.3676 169 118 106
0.027559 0.216535 -0.043307 0.8685 0.4394 0.2295 150 116 96
0.027559 0.216535 -0.027559 0.8611 0.4494 0.2378 178 97 88
0.027559 0.216535 -0.019685 0.8538 0.4659 0.2322 170 97 93
0.027559 0.216535 -0.011811 0.8342 0.5459 0.0776 177 102 92
0.027559 0.216535 -0.003937 0.6248 0.7766 0.0805 171 98 90
0.027559 0.216535 0.003937 0.6351 0.7617 0.1285 183 97 91
0.027559 0.216535 0.011811 0.6377 0.7537 0.1593 183 102 88
0.027559 0.216535 0.019685 0.6323 0.7393 0.2315 172 98 82
0.027559 0.216535 0.027559 0.6439 0.6119 0.4593 163 103 85
0.027559 0.216535 0.035433 0.6329 0.6107 0.4759 152 110 90
0.027559 0.216535 0.043307 0.6185 0.6240 0.4776 169 120 105
0.027559 0.216535 0.051181 0.5644 0.6529 0.5052 158 103 91
0.027559 0.216535 0.059055 0.7156 0.5614 0.4157 166 105 96
0.027559 0.216535 0.066929 0.6391 0.6355 0.4331 185 115 100
0.027559 0.216535 0.074803 0.3472 0.9147 0.2070 164 87 84
0.027559 0.224409 -0.066929 -0.2105 -0.0507 -0.9763 149 119 93
0.027559 0.224409 -0.059055 0.7572 -0.6452 0.1017 158 101 85
0.027559 0.224409 -0.051181 0.9411 0.0828 0.3280 159 88 72
0.027559 0.224409 -0.043307 0.8599 0.4389 0.2605 172 91 74
0.027559 0.224409 -0.035433 0.8586 0.4231 0.2894 179 94 81
0.027559 0.224409 -0.027559 0.8656 0.4252 0.2646 186 97 95
0.027559 0.224409 -0.019685 0.8727 0.4210 0.2474 161 100 89
0.027559 0.224409 -0.011811 0.6845 0.7290 0.0066 164 101 90
0.027559 0.224409 -0.003937 0.6300 0.7707 0.0958 165 95 96
0.027559 0.224409 0.003937 0.6414 0.7546 0.1383 191 84 75
0.027559 0.224409 0.011811 0.6278 0.7623 0.1576 181 102 87
0.027559 0.224409 0.019685 0.6081 0.7698 0.1941 184 115 104
0.027559 0.224409 0.027559 0.6372 0.6213 0.4561 162 90 74
0.027559 0.224409 0.035433 0.6228 0.6193 0.4781 159 125 106
0.027559 0.224409 0.043307 0.6149 0.6183 0.4896 164 122 104
0.027559 0.224409 0.051181 0.5898 0.6280 0.5077 172 120 103
0.027559 0.224409 0.059055 0.7353 0.4600 0.4977 167 118 106
0.027559 0.232283 -0.082677 0.4205 -0.8080 -0.4126 137 118 106
0.027559 0.232283 -0.074803 0.4647 -0.7651 -0.4457 153 115 100
0.027559 0.232283 -0.066929 0.4118 -0.8891 -0.2000 162 123 106
0.027559 0.232283 -0.059055 0.3365 -0.9335 -0.1242 148 118 103
0.027559 0.232283 -0.051181 0.8747 -0.4833 0.0367 175 135 131
0.027559 0.232283 -0.043307 0.9395 -0.3360 0.0671 172 95 89
0.027559 0.232283 -0.035433 0.9904 -0.0648 0.1222 186 109 104
0.027559 0.232283 -0.027559 0.9915 0.0905 0.0936 170 94 87
0.027559 0.232283 -0.019685 0.9415 -0.0382 -0.3349 171 102 96
0.027559 0.232283 -0.011811 0.6931 0.6934 -0.1969 174 105 102
0.027559 0.232283 -0.003937 0.8090 0.5774 -0.1099 178 89 92
0.027559 0.232283 0.003937 0.6690 0.7374 0.0927 196 94 88
0.027559 0.232283 0.011811 0.6699 0.7311 0.1291 186 101 91
0.027559 0.232283 0.019685 0.6436 0.7557 0.1212 175 106 99
0.027559 0.232283 0.027559 0.6512 0.6117 0.4493 163 111 105
0.027559 0.232283 0.043307 0.6284 0.5975 0.4982 151 117 100
0.027559 0.240157 -0.066929 0.2929 -0.9476 -0.1276 153 100 91
0.027559 0.240157 -0.051181 0.8178 -0.5741 0.0397 161 93 88
0.027559 0.240157 -0.043307 0.8026 -0.5966 0.0040 171 98 87
0.027559 0.240157 -0.035433 0.8063 -0.5884 0.0604 151 118 107
0.027559 0.240157 -0.019685 0.6159 -0.1134 -0.7796 178 100 92
0.027559 0.240157 -0.011811 0.8138 0.3255 -0.4815 181 103 95
0.027559 0.240157 -0.003937 0.8826 0.2629 -0.3897 177 95 82
0.027559 0.240157 0.003937 0.8501 0.3694 -0.3753 185 109 92
0.027559 0.240157 0.011811 0.8567 0.4412 -0.2672 169 121 110
0.027559 0.248031 -0.059055 0.7193 -0.6715 -0.1777 161 118 107
0.027559 0.248031 -0.019685 0.5943 0.0523 -0.8025 165 96 92
0.027559 0.248031 -0.011811 0.8515 0.3037 -0.4274 172 86 73
0.027559 0.248031 -0.003937 0.8611 0.3550 -0.3639 172 94 82
0.027559 0.248031 0.003937 0.8781 0.3919 -0.2746 152 110 105
0.035433 -0.279528 -0.003937 0.9386 -0.3436 -0.0325 91 116 82
0.035433 -0.279528 0.003937 0.9856 -0.0935 0.1408 88 114 78
0.035433 -0.271654 -0.003937 0.9363 -0.3512 -0.0039 106 134 91
0.035433 -0.271654 0.003937 0.9798 -0.1636 0.1152 89 118 77
0.035433 -0.263780 -0.003937 0.9367 -0.3492 -0.0239 106 136 90
0.035433 -0.263780 0.003937 0.9712 -0.2241 0.0807 91 123 78
0.035433 -0.255906 -0.011811 0.7271 -0.5846 0.3600 115 141 103
0.035433 -0.255906 -0.003937 0.9462 -0.3126 0.0839 106 135 92
0.035433 -0.255906 0.003937 0.9677 -0.2161 0.1296 97 129 84
0.035433 -0.248031 -0.003937 0.9091 -0.3600 0.2095 105 134 93
0.035433 -0.248031 0.003937 0.9413 0.3121 -0.1285 97 129 84
0.035433 -0.240157 -0.003937 0.8214 0.2655 -0.5048 103 131 90
0.035433 -0.240157 0.003937 0.1065 0.9413 0.3202 97 128 84
0.035433 -0.232283 -0.003937 -0.7886 0.6066 -0.1005 102 127 89
0.035433 0.161417 0.051181 0.5123 -0.0594 0.8568 168 102 103
0.035433 0.169291 0.051181 0.6888 0.4246 0.5876 171 110 90
0.035433 0.169291 0.074803 0.7217 -0.6480 -0.2432 161 97 95
0.035433 0.177165 -0.035433 0.7702 -0.5283 -0.3574 170 109 100
0.035433 0.177165 -0.027559 0.8251 -0.5628 -0.0507 177 97 87
0.035433 0.177165 -0.019685 0.9354 -0.3141 0.1623 161 101 90
0.035433 0.177165 -0.011811 0.9505 -0.2203 0.2193 169 113 105
0.035433 0.177165 -0.003937 0.9344 0.1970 0.2966 147 89 82
0.035433 0.177165 0.051181 0.6839 0.3421 0.6444 166 115 104
0.035433 0.177165 0.059055 0.7045 0.3760 0.6019 182 109 94
0.035433 0.177165 0.066929 0.7045 0.3873 0.5947 168 97 82
0.035433 0.177165 0.074803 0.9183 -0.1342 -0.3725 170 91 83
0.035433 0.177165 0.082677 0.5887 0.0812 -0.8042 168 78 79
0.035433 0.185039 -0.019685 0.9112 -0.3488 0.2194 180 95 80
0.035433 0.185039 -0.011811 0.9139 -0.3337 0.2312 178 92 72
0.035433 0.185039 -0.003937 0.9632 0.1184 0.2414 160 86 76
0.035433 0.185039 0.003937 0.9092 0.3204 0.2658 158 125 106
0.035433 0.185039 0.011811 0.8487 0.4177 0.3244 165 135 117
0.035433 0.185039 0.019685 0.8578 0.3727 0.3539 145 108 91
0.035433 0.185039 0.027559 0.7711 0.3388 0.5392 156 109 102
0.035433 0.185039 0.035433 0.7599 0.3532 0.5457 168 119 110
0.035433 0.185039 0.043307 0.8208 0.1968 0.5363 155 129 120
0.035433 0.185039 0.051181 0.6839 0.4029 0.6082 158 132 122
0.035433 0.185039 0.066929 0.6397 0.4265 0.6395 148 65 65
0.035433 0.185039 0.074803 0.8281 0.3244 -0.4572 145 54 52
0.035433 0.185039 0.082677 0.5457 0.2233 -0.8077 169 87 83
0.035433 0.192913 -0.027559 0.9858 -0.0502 0.1604 171 106 87
0.035433 0.192913 -0.019685 0.9381 -0.2744 0.2114 171 101 81
0.035433 0.192913 -0.011811 0.9832 -0.0577 0.1731 179 103 94
0.035433 0.192913 0.003937 0.9486 0.1062 0.2981 162 95 95
0.035433 0.192913 0.011811 0.9173 0.2678 0.2948 153 99 97
0.035433 0.192913 0.019685 0.8213 0.3122 0.4774 144 114 96
0.035433 0.192913 0.027559 0.7443 0.3404 0.5745 139 111 93
0.035433 0.192913 0.051181 0.6767 0.3641 0.6399 159 102 94
0.035433 0.192913 0.059055 0.6709 0.4565 0.5843 159 75 76
0.035433 0.192913 0.066929 0.5965 0.5347 0.5986 158 73 76
0.035433 0.192913 0.074803 0.8636 0.2573 -0.4336 131 79 75
0.035433 0.200787 -0.066929 0.8717 -0.3173 -0.3736 164 113 92
0.035433 0.200787 -0.059055 0.8147 -0.3366 -0.4722 156 108 87
0.035433 0.200787 -0.051181 0.7363 -0.5256 0.4262 163 129 109
0.035433 0.200787 -0.035433 0.8762 0.4469 0.1805 163 116 101
0.035433 0.200787 -0.027559 0.8710 0.4457 0.2066 175 124 114
0.035433 0.200787 -0.019685 0.8604 0.4492 0.2404 179 127 117
0.035433 0.200787 -0.011811 0.8716 0.4228 0.2480 183 98 88
0.035433 0.200787 -0.003937 0.6628 0.7416 0.1032 182 108 95
0.035433 0.200787 0.011811 0.6642 0.7295 0.1634 163 100 89
0.035433 0.200787 0.019685 0.6461 0.6461 0.4064 139 106 98
0.035433 0.200787 0.027559 0.6006 0.6754 0.4278 132 112 92
0.035433 0.200787 0.035433 0.5152 0.7174 0.4690 155 114 101
0.035433 0.200787 0.043307 0.4420 0.7376 0.5105 155 114 93
0.035433 0.200787 0.051181 0.6152 0.6417 0.4580 168 141 119
0.035433 0.208661 -0.066929 0.8502 -0.3067 -0.4280 162 115 100
0.035433 0.208661 -0.059055 0.7996 -0.5742 0.1759 175 126 108
0.035433 0.208661 -0.051181 0.7950 -0.6030 0.0663 161 116 98
0.035433 0.208661 -0.043307 0.8417 0.4930 0.2203 163 110 97
0.035433 0.208661 -0.035433 0.8528 0.4643 0.2390 161 101 96
0.035433 0.208661 -0.019685 0.8448 0.4752 0.2459 194 99 95
0.035433 0.208661 -0.011811 0.8594 0.4728 0.1947 184 92 92
0.035433 0.208661 -0.003937 0.6412 0.7616 0.0940 169 99 88
0.035433 0.208661 0.003937 0.6560 0.7395 0.1513 160 88 85
0.035433 0.208661 0.011811 0.6508 0.7406 0.1674 167 103 91
0.035433 0.208661 0.027559 0.6536 0.6146 0.4416 160 108 91
0.035433 0.208661 0.035433 0.6436 0.6143 0.4565 148 93 78
0.035433 0.208661 0.043307 0.5598 0.6752 0.4803 180 109 90
0.035433 0.208661 0.051181 0.4876 0.7083 0.5105 186 126 108
0.035433 0.208661 0.059055 0.5789 0.6711 0.4632 159 111 96
0.035433 0.208661 0.074803 0.4718 0.8802 0.0508 143 97 93
0.035433 0.216535 -0.090551 -0.3923 -0.1471 -0.9080 148 121 106
0.035433 0.216535 -0.066929 0.8675 -0.2179 -0.4472 151 106 93
0.035433 0.216535 -0.059055 0.7592 -0.6119 0.2220 163 93 73
0.035433 0.216535 -0.051181 0.8055 -0.5025 0.3140 169 110 95
0.035433 0.216535 -0.043307 0.8630 0.4385 0.2508 169 111 98
0.035433 0.216535 -0.035433 0.8522 0.4544 0.2595 168 95 93
0.035433 0.216535 -0.019685 0.8530 0.4650 0.2369 182 102 97
0.035433 0.216535 -0.011811 0.8196 0.5714 0.0416 177 100 87
0.035433 0.216535 -0.003937 0.6395 0.7626 0.0974 176 112 99
0.035433 0.216535 0.003937 0.6550 0.7402 0.1521 178 107 106
0.035433 0.216535 0.011811 0.6449 0.7464 0.1646 158 98 93
0.035433 0.216535 0.019685 0.6545 0.7272 0.2067 162 91 76
0.035433 0.216535 0.027559 0.6444 0.6123 0.4580 173 87 76
0.035433 0.216535 0.035433 0.6293 0.6151 0.4750 161 88 74
0.035433 0.216535 0.043307 0.5709 0.6609 0.4871 168 99 87
0.035433 0.216535 0.051181 0.5227 0.6834 0.5096 169 119 102
0.035433 0.216535 0.059055 0.7288 0.5367 0.4252 176 118 102
0.035433 0.216535 0.066929 0.6449 0.6733 0.3616 167 118 99
0.035433 0.216535 0.074803 0.5068 0.8488 0.1510 175 110 104
0.035433 0.224409 -0.082677 -0.3440 -0.1437 -0.9279 134 117 100
0.035433 0.224409 -0.074803 0.8515 -0.3309 -0.4067 144 119 106
0.035433 0.224409 -0.059055 0.7636 -0.6292 0.1450 154 122 111
0.035433 0.224409 -0.051181 0.9474 0.1250 0.2946 163 92 76
0.035433 0.224409 -0.043307 0.8521 0.4446 0.2761 162 81 67
0.035433 0.224409 -0.035433 0.8547 0.4412 0.2736 176 76 69
0.035433 0.224409 -0.027559 0.8682 0.4240 0.2578 177 83 77
0.035433 0.224409 -0.019685 0.9013 0.3936 0.1812 172 99 92
0.035433 0.224409 -0.011811 0.6365 0.7697 -0.0498 178 110 97
0.035433 0.224409 -0.003937 0.6471 0.7553 0.1039 165 87 82
0.035433 0.224409 0.003937 0.6423 0.7535 0.1405 176 91 86
0.035433 0.224409 0.011811 0.6339 0.7551 0.1671 155 83 78
0.035433 0.224409 0.019685 0.6306 0.7514 0.1945 171 74 70
0.035433 0.224409 0.027559 0.6377 0.6243 0.4513 167 91 78
0.035433 0.224409 0.035433 0.6211 0.6242 0.4740 162 126 107
0.035433 0.224409 0.043307 0.5737 0.6508 0.4973 166 121 104
0.035433 0.224409 0.051181 0.5465 0.6691 0.5036 155 121 110
0.035433 0.224409 0.059055 0.7051 0.5014 0.5015 172 125 114
0.035433 0.224409 0.066929 0.7430 0.5440 0.3898 171 109 93
0.035433 0.224409 0.074803 0.7586 0.6451 0.0911 179 109 92
0.035433 0.232283 -0.074803 0.8326 -0.2470 -0.4958 141 126 109
0.035433 0.232283 -0.066929 0.6699 -0.7410 0.0464 156 111 101
0.035433 0.232283 -0.059055 0.7437 -0.6664 0.0533 150 117 105
0.035433 0.232283 -0.051181 0.8704 0.3844 0.3077 171 116 105
0.035433 0.232283 -0.043307 0.9039 0.3582 0.2340 178 90 89
0.035433 0.232283 -0.035433 0.8885 0.3628 0.2809 176 123 116
0.035433 0.232283 -0.027559 0.9001 0.3507 0.2583 171 109 101
0.035433 0.232283 -0.019685 0.8388 0.4620 -0.2880 173 81 75
0.035433 0.232283 -0.011811 0.6317 0.7750 0.0184 182 105 98
0.035433 0.232283 -0.003937 0.6536 0.7476 0.1179 167 111 108
0.035433 0.232283 0.011811 0.6460 0.7443 0.1695 176 109 102
0.035433 0.232283 0.027559 0.6192 0.6503 0.4402 162 100 95
0.035433 0.232283 0.035433 0.6177 0.6189 0.4851 159 124 104
0.035433 0.232283 0.043307 0.5980 0.6335 0.4910 164 128 111
0.035433 0.232283 0.066929 0.4873 0.6450 0.5887 165 122 106
0.035433 0.240157 -0.066929 0.2148 -0.9694 -0.1191 161 112 95
0.035433 0.240157 -0.051181 0.9077 -0.4197 -0.0051 170 97 96
0.035433 0.240157 -0.043307 0.8343 -0.5512 0.0136 162 103 88
0.035433 0.240157 -0.019685 0.7637 0.2654 -0.5885 172 105 102
0.035433 0.240157 -0.011811 0.8684 0.4341 -0.2396 182 97 89
0.035433 0.240157 -0.003937 0.8147 0.5641 -0.1342 176 90 83
0.035433 0.240157 0.003937 0.7405 0.6690 -0.0636 169 112 101
0.035433 0.240157 0.011811 0.7852 0.6179 -0.0394 159 111 103
0.035433 0.248031 -0.059055 0.7564 -0.6395 -0.1375 168 114 115
0.035433 0.248031 -0.051181 0.7996 -0.6001 -0.0240 166 110 100
0.035433 0.248031 -0.019685 0.5627 0.0477 -0.8253 153 113 108
0.035433 0.248031 -0.011811 0.7952 0.2879 -0.5336 166 103 92
0.035433 0.248031 -0.003937 0.8900 0.2721 -0.3658 160 91 77
0.043307 -0.303150 -0.003937 0.9053 -0.2613 -0.3349 89 115 80
0.043307 -0.295276 -0.003937 0.9447 -0.3227 -0.0590 101 128 89
0.043307 -0.287402 -0.011811 0.5436 -0.4975 0.6760 116 141 103
0.043307 -0.287402 -0.003937 0.9250 -0.3368 0.1757 107 137 94
0.043307 -0.287402 0.003937 0.9749 -0.1961 0.1051 85 116 75
0.043307 -0.279528 -0.003937 0.8137 -0.4633 0.3511 108 137 93
0.043307 -0.279528 0.003937 0.9819 -0.1758 0.0709 85 117 71
0.043307 -0.271654 -0.003937 0.5954 -0.5316 0.6024 105 133 92
0.043307 -0.271654 0.003937 0.8005 0.5739 0.1727 95 125 81
0.043307 -0.263780 0.003937 -0.0640 0.9257 0.3728 94 122 80
0.043307 0.177165 -0.011811 0.9287 -0.3025 0.2147 159 105 96
0.043307 0.177165 -0.003937 0.9446 0.2057 0.2557 147 95 80
0.043307 0.177165 0.003937 0.9066 0.3404 0.2492 150 101 86
0.043307 0.177165 0.019685 0.8575 0.3852 0.3410 142 112 95
0.043307 0.177165 0.059055 0.7776 0.2570 0.5739 163 121 103
0.043307 0.177165 0.066929 0.5871 0.5395 0.6035 160 119 100
0.043307 0.177165 0.074803 0.8456 0.2585 -0.4670 158 77 70
0.043307 0.177165 0.082677 0.4200 -0.1367 -0.8972 169 74 72
0.043307 0.185039 -0.019685 0.9066 -0.3605 0.2193 171 113 102
0.043307 0.185039 -0.011811 0.9171 -0.3301 0.2237 172 106 96
0.043307 0.185039 -0.003937 0.9717 0.0753 0.2237 156 88 80
0.043307 0.185039 0.003937 0.9334 0.2355 0.2708 160 110 99
0.043307 0.185039 0.011811 0.8633 0.3538 0.3598 149 106 100
0.043307 0.185039 0.043307 0.8579 0.1272 0.4979 142 128 115
0.043307 0.185039 0.051181 0.8952 0.1310 0.4259 155 130 118
0.043307 0.185039 0.074803 0.8793 0.2544 -0.4026 157 86 85
0.043307 0.185039 0.082677 0.3309 0.0929 -0.9391 159 107 102
0.043307 0.192913 -0.027559 0.8623 -0.4152 0.2900 177 97 86
0.043307 0.192913 -0.019685 0.8964 -0.3616 0.2563 166 93 80
0.043307 0.192913 -0.011811 0.8860 -0.3640 0.2871 179 87 79
0.043307 0.192913 -0.003937 0.9587 0.1038 0.2650 154 79 75
0.043307 0.192913 0.003937 0.9480 0.0728 0.3097 147 90 80
0.043307 0.192913 0.011811 0.9338 0.1519 0.3238 149 123 118
0.043307 0.192913 0.019685 0.8300 0.2208 0.5121 147 115 108
0.043307 0.192913 0.027559 0.7523 0.3503 0.5580 155 121 102
0.043307 0.192913 0.051181 0.8277 0.2751 0.4891 164 105 99
0.043307 0.192913 0.059055 0.6221 0.5076 0.5961 160 85 85
0.043307 0.192913 0.066929 0.5834 0.5475 0.5999 150 86 92
0.043307 0.200787 -0.066929 0.8486 -0.3895 -0.3579 170 118 102
0.043307 0.200787 -0.051181 0.5980 -0.7278 0.3358 151 108 89
0.043307 0.200787 -0.035433 0.8683 0.4279 0.2509 164 104 90
0.043307 0.200787 -0.027559 0.8613 0.3987 0.3149 165 99 83
0.043307 0.200787 -0.019685 0.8760 0.4067 0.2591 183 100 88
0.043307 0.200787 -0.011811 0.8482 0.4505 0.2786 176 95 90
0.043307 0.200787 -0.003937 0.6636 0.7394 0.1139 157 102 89
0.043307 0.200787 0.011811 0.6683 0.7239 0.1712 156 92 77
0.043307 0.200787 0.019685 0.6268 0.6354 0.4510 157 92 90
0.043307 0.200787 0.027559 0.6831 0.5634 0.4646 164 95 94
0.043307 0.200787 0.035433 0.5426 0.6839 0.4877 163 105 88
0.043307 0.200787 0.043307 0.5764 0.5866 0.5689 160 122 105
0.043307 0.200787 0.051181 0.7281 0.3358 0.5976 168 144 129
0.043307 0.200787 0.059055 0.6841 0.5376 0.4930 159 136 115
0.043307 0.208661 -0.074803 0.8740 -0.3431 -0.3441 153 126 113
0.043307 0.208661 -0.066929 0.8455 -0.3635 -0.3911 176 114 94
0.043307 0.208661 -0.059055 0.7306 -0.6356 0.2494 170 104 91
0.043307 0.208661 -0.043307 0.8571 0.4166 0.3030 170 124 110
0.043307 0.208661 -0.035433 0.8505 0.4545 0.2647 170 118 111
0.043307 0.208661 -0.027559 0.8469 0.4613 0.2645 182 127 116
0.043307 0.208661 -0.019685 0.8506 0.4582 0.2578 180 89 86
0.043307 0.208661 -0.011811 0.8567 0.4901 0.1607 168 84 87
0.043307 0.208661 -0.003937 0.6441 0.7586 0.0983 170 89 86
0.043307 0.208661 0.003937 0.6592 0.7351 0.1584 168 94 86
0.043307 0.208661 0.011811 0.6557 0.7335 0.1792 164 90 78
0.043307 0.208661 0.019685 0.6349 0.7116 0.3009 160 93 84
0.043307 0.208661 0.027559 0.6589 0.6012 0.4522 169 97 94
0.043307 0.208661 0.035433 0.6173 0.6351 0.4643 178 130 106
0.043307 0.208661 0.043307 0.5621 0.6787 0.4727 158 119 98
0.043307 0.216535 -0.090551 0.6021 -0.0596 -0.7962 139 125 108
0.043307 0.216535 -0.082677 0.8993 -0.3370 -0.2788 145 124 109
0.043307 0.216535 -0.074803 0.8658 -0.3309 -0.3754 149 113 96
0.043307 0.216535 -0.066929 0.8171 -0.2779 -0.5051 160 125 107
0.043307 0.216535 -0.059055 0.6281 -0.7406 0.2386 170 98 83
0.043307 0.216535 -0.051181 0.7085 -0.5197 0.4775 174 94 88
0.043307 0.216535 -0.043307 0.8409 0.4381 0.3179 180 108 105
0.043307 0.216535 -0.035433 0.8651 0.4272 0.2630 183 96 94
0.043307 0.216535 -0.027559 0.8496 0.4435 0.2854 187 87 78
0.043307 0.216535 -0.019685 0.8545 0.4560 0.2489 177 89 81
0.043307 0.216535 -0.011811 0.7538 0.6565 0.0288 168 77 70
0.043307 0.216535 -0.003937 0.6313 0.7659 0.1216 156 82 76
0.043307 0.216535 0.003937 0.6443 0.7490 0.1544 160 78 71
0.043307 0.216535 0.011811 0.6345 0.7513 0.1814 162 106 97
0.043307 0.216535 0.019685 0.6344 0.7427 0.2143 173 97 87
0.043307 0.216535 0.027559 0.6316 0.6168 0.4697 175 86 81
0.043307 0.216535 0.035433 0.5669 0.6633 0.4885 172 115 104
0.043307 0.216535 0.043307 0.5580 0.6728 0.4858 174 112 104
0.043307 0.216535 0.051181 0.5496 0.6726 0.4955 180 116 103
0.043307 0.216535 0.059055 0.7265 0.5425 0.4217 170 116 101
0.043307 0.216535 0.066929 0.6555 0.6647 0.3585 158 116 98
0.043307 0.216535 0.074803 0.5515 0.8174 0.1666 173 126 111
0.043307 0.224409 -0.066929 0.8247 -0.5447 0.1522 158 136 113
0.043307 0.224409 -0.059055 0.7034 -0.6940 0.1536 157 121 106
0.043307 0.224409 -0.051181 0.8440 0.3917 0.3665 175 111 101
0.043307 0.224409 -0.043307 0.8361 0.4534 0.3087 172 83 79
0.043307 0.224409 -0.035433 0.8642 0.4259 0.2679 172 81 75
0.043307 0.224409 -0.027559 0.8642 0.4215 0.2749 176 82 77
0.043307 0.224409 -0.019685 0.9010 0.4120 0.1361 183 95 94
0.043307 0.224409 -0.003937 0.6488 0.7507 0.1246 159 83 81
0.043307 0.224409 0.003937 0.6398 0.7554 0.1416 165 84 74
0.043307 0.224409 0.011811 0.6319 0.7512 0.1911 154 91 79
0.043307 0.224409 0.019685 0.6195 0.7590 0.2003 168 83 81
0.043307 0.224409 0.027559 0.6060 0.6335 0.4811 166 82 80
0.043307 0.224409 0.035433 0.5710 0.6627 0.4845 176 99 92
0.043307 0.224409 0.043307 0.5638 0.6605 0.4959 181 112 94
0.043307 0.224409 0.051181 0.5592 0.6645 0.4957 162 115 92
0.043307 0.224409 0.059055 0.6644 0.5310 0.5259 163 119 101
0.043307 0.224409 0.066929 0.7202 0.5534 0.4185 169 127 110
0.043307 0.232283 -0.074803 0.9047 -0.2507 -0.3445 149 126 109
0.043307 0.232283 -0.043307 0.8485 0.4407 0.2930 160 98 89
0.043307 0.232283 -0.035433 0.8776 0.4011 0.2626 168 110 99
0.043307 0.232283 -0.027559 0.8820 0.4090 0.2340 161 105 98
0.043307 0.232283 -0.019685 0.7929 0.4790 -0.3767 173 86 75
0.043307 0.232283 -0.011811 0.6474 0.7610 0.0411 177 104 99
0.043307 0.232283 0.003937 0.6406 0.7557 0.1359 163 98 87
0.043307 0.232283 0.011811 0.6478 0.7433 0.1670 151 96 90
0.043307 0.232283 0.019685 0.6416 0.7459 0.1790 163 89 89
0.043307 0.232283 0.027559 0.5848 0.6890 0.4281 182 107 108
0.043307 0.232283 0.059055 0.5267 0.4903 0.6944 160 124 111
0.043307 0.240157 -0.066929 0.5326 -0.8417 -0.0888 149 116 106
0.043307 0.240157 -0.051181 0.9905 0.0448 0.1301 166 97 87
0.043307 0.240157 -0.043307 0.8943 0.3517 0.2765 177 109 97
0.043307 0.240157 -0.019685 0.7464 0.5319 -0.3999 177 119 118
0.043307 0.240157 -0.011811 0.6815 0.7310 0.0350 174 94 88
0.043307 0.240157 -0.003937 0.6669 0.7396 0.0909 172 98 94
0.043307 0.240157 0.019685 0.6443 0.7408 0.1899 155 90 83
0.043307 0.248031 -0.051181 0.7343 -0.6789 -0.0008 168 115 106
0.043307 0.248031 -0.019685 0.5709 0.1036 -0.8144 169 121 119
0.051181 -0.334646 -0.003937 0.7059 -0.3204 -0.6317 107 131 99
0.051181 -0.326772 -0.003937 0.8972 -0.4104 -0.1629 100 127 90
0.051181 -0.318898 -0.003937 0.9019 -0.4291 -0.0499 98 125 88
0.051181 -0.311024 -0.003937 0.8171 -0.5518 0.1667 98 129 86
0.051181 -0.311024 0.003937 0.9345 -0.2446 0.2585 82 116 71
0.051181 -0.303150 -0.003937 0.6023 -0.6793 0.4193 104 132 94
0.051181 -0.303150 0.003937 0.9842 0.0363 0.1735 81 115 67
0.051181 -0.295276 0.003937 0.1279 0.8860 0.4457 83 117 70
0.051181 -0.287402 0.003937 -0.8371 0.3527 0.4182 88 116 79
0.051181 0.177165 -0.003937 0.9704 0.0673 0.2318 146 84 78
0.051181 0.177165 0.003937 0.9273 0.2754 0.2537 163 104 96
0.051181 0.177165 0.066929 0.8420 0.2806 0.4607 143 93 85
0.051181 0.185039 -0.019685 0.9534 -0.1726 0.2473 159 112 95
0.051181 0.185039 -0.011811 0.8963 -0.3684 0.2468 183 114 103
0.051181 0.185039 -0.003937 0.9830 0.0428 0.1783 162 93 82
0.051181 0.185039 0.003937 0.9469 0.1333 0.2927 158 117 105
0.051181 0.185039 0.019685 0.8779 0.3045 0.3695 142 111 100
0.051181 0.185039 0.027559 0.7682 0.3224 0.5531 148 111 102
0.051181 0.185039 0.035433 0.7712 0.3491 0.5324 147 121 112
0.051181 0.192913 -0.027559 0.7325 0.3608 0.5773 166 109 96
0.051181 0.192913 -0.019685 0.9245 -0.2016 0.3236 159 118 111
0.051181 0.192913 -0.011811 0.8819 -0.3854 0.2716 168 87 87
0.051181 0.192913 -0.003937 0.9736 0.0072 0.2282 162 94 87
0.051181 0.192913 0.003937 0.9581 0.0368 0.2840 173 108 103
0.051181 0.192913 0.011811 0.9550 0.0926 0.2817 166 113 95
0.051181 0.192913 0.019685 0.8281 0.2701 0.4912 154 122 106
0.051181 0.192913 0.027559 0.7756 0.2869 0.5622 146 129 112
0.051181 0.192913 0.043307 0.6410 0.4998 0.5825 160 106 97
0.051181 0.192913 0.059055 0.8213 0.3092 0.4795 180 119 107
0.051181 0.200787 -0.074803 0.8616 -0.4083 -0.3016 158 127 123
0.051181 0.200787 -0.066929 0.8305 -0.4283 -0.3561 170 128 123
0.051181 0.200787 -0.035433 0.8132 0.3490 0.4657 161 99 94
0.051181 0.200787 -0.027559 0.7945 0.3924 0.4634 166 102 99
0.051181 0.200787 -0.019685 0.9377 -0.1332 0.3209 169 81 82
0.051181 0.200787 -0.011811 0.8944 -0.3471 0.2822 168 86 83
0.051181 0.200787 -0.003937 0.9498 0.3006 0.0869 158 102 88
0.051181 0.200787 0.011811 0.9502 0.2499 0.1863 175 112 98
0.051181 0.200787 0.027559 0.8114 0.2679 0.5195 166 99 96
0.051181 0.200787 0.035433 0.7034 0.3778 0.6020 163 86 86
0.051181 0.200787 0.043307 0.6141 0.5108 0.6017 170 112 98
0.051181 0.200787 0.051181 0.7145 0.3024 0.6309 162 132 117
0.051181 0.208661 -0.074803 0.8574 -0.4173 -0.3011 164 131 124
0.051181 0.208661 -0.066929 0.8270 -0.4192 -0.3746 180 128 122
0.051181 0.208661 -0.059055 0.6996 -0.6520 0.2925 181 111 97
0.051181 0.208661 -0.043307 0.8260 0.4039 0.3932 166 110 96
0.051181 0.208661 -0.035433 0.8236 0.3938 0.4083 165 90 82
0.051181 0.208661 -0.027559 0.8388 0.4322 0.3310 168 91 86
0.051181 0.208661 -0.019685 0.8409 0.4586 0.2874 173 89 86
0.051181 0.208661 -0.011811 0.8406 0.5299 0.1124 163 92 90
0.051181 0.208661 -0.003937 0.6472 0.7527 0.1212 160 103 88
0.051181 0.208661 0.003937 0.6692 0.7257 0.1599 172 106 97
0.051181 0.208661 0.011811 0.6736 0.7194 0.1695 175 103 88
0.051181 0.208661 0.019685 0.6534 0.7119 0.2575 176 105 91
0.051181 0.208661 0.027559 0.6167 0.6476 0.4476 173 100 98
0.051181 0.208661 0.035433 0.5898 0.6632 0.4608 165 103 97
0.051181 0.216535 -0.074803 0.8525 -0.4092 -0.3252 156 118 108
0.051181 0.216535 -0.066929 0.8546 -0.3475 -0.3859 166 123 115
0.051181 0.216535 -0.059055 0.5975 -0.7609 0.2530 174 116 112
0.051181 0.216535 -0.051181 0.7691 -0.3568 0.5303 173 95 95
0.051181 0.216535 -0.043307 0.8330 0.3931 0.3893 176 97 94
0.051181 0.216535 -0.035433 0.8434 0.3890 0.3705 170 93 90
0.051181 0.216535 -0.027559 0.8567 0.4130 0.3091 175 89 83
0.051181 0.216535 -0.019685 0.8631 0.4305 0.2640 163 84 82
0.051181 0.216535 -0.011811 0.6839 0.7288 0.0347 164 80 79
0.051181 0.216535 -0.003937 0.6438 0.7556 0.1208 152 75 67
0.051181 0.216535 0.003937 0.6364 0.7526 0.1693 161 61 55
0.051181 0.216535 0.011811 0.6309 0.7501 0.1980 171 80 74
0.051181 0.216535 0.019685 0.5775 0.7689 0.2745 197 101 98
0.051181 0.216535 0.027559 0.5684 0.6710 0.4761 183 107 102
0.051181 0.216535 0.035433 0.5813 0.6578 0.4790 164 119 118
0.051181 0.216535 0.043307 0.5754 0.6585 0.4850 150 118 110
0.051181 0.224409 -0.066929 0.7393 -0.6169 0.2699 169 123 114
0.051181 0.224409 -0.059055 0.7087 -0.6871 0.1599 175 129 125
0.051181 0.224409 -0.051181 0.8177 0.4185 0.3953 170 105 103
0.051181 0.224409 -0.043307 0.8435 0.3777 0.3819 173 75 66
0.051181 0.224409 -0.035433 0.8351 0.4018 0.3757 178 88 82
0.051181 0.224409 -0.027559 0.8618 0.4132 0.2942 170 93 89
0.051181 0.224409 -0.019685 0.9047 0.4248 -0.0311 173 79 79
0.051181 0.224409 -0.011811 0.6321 0.7745 0.0247 161 92 81
0.051181 0.224409 -0.003937 0.6464 0.7518 0.1301 157 90 82
0.051181 0.224409 0.003937 0.6374 0.7555 0.1515 166 70 65
0.051181 0.224409 0.011811 0.6109 0.7552 0.2375 160 80 72
0.051181 0.224409 0.019685 0.5573 0.7827 0.2772 179 85 73
0.051181 0.224409 0.027559 0.5698 0.6728 0.4719 180 100 96
0.051181 0.224409 0.035433 0.5885 0.6576 0.4704 173 124 114
0.051181 0.224409 0.043307 0.5708 0.6562 0.4936 177 120 104
0.051181 0.232283 -0.051181 0.8469 0.3938 0.3574 167 110 110
0.051181 0.232283 -0.043307 0.8536 0.3908 0.3444 159 96 87
0.051181 0.232283 -0.019685 0.7820 0.5058 -0.3642 167 94 86
0.051181 0.232283 -0.011811 0.6529 0.7540 0.0716 164 89 79
0.051181 0.232283 -0.003937 0.6600 0.7405 0.1269 161 78 67
0.051181 0.232283 0.011811 0.6172 0.7632 0.1916 168 101 93
0.051181 0.232283 0.019685 0.5746 0.7750 0.2629 184 94 85
0.051181 0.232283 0.027559 0.5552 0.7388 0.3819 176 112 110
0.051181 0.232283 0.035433 0.5846 0.6537 0.4806 172 108 106
0.051181 0.232283 0.051181 0.5765 0.6532 0.4909 173 102 99
0.051181 0.240157 -0.051181 0.8768 0.3485 0.3313 150 95 92
0.051181 0.240157 -0.019685 0.7226 0.6016 -0.3403 176 115 113
0.051181 0.240157 0.003937 0.6524 0.7406 0.1606 157 94 90
0.051181 0.240157 0.019685 0.5894 0.7661 0.2564 167 119 115
0.051181 0.240157 0.043307 0.5645 0.6451 0.5149 154 121 108
0.059055 -0.334646 -0.003937 0.7307 -0.6804 -0.0565 110 138 98
0.059055 -0.326772 -0.003937 0.5303 -0.8081 0.2565 107 133 95
0.059055 -0.318898 0.003937 -0.6884 -0.0215 0.7250 78 104 63
0.059055 -0.311024 0.003937 -0.8436 0.0745 0.5318 80 110 71
0.059055 0.177165 -0.019685 0.7915 0.3450 0.5045 158 116 111
0.059055 0.185039 -0.011811 0.7643 0.3158 0.5623 175 105 101
0.059055 0.185039 -0.003937 0.9804 0.0155 0.1965 160 91 84
0.059055 0.185039 0.003937 0.9567 0.0392 0.2885 166 124 116
0.059055 0.185039 0.011811 0.9417 0.1538 0.2992 147 125 119
0.059055 0.185039 0.019685 0.8925 0.2297 0.3881 152 118 110
0.059055 0.185039 0.027559 0.7700 0.3381 0.5411 142 115 102
0.059055 0.185039 0.043307 0.6310 0.4986 0.5944 149 135 132
0.059055 0.192913 -0.027559 0.7714 0.3753 0.5139 160 111 105
0.059055 0.192913 -0.011811 0.7477 0.3201 0.5818 163 90 89
0.059055 0.192913 -0.003937 0.9105 0.3200 0.2618 172 126 108
0.059055 0.192913 0.003937 0.9579 0.0161 0.2866 161 117 106
0.059055 0.192913 0.011811 0.9520 0.0778 0.2959 162 115 100
0.059055 0.192913 0.019685 0.8243 0.2232 0.5203 153 125 110
0.059055 0.192913 0.027559 0.7673 0.3522 0.5360 153 112 99
0.059055 0.192913 0.035433 0.6841 0.4554 0.5698 169 103 106
0.059055 0.200787 -0.066929 0.8164 -0.4619 -0.3467 175 107 101
0.059055 0.200787 -0.035433 0.7970 0.3305 0.5055 158 109 109
0.059055 0.200787 -0.011811 0.7305 0.3850 0.5640 177 105 111
0.059055 0.200787 -0.003937 0.9007 0.2999 0.3144 171 120 108
0.059055 0.200787 0.003937 0.9351 -0.0160 0.3539 179 115 103
0.059055 0.200787 0.011811 0.9445 0.0954 0.3143 176 100 89
0.059055 0.200787 0.027559 0.7255 0.3453 0.5953 167 89 86
0.059055 0.200787 0.035433 0.7130 0.3521 0.6063 161 96 84
0.059055 0.200787 0.043307 0.6446 0.4385 0.6263 165 130 118
0.059055 0.208661 -0.059055 0.6469 -0.6991 0.3045 159 96 86
0.059055 0.208661 -0.051181 0.5846 -0.6980 0.4135 160 92 90
0.059055 0.208661 -0.043307 0.7917 0.4016 0.4603 171 105 105
0.059055 0.208661 -0.035433 0.7879 0.3803 0.4844 154 90 93
0.059055 0.208661 -0.027559 0.8065 0.3718 0.4597 158 84 84
0.059055 0.208661 -0.019685 0.8083 0.4059 0.4265 159 92 88
0.059055 0.208661 -0.011811 0.8167 0.5540 0.1616 164 91 89
0.059055 0.208661 -0.003937 0.6410 0.7519 0.1540 176 89 81
0.059055 0.208661 0.003937 0.6566 0.7136 0.2442 179 94 79
0.059055 0.208661 0.011811 0.6338 0.7383 0.2308 179 101 85
0.059055 0.208661 0.019685 0.5529 0.7766 0.3020 169 101 87
0.059055 0.208661 0.027559 0.5855 0.6622 0.4676 176 109 99
0.059055 0.208661 0.035433 0.5723 0.6601 0.4866 151 114 103
0.059055 0.216535 -0.059055 0.5702 -0.7760 0.2695 164 110 106
0.059055 0.216535 -0.051181 0.7572 -0.3714 0.5373 181 112 108
0.059055 0.216535 -0.043307 0.7950 0.4018 0.4545 167 86 84
0.059055 0.216535 -0.035433 0.7955 0.3850 0.4678 167 75 70
0.059055 0.216535 -0.027559 0.8372 0.3689 0.4038 161 76 74
0.059055 0.216535 -0.019685 0.8782 0.3483 0.3277 160 87 80
0.059055 0.216535 -0.011811 0.6422 0.7660 0.0273 167 93 87
0.059055 0.216535 -0.003937 0.6540 0.7416 0.1493 168 103 99
0.059055 0.216535 0.003937 0.5952 0.7677 0.2374 180 93 88
0.059055 0.216535 0.011811 0.5558 0.7889 0.2621 170 110 100
0.059055 0.216535 0.019685 0.5577 0.7819 0.2787 171 105 99
0.059055 0.224409 -0.059055 0.6844 -0.6992 0.2067 164 120 109
0.059055 0.224409 -0.043307 0.8241 0.3750 0.4246 160 71 67
0.059055 0.224409 -0.035433 0.8099 0.3712 0.4542 171 95 92
0.059055 0.224409 -0.027559 0.8414 0.3699 0.3940 163 90 86
0.059055 0.224409 -0.019685 0.8562 0.4660 -0.2230 168 86 77
0.059055 0.224409 -0.011811 0.6420 0.7635 0.0693 167 91 77
0.059055 0.224409 -0.003937 0.6231 0.7620 0.1764 172 72 68
0.059055 0.224409 0.003937 0.5588 0.7893 0.2546 170 76 67
0.059055 0.224409 0.011811 0.5524 0.7919 0.2602 170 89 83
0.059055 0.224409 0.019685 0.5712 0.7745 0.2719 182 88 80
0.059055 0.224409 0.027559 0.5783 0.6841 0.4445 175 103 99
0.059055 0.224409 0.043307 0.5594 0.6689 0.4896 159 127 120
0.059055 0.224409 0.051181 0.5615 0.6640 0.4938 158 129 119
0.059055 0.232283 -0.043307 0.8377 0.4010 0.3707 173 116 104
0.059055 0.232283 -0.019685 0.7545 0.5707 -0.3242 139 91 85
0.059055 0.232283 -0.011811 0.6481 0.7585 0.0684 160 82 78
0.059055 0.232283 -0.003937 0.6358 0.7463 0.1970 157 68 60
0.059055 0.232283 0.003937 0.5761 0.7777 0.2514 163 72 63
0.059055 0.232283 0.019685 0.5685 0.7796 0.2626 175 84 74
0.059055 0.232283 0.027559 0.5662 0.7626 0.3128 177 98 86
0.059055 0.232283 0.035433 0.5841 0.6573 0.4762 176 119 110
0.059055 0.240157 -0.019685 0.7168 0.6338 -0.2907 157 109 109
0.059055 0.240157 -0.011811 0.6688 0.7379 0.0910 152 75 68
0.059055 0.240157 -0.003937 0.6317 0.7639 0.1320 167 80 68
0.059055 0.240157 0.027559 0.5566 0.7777 0.2922 175 110 105
0.059055 0.248031 -0.011811 0.6651 0.7374 0.1180 164 98 94
0.059055 0.248031 -0.003937 0.6666 0.7310 0.1461 164 90 82
0.059055 0.248031 0.003937 0.6228 0.7456 0.2371 150 130 126
0.059055 0.255906 -0.011811 0.7329 0.6761 0.0756 168 117 114
0.066929 -0.326772 0.003937 -0.8061 0.1889 0.5609 112 127 105
0.066929 0.169291 -0.011811 0.7998 0.3203 0.5076 155 117 118
0.066929 0.177165 -0.019685 0.7984 0.3419 0.4956 171 116 111
0.066929 0.177165 -0.011811 0.7818 0.3137 0.5389 166 115 114
0.066929 0.185039 -0.019685 0.7904 0.3496 0.5030 163 110 105
0.066929 0.185039 -0.011811 0.7896 0.3015 0.5344 172 117 116
0.066929 0.185039 0.011811 0.9586 0.0850 0.2719 145 125 122
0.066929 0.185039 0.027559 0.7349 0.3947 0.5515 143 123 109
0.066929 0.192913 -0.035433 0.8288 0.3386 0.4454 157 118 108
0.066929 0.192913 -0.027559 0.7813 0.3531 0.5147 170 128 121
0.066929 0.192913 -0.011811 0.7851 0.2990 0.5424 169 113 107
0.066929 0.192913 -0.003937 0.5816 0.7205 0.3776 163 123 110
0.066929 0.192913 0.003937 0.5757 0.6956 0.4298 164 109 101
0.066929 0.192913 0.011811 0.9439 0.1193 0.3078 166 116 99
0.066929 0.192913 0.019685 0.7667 0.3053 0.5647 150 110 101
0.066929 0.192913 0.027559 0.7521 0.3411 0.5639 157 114 107
0.066929 0.192913 0.035433 0.7034 0.4216 0.5723 165 100 95
0.066929 0.192913 0.043307 0.6524 0.4783 0.5879 156 104 99
0.066929 0.200787 -0.059055 0.6259 -0.6992 0.3454 171 107 103
0.066929 0.200787 -0.011811 0.7912 0.4038 0.4593 171 124 120
0.066929 0.200787 -0.003937 0.5673 0.7433 0.3545 171 123 109
0.066929 0.200787 0.003937 0.5078 0.7257 0.4643 164 111 102
0.066929 0.200787 0.011811 0.8820 0.2196 0.4169 165 113 99
0.066929 0.200787 0.019685 0.8304 0.2617 0.4918 173 103 99
0.066929 0.200787 0.027559 0.7561 0.2886 0.5874 174 91 87
0.066929 0.208661 -0.051181 0.6891 -0.1225 0.7142 159 96 101
0.066929 0.208661 -0.035433 0.8105 0.3578 0.4638 148 99 107
0.066929 0.208661 -0.019685 0.7873 0.3620 0.4991 164 104 103
0.066929 0.208661 -0.003937 0.5745 0.7538 0.3188 166 94 97
0.066929 0.208661 0.003937 0.5089 0.7735 0.3778 176 92 88
0.066929 0.208661 0.011811 0.8409 0.4216 0.3394 178 101 88
0.066929 0.208661 0.019685 0.8309 0.3479 0.4342 177 92 80
0.066929 0.208661 0.027559 0.5310 0.6333 0.5630 174 98 90
0.066929 0.216535 -0.043307 0.8095 0.3555 0.4672 161 91 93
0.066929 0.216535 -0.035433 0.8092 0.3660 0.4596 162 86 81
0.066929 0.216535 -0.027559 0.7965 0.3537 0.4904 170 80 73
0.066929 0.216535 -0.019685 0.8950 0.3211 0.3096 180 88 81
0.066929 0.216535 -0.011811 0.6207 0.7775 0.1013 183 96 75
0.066929 0.216535 -0.003937 0.5528 0.7787 0.2967 160 88 78
0.066929 0.216535 0.003937 0.5266 0.7994 0.2891 174 95 88
0.066929 0.216535 0.011811 0.5601 0.7850 0.2647 166 114 104
0.066929 0.224409 -0.043307 0.8262 0.3493 0.4420 158 80 85
0.066929 0.224409 -0.035433 0.8219 0.3569 0.4439 171 121 118
0.066929 0.224409 -0.027559 0.8237 0.3606 0.4376 162 107 104
0.066929 0.224409 -0.019685 0.8169 0.5134 -0.2631 163 85 76
0.066929 0.224409 -0.011811 0.5853 0.7753 0.2371 177 107 99
0.066929 0.224409 -0.003937 0.5331 0.7915 0.2987 188 119 107
0.066929 0.224409 0.003937 0.5684 0.7815 0.2572 171 109 102
0.066929 0.224409 0.011811 0.6040 0.7578 0.2470 163 112 110
0.066929 0.224409 0.019685 0.5663 0.7811 0.2631 165 90 88
0.066929 0.232283 -0.019685 0.7436 0.6409 -0.1905 161 88 86
0.066929 0.232283 -0.011811 0.5557 0.7905 0.2573 167 75 65
0.066929 0.232283 -0.003937 0.5580 0.7817 0.2786 170 78 73
0.066929 0.232283 0.003937 0.5884 0.7706 0.2449 170 87 78
0.066929 0.232283 0.011811 0.5807 0.7731 0.2552 172 108 91
0.066929 0.240157 -0.019685 0.6860 0.6898 -0.2316 147 108 104
0.066929 0.240157 -0.011811 0.5612 0.7858 0.2600 155 78 80
0.066929 0.240157 0.019685 0.5611 0.7806 0.2752 163 111 110
0.066929 0.248031 -0.003937 0.5916 0.7622 0.2628 171 107 100
0.074803 0.192913 -0.019685 0.7735 0.3596 0.5218 152 124 127
0.074803 0.192913 -0.011811 0.7899 0.3049 0.5320 156 110 113
0.074803 0.192913 -0.003937 0.5623 0.7376 0.3739 160 119 107
0.074803 0.192913 0.011811 0.4475 0.7587 0.4735 164 130 111
0.074803 0.192913 0.027559 0.7805 0.2994 0.5489 164 112 100
0.074803 0.200787 -0.003937 0.5351 0.7670 0.3540 158 114 100
0.074803 0.200787 0.003937 0.4741 0.7725 0.4226 163 97 93
0.074803 0.200787 0.011811 0.4536 0.7716 0.4461 182 114 115
0.074803 0.200787 0.019685 0.4498 0.7348 0.5077 164 103 96
0.074803 0.208661 -0.019685 0.8114 0.3421 0.4738 159 97 96
0.074803 0.208661 -0.011811 0.6094 0.7374 0.2912 160 96 89
0.074803 0.208661 0.011811 0.4702 0.7757 0.4210 167 97 85
0.074803 0.216535 -0.027559 0.8130 0.3296 0.4801 171 95 91
0.074803 0.216535 -0.019685 0.8825 0.4271 0.1968 161 97 97
0.074803 0.216535 -0.011811 0.5174 0.8168 0.2554 174 109 107
0.074803 0.216535 -0.003937 0.5019 0.7964 0.3375 162 90 84
0.074803 0.216535 0.003937 0.5056 0.7881 0.3510 176 100 91
0.074803 0.224409 -0.019685 0.7348 0.6706 -0.1017 175 115 105
0.074803 0.224409 -0.011811 0.5194 0.7998 0.3010 171 118 109
0.074803 0.224409 -0.003937 0.5476 0.7785 0.3066 163 108 101
0.074803 0.232283 -0.019685 0.6602 0.7450 -0.0959 169 115 110
0.074803 0.232283 -0.011811 0.5536 0.7822 0.2858 178 94 86
0.074803 0.232283 -0.003937 0.5597 0.7723 0.3005 167 97 90
0.074803 0.240157 -0.011811 0.5684 0.7800 0.2618 167 92 90
0.074803 0.240157 -0.003937 0.5732 0.7673 0.2874 168 85 71
0.082677 0.192913 -0.003937 0.4839 0.7819 0.3930 150 129 125
0.082677 0.192913 0.011811 0.4858 0.7588 0.4338 165 125 113
0.082677 0.200787 -0.011811 0.6778 0.6259 0.3857 173 116 114
0.082677 0.200787 -0.003937 0.4684 0.7904 0.3947 152 103 99
0.082677 0.200787 0.003937 0.4522 0.7770 0.4380 169 112 108
0.082677 0.200787 0.011811 0.4642 0.7742 0.4304 166 114 102
0.090551 0.200787 0.003937 0.4929 0.7688 0.4075 142 112 106
